SKU,EBO_Qty,D2C_Qty,Total_Qty,Bagalur,EBO_Transfer,D2C_Transfer,Total_3PL_Transfer,Bhiwandi,Kolkata,Gurgaon
BJB137BL1030,0.0,6.0,6,6,0,0,0,0,0,0
BJB137BL1032,0.0,4.0,4,4,0,0,0,0,0,0
BJB137BL1034,0.0,17.0,17,17,0,0,0,0,0,0
BJB137BL1036,0.0,21.0,21,20,0,1,1,0,0,1
BJB137BL2030,0.0,5.0,5,5,0,0,0,0,0,0
BJB137BL2032,0.0,3.0,3,3,0,0,0,0,0,0
BJB137BL2034,0.0,14.0,14,14,0,0,0,0,0,0
BJB137BL2036,0.0,18.0,18,18,0,0,0,0,0,0
BJB137BTL030,0.0,11.0,11,11,0,0,0,0,0,0
BJB137BTL032,0.0,7.0,7,7,0,0,0,0,0,0
BJB137BTL034,0.0,12.0,12,12,0,0,0,0,0,0
BJB137BTL036,0.0,16.0,16,16,0,0,0,0,0,0
BJB137CNG030,0.0,6.0,6,6,0,0,0,0,0,0
BJB137CNG032,0.0,7.0,7,7,0,0,0,0,0,0
BJB137CNG034,0.0,12.0,12,12,0,0,0,0,0,0
BJB137CNG036,0.0,11.0,11,11,0,0,0,0,0,0
BJB137DSB030,0.0,7.0,7,7,0,0,0,0,0,0
BJB137DSB032,0.0,1.0,1,1,0,0,0,0,0,0
BJB137DSB034,0.0,10.0,10,10,0,0,0,0,0,0
BJB137DSB036,1.0,17.0,18,18,0,0,0,0,0,0
BJB137DTE030,0.0,6.0,6,6,0,0,0,0,0,0
BJB137DTE032,0.0,7.0,7,7,0,0,0,0,0,0
BJB137DTE034,0.0,13.0,13,13,0,0,0,0,0,0
BJB137DTE036,0.0,22.0,22,20,0,2,2,1,1,0
BJB139BLK030,0.0,10.0,10,10,0,0,0,0,0,0
BJB139BLK034,0.0,0.0,0,0,0,0,0,0,0,0
BJB139BLK036,0.0,0.0,0,0,0,0,0,0,0,0
BJB139BTE030,0.0,1.0,1,1,0,0,0,0,0,0
BJB139BTE032,0.0,2.0,2,2,0,0,0,0,0,0
BJB139BTE034,0.0,13.0,13,13,0,0,0,0,0,0
BJB139BTE036,0.0,6.0,6,6,0,0,0,0,0,0
BJB139LDN030,0.0,2.0,2,2,0,0,0,0,0,0
BJB139LDN034,0.0,3.0,3,3,0,0,0,0,0,0
BJB139LTG030,0.0,7.0,7,7,0,0,0,0,0,0
BJB139LTG032,0.0,3.0,3,3,0,0,0,0,0,0
BJB139LTG034,0.0,3.0,3,3,0,0,0,0,0,0
BJB139LTG036,0.0,1.0,1,1,0,0,0,0,0,0
BJB139LTN030,0.0,9.0,9,9,0,0,0,0,0,0
BJB139LTN034,0.0,0.0,0,0,0,0,0,0,0,0
BJB139LTN036,0.0,0.0,0,0,0,0,0,0,0,0
BJB139NVY030,0.0,6.0,6,6,0,0,0,0,0,0
BJB139NVY032,0.0,1.0,1,1,0,0,0,0,0,0
BJB139NVY034,0.0,1.0,1,1,0,0,0,0,0,0
BJB139NVY036,0.0,0.0,0,0,0,0,0,0,0,0
BJB164ASH08Y,0.0,6.0,6,6,0,0,0,0,0,0
BJB164ASH08Y735,0.0,15.0,15,15,0,0,0,0,0,0
BJB164ASH10Y,0.0,3.0,3,3,0,0,0,0,0,0
BJB164ASH10Y735,0.0,15.0,15,15,0,0,0,0,0,0
BJB164ASH12Y,0.0,2.0,2,2,0,0,0,0,0,0
BJB164ASH12Y735,0.0,9.0,9,9,0,0,0,0,0,0
BJB164ASH14Y,0.0,0.0,0,0,0,0,0,0,0,0
BJB164ASH14Y735,0.0,8.0,8,8,0,0,0,0,0,0
BJB164BLK08Y,71.0,13.0,84,66,18,0,18,8,7,3
BJB164BLK08Y735,16.0,14.0,30,30,0,0,0,0,0,0
BJB164BLK10Y,11.0,19.0,30,30,0,0,0,0,0,0
BJB164BLK10Y735,19.0,11.0,30,30,0,0,0,0,0,0
BJB164BLK12Y,0.0,2.0,2,2,0,0,0,0,0,0
BJB164BLK12Y735,0.0,19.0,19,19,0,0,0,0,0,0
BJB164BLK14Y,0.0,0.0,0,0,0,0,0,0,0,0
BJB164BLK14Y735,3.0,10.0,13,13,0,0,0,0,0,0
BJB164BTE08Y,7.0,10.0,17,17,0,0,0,0,0,0
BJB164BTE08Y735,0.0,14.0,14,14,0,0,0,0,0,0
BJB164BTE10Y,0.0,5.0,5,5,0,0,0,0,0,0
BJB164BTE10Y735,3.0,12.0,15,15,0,0,0,0,0,0
BJB164BTE12Y,0.0,1.0,1,1,0,0,0,0,0,0
BJB164BTE12Y735,0.0,6.0,6,6,0,0,0,0,0,0
BJB164BTE14Y,0.0,0.0,0,0,0,0,0,0,0,0
BJB164BTE14Y735,0.0,6.0,6,6,0,0,0,0,0,0
BJB164CNG08Y,27.0,17.0,44,44,0,0,0,0,0,0
BJB164CNG08Y735,0.0,15.0,15,15,0,0,0,0,0,0
BJB164CNG10Y,0.0,13.0,13,13,0,0,0,0,0,0
BJB164CNG10Y735,0.0,15.0,15,15,0,0,0,0,0,0
BJB164CNG12Y,0.0,1.0,1,1,0,0,0,0,0,0
BJB164CNG12Y735,0.0,9.0,9,9,0,0,0,0,0,0
BJB164CNG14Y,0.0,1.0,1,1,0,0,0,0,0,0
BJB164CNG14Y735,0.0,6.0,6,6,0,0,0,0,0,0
BJB164NVY08Y,18.0,12.0,30,30,0,0,0,0,0,0
BJB164NVY08Y735,0.0,14.0,14,14,0,0,0,0,0,0
BJB164NVY10Y,0.0,9.0,9,9,0,0,0,0,0,0
BJB164NVY10Y735,0.0,11.0,11,11,0,0,0,0,0,0
BJB164NVY12Y,0.0,2.0,2,2,0,0,0,0,0,0
BJB164NVY12Y735,0.0,1.0,1,1,0,0,0,0,0,0
BJB164NVY14Y735,0.0,5.0,5,5,0,0,0,0,0,0
BJB205BLK08Y,44.0,39.0,83,57,14,12,26,12,10,4
BJB205BLK10Y,22.0,35.0,57,49,0,8,8,4,3,1
BJB205BLK12Y,29.0,13.0,42,42,0,0,0,0,0,0
BJB205BLK14Y,12.0,14.0,26,26,0,0,0,0,0,0
BJB205MYE08Y,10.0,11.0,21,21,0,0,0,0,0,0
BJB205MYE10Y,6.0,11.0,17,17,0,0,0,0,0,0
BJB205MYE12Y,4.0,14.0,18,18,0,0,0,0,0,0
BJB205MYE14Y,0.0,15.0,15,15,0,0,0,0,0,0
BJB205OGY08Y,5.0,11.0,16,16,0,0,0,0,0,0
BJB205OGY10Y,4.0,16.0,20,20,0,0,0,0,0,0
BJB205OGY12Y,0.0,10.0,10,10,0,0,0,0,0,0
BJB205OGY14Y,0.0,9.0,9,9,0,0,0,0,0,0
BJB205UGY08Y,0.0,19.0,19,19,0,0,0,0,0,0
BJB205UGY10Y,0.0,10.0,10,10,0,0,0,0,0,0
BJB205UGY12Y,0.0,8.0,8,8,0,0,0,0,0,0
BJB205UGY14Y,0.0,18.0,18,18,0,0,0,0,0,0
BJB205WLG08Y,8.0,18.0,26,26,0,0,0,0,0,0
BJB205WLG10Y,0.0,14.0,14,14,0,0,0,0,0,0
BJB205WLG12Y,0.0,12.0,12,12,0,0,0,0,0,0
BJB205WLG14Y,0.0,5.0,5,5,0,0,0,0,0,0
BJBM13BKS08Y,0.0,19.0,19,19,0,0,0,0,0,0
BJBM13BKS10Y,0.0,0.0,0,0,0,0,0,0,0,0
BJBM13BKS12Y,0.0,1.0,1,1,0,0,0,0,0,0
BJBM13BKS14Y,0.0,0.0,0,0,0,0,0,0,0,0
BJBM13BLA08Y,0.0,21.0,21,20,0,1,1,0,0,1
BJBM13BLA10Y,0.0,0.0,0,0,0,0,0,0,0,0
BJBM13BLA14Y,0.0,1.0,1,1,0,0,0,0,0,0
BJBM13BLE08Y,0.0,14.0,14,14,0,0,0,0,0,0
BJBM13BLE10Y,0.0,0.0,0,0,0,0,0,0,0,0
BJBM13BLE12Y,0.0,0.0,0,0,0,0,0,0,0,0
BJBM13BLE14Y,0.0,0.0,0,0,0,0,0,0,0,0
BJBM13CFK08Y,0.0,16.0,16,16,0,0,0,0,0,0
BJBM13MYE08Y,0.0,17.0,17,17,0,0,0,0,0,0
BJBM13MYE10Y,0.0,4.0,4,4,0,0,0,0,0,0
BJBM13MYE12Y,0.0,3.0,3,3,0,0,0,0,0,0
BJBM13MYE14Y,0.0,1.0,1,1,0,0,0,0,0,0
BJBM13OGY08Y,0.0,20.0,20,20,0,0,0,0,0,0
BJBM13OGY10Y,0.0,2.0,2,2,0,0,0,0,0,0
BJBM13OGY14Y,0.0,1.0,1,1,0,0,0,0,0,0
BJBM86BLK08Y,0.0,111.0,111,95,0,16,16,8,6,2
BJBM86BLK10Y,0.0,11.0,11,11,0,0,0,0,0,0
BJBM86BLK12Y,0.0,1.0,1,1,0,0,0,0,0,0
BJBM86BLK14Y,0.0,0.0,0,0,0,0,0,0,0,0
BJBM86BTE08Y,0.0,3.0,3,3,0,0,0,0,0,0
BJBM86BTE10Y,0.0,0.0,0,0,0,0,0,0,0,0
BJBM86BTE12Y,0.0,0.0,0,0,0,0,0,0,0,0
BJBM86BTE14Y,0.0,0.0,0,0,0,0,0,0,0,0
BJBM86CNG08Y,0.0,8.0,8,8,0,0,0,0,0,0
BJBM86CNG10Y,0.0,1.0,1,1,0,0,0,0,0,0
BJBM86CNG12Y,0.0,0.0,0,0,0,0,0,0,0,0
BJBM86CNG14Y,0.0,0.0,0,0,0,0,0,0,0,0
BJBM86IRG08Y,0.0,16.0,16,16,0,0,0,0,0,0
BJBM86IRG10Y,0.0,3.0,3,3,0,0,0,0,0,0
BJBM86IRG12Y,0.0,1.0,1,1,0,0,0,0,0,0
BJBM86IRG14Y,0.0,0.0,0,0,0,0,0,0,0,0
BJBM86KHI08Y,0.0,10.0,10,10,0,0,0,0,0,0
BJBM86KHI10Y,0.0,7.0,7,7,0,0,0,0,0,0
BJBM86KHI12Y,0.0,1.0,1,1,0,0,0,0,0,0
BJBM86KHI14Y,0.0,0.0,0,0,0,0,0,0,0,0
BPB124LTN034,0.0,1.0,1,1,0,0,0,0,0,0
BPB131BLK032,0.0,1.0,1,1,0,0,0,0,0,0
BPB131DCN032,0.0,0.0,0,0,0,0,0,0,0,0
BPB132DCM032,0.0,1.0,1,1,0,0,0,0,0,0
BPB161BLK08Y,0.0,2.0,2,2,0,0,0,0,0,0
BPB161BLK10Y,0.0,9.0,9,9,0,0,0,0,0,0
BPB161BLK12Y,0.0,0.0,0,0,0,0,0,0,0,0
BPB161BLK14Y,0.0,0.0,0,0,0,0,0,0,0,0
BPB161BTE08Y,0.0,1.0,1,1,0,0,0,0,0,0
BPB161BTE10Y,0.0,2.0,2,2,0,0,0,0,0,0
BPB161IRG08Y,0.0,2.0,2,2,0,0,0,0,0,0
BPB161NVY12Y,0.0,1.0,1,1,0,0,0,0,0,0
BPB161TLE08Y,0.0,2.0,2,2,0,0,0,0,0,0
BPB161TLE10Y,0.0,0.0,0,0,0,0,0,0,0,0
BPB165ASH08Y,0.0,7.0,7,7,0,0,0,0,0,0
BPB165ASH10Y,0.0,5.0,5,5,0,0,0,0,0,0
BPB165ASH12Y,0.0,1.0,1,1,0,0,0,0,0,0
BPB165ASH14Y,0.0,2.0,2,2,0,0,0,0,0,0
BPB165BLK08Y,0.0,18.0,18,18,0,0,0,0,0,0
BPB165BLK10Y,0.0,6.0,6,6,0,0,0,0,0,0
BPB165BLK12Y,0.0,1.0,1,1,0,0,0,0,0,0
BPB165BLK14Y,0.0,1.0,1,1,0,0,0,0,0,0
BPB165BTE08Y,0.0,8.0,8,8,0,0,0,0,0,0
BPB165BTE12Y,0.0,0.0,0,0,0,0,0,0,0,0
BPB165CNG08Y,0.0,4.0,4,4,0,0,0,0,0,0
BPB165CNG10Y,0.0,5.0,5,5,0,0,0,0,0,0
BPB165CNG12Y,0.0,1.0,1,1,0,0,0,0,0,0
BPB165NVY08Y,0.0,1.0,1,1,0,0,0,0,0,0
BPB165NVY10Y,0.0,3.0,3,3,0,0,0,0,0,0
BPB165NVY12Y,0.0,0.0,0,0,0,0,0,0,0,0
BPB165PDB08Y,0.0,3.0,3,3,0,0,0,0,0,0
BPB165PDB10Y,0.0,3.0,3,3,0,0,0,0,0,0
BPB167BLK06Y,0.0,1.0,1,1,0,0,0,0,0,0
BPB167BLK08Y,2.0,19.0,21,21,0,0,0,0,0,0
BPB167BLK08Y669,128.0,72.0,200,128,43,29,72,34,28,10
BPB167BLK10Y,0.0,7.0,7,7,0,0,0,0,0,0
BPB167BLK10Y669,128.0,44.0,172,111,37,24,61,29,24,8
BPB167BLK12Y,0.0,9.0,9,9,0,0,0,0,0,0
BPB167BLK12Y669,256.0,113.0,369,236,80,53,133,63,52,18
BPB167BLK14Y,0.0,4.0,4,4,0,0,0,0,0,0
BPB167BLK14Y669,353.0,193.0,546,349,118,79,197,93,77,27
BPB167BTE08Y,0.0,5.0,5,5,0,0,0,0,0,0
BPB167BTE10Y,0.0,6.0,6,6,0,0,0,0,0,0
BPB167BTE12Y,0.0,6.0,6,6,0,0,0,0,0,0
BPB167CNG08Y,0.0,8.0,8,8,0,0,0,0,0,0
BPB167CNG10Y,0.0,7.0,7,7,0,0,0,0,0,0
BPB167CNG12Y,0.0,0.0,0,0,0,0,0,0,0,0
BPB167CNG14Y,0.0,0.0,0,0,0,0,0,0,0,0
BPB167GFT08Y,16.0,15.0,31,31,0,0,0,0,0,0
BPB167GFT10Y,13.0,13.0,26,26,0,0,0,0,0,0
BPB167GFT12Y,39.0,48.0,87,66,9,12,21,10,8,3
BPB167GFT14Y,94.0,104.0,198,127,43,28,71,34,28,9
BPB167IRG08Y,4.0,12.0,16,16,0,0,0,0,0,0
BPB167IRG08Y669,24.0,10.0,34,34,0,0,0,0,0,0
BPB167IRG10Y,0.0,11.0,11,11,0,0,0,0,0,0
BPB167IRG10Y669,20.0,12.0,32,32,0,0,0,0,0,0
BPB167IRG12Y,0.0,10.0,10,10,0,0,0,0,0,0
BPB167IRG12Y669,51.0,12.0,63,49,14,0,14,7,5,2
BPB167IRG14Y,0.0,2.0,2,2,0,0,0,0,0,0
BPB167IRG14Y669,104.0,62.0,166,106,36,24,60,28,23,9
BPB167KHI08Y,0.0,10.0,10,10,0,0,0,0,0,0
BPB167KHI08Y669,0.0,10.0,10,10,0,0,0,0,0,0
BPB167KHI10Y,0.0,6.0,6,6,0,0,0,0,0,0
BPB167KHI10Y669,0.0,3.0,3,3,0,0,0,0,0,0
BPB167KHI12Y,0.0,9.0,9,9,0,0,0,0,0,0
BPB167KHI12Y669,17.0,10.0,27,27,0,0,0,0,0,0
BPB167KHI14Y,0.0,2.0,2,2,0,0,0,0,0,0
BPB167KHI14Y669,103.0,21.0,124,96,27,1,28,13,11,4
BPB167LTG06Y,0.0,8.0,8,8,0,0,0,0,0,0
BPB167LTG08Y,0.0,7.0,7,7,0,0,0,0,0,0
BPB167LTG10Y,0.0,2.0,2,2,0,0,0,0,0,0
BPB167LTG12Y,0.0,12.0,12,12,0,0,0,0,0,0
BPB167LTG14Y,6.0,14.0,20,20,0,0,0,0,0,0
BPB167NYB06Y,0.0,0.0,0,0,0,0,0,0,0,0
BPB167NYB08Y,0.0,14.0,14,14,0,0,0,0,0,0
BPB167NYB08Y669,16.0,16.0,32,32,0,0,0,0,0,0
BPB167NYB10Y,0.0,9.0,9,9,0,0,0,0,0,0
BPB167NYB10Y669,0.0,12.0,12,12,0,0,0,0,0,0
BPB167NYB12Y,0.0,2.0,2,2,0,0,0,0,0,0
BPB167NYB12Y669,51.0,48.0,99,64,21,14,35,17,14,4
BPB167NYB14Y,0.0,7.0,7,7,0,0,0,0,0,0
BPB167NYB14Y669,106.0,79.0,185,118,40,27,67,32,26,9
BPB167SKO06Y,0.0,0.0,0,0,0,0,0,0,0,0
BPB167SKO08Y,0.0,7.0,7,7,0,0,0,0,0,0
BPB167SKO10Y,0.0,2.0,2,2,0,0,0,0,0,0
BPB167SKO12Y,0.0,3.0,3,3,0,0,0,0,0,0
BPB167SKO14Y,0.0,11.0,11,11,0,0,0,0,0,0
BPB167TRN06Y,0.0,3.0,3,3,0,0,0,0,0,0
BPB167TRN08Y,0.0,13.0,13,13,0,0,0,0,0,0
BPB167TRN10Y,0.0,2.0,2,2,0,0,0,0,0,0
BPB167TRN12Y,0.0,7.0,7,7,0,0,0,0,0,0
BPB167TRN14Y,0.0,1.0,1,1,0,0,0,0,0,0
BPB174BIG08Y,0.0,8.0,8,8,0,0,0,0,0,0
BPB174BIG10Y,0.0,0.0,0,0,0,0,0,0,0,0
BPB174BIG12Y,0.0,0.0,0,0,0,0,0,0,0,0
BPB174BIG14Y,0.0,0.0,0,0,0,0,0,0,0,0
BPB174BLS08Y,0.0,2.0,2,2,0,0,0,0,0,0
BPB174BLS10Y,0.0,0.0,0,0,0,0,0,0,0,0
BPB174BLS12Y,0.0,0.0,0,0,0,0,0,0,0,0
BPB174BLS14Y,0.0,0.0,0,0,0,0,0,0,0,0
BPB174BTG08Y,0.0,18.0,18,18,0,0,0,0,0,0
BPB174BTG10Y,0.0,19.0,19,19,0,0,0,0,0,0
BPB174BTG12Y,0.0,25.0,25,21,0,4,4,2,2,0
BPB174BTG14Y,0.0,29.0,29,25,0,4,4,2,2,0
BPB174CNG08Y,0.0,3.0,3,3,0,0,0,0,0,0
BPB174CNG10Y,0.0,1.0,1,1,0,0,0,0,0,0
BPB174CNG12Y,0.0,0.0,0,0,0,0,0,0,0,0
BPB174CNG14Y,0.0,0.0,0,0,0,0,0,0,0,0
BPB174IRG08Y,0.0,15.0,15,15,0,0,0,0,0,0
BPB174IRG10Y,1.0,14.0,15,15,0,0,0,0,0,0
BPB174IRG12Y,2.0,13.0,15,15,0,0,0,0,0,0
BPB174IRG14Y,0.0,7.0,7,7,0,0,0,0,0,0
BPB174LTG08Y,0.0,3.0,3,3,0,0,0,0,0,0
BPB174LTG10Y,0.0,2.0,2,2,0,0,0,0,0,0
BPB174LTG12Y,0.0,1.0,1,1,0,0,0,0,0,0
BPB174NYB08Y,0.0,5.0,5,5,0,0,0,0,0,0
BPB174NYB10Y,0.0,10.0,10,10,0,0,0,0,0,0
BPB174NYB12Y,0.0,6.0,6,6,0,0,0,0,0,0
BPB174NYB14Y,0.0,7.0,7,7,0,0,0,0,0,0
BPB174SEG08Y,0.0,7.0,7,7,0,0,0,0,0,0
BPB174SEG10Y,0.0,3.0,3,3,0,0,0,0,0,0
BPB174SEG12Y,0.0,0.0,0,0,0,0,0,0,0,0
BPB174SKO08Y,0.0,10.0,10,10,0,0,0,0,0,0
BPB174SKO10Y,5.0,16.0,21,21,0,0,0,0,0,0
BPB174SKO12Y,0.0,3.0,3,3,0,0,0,0,0,0
BPB174SKO14Y,0.0,2.0,2,2,0,0,0,0,0,0
BPB174TRN08Y,0.0,2.0,2,2,0,0,0,0,0,0
BPB174TRN10Y,0.0,3.0,3,3,0,0,0,0,0,0
BPB174TRN14Y,0.0,0.0,0,0,0,0,0,0,0,0
BPB179CGY08Y,4.0,18.0,22,22,0,0,0,0,0,0
BPB179CGY10Y,0.0,13.0,13,13,0,0,0,0,0,0
BPB179CGY12Y,0.0,1.0,1,1,0,0,0,0,0,0
BPB179CGY14Y,0.0,1.0,1,1,0,0,0,0,0,0
BPB179KHI08Y,0.0,3.0,3,3,0,0,0,0,0,0
BPB179KHI10Y,0.0,1.0,1,1,0,0,0,0,0,0
BPB179LRG08Y,0.0,8.0,8,8,0,0,0,0,0,0
BPB179LRG10Y,0.0,6.0,6,6,0,0,0,0,0,0
BPB179LTN10Y,0.0,3.0,3,3,0,0,0,0,0,0
BPB179NTC08Y,0.0,10.0,10,10,0,0,0,0,0,0
BPB179NTC10Y,0.0,17.0,17,17,0,0,0,0,0,0
BPB179NTC12Y,0.0,1.0,1,1,0,0,0,0,0,0
BPB198BLK08Y,0.0,1.0,1,1,0,0,0,0,0,0
BPB198BLK10Y,0.0,5.0,5,5,0,0,0,0,0,0
BPB198BLK12Y,0.0,48.0,48,41,0,7,7,3,3,1
BPB198BLK14Y,0.0,137.0,137,117,0,20,20,9,8,3
BPB198BOE08Y,0.0,2.0,2,2,0,0,0,0,0,0
BPB198BOE10Y,0.0,1.0,1,1,0,0,0,0,0,0
BPB198BOE12Y,0.0,84.0,84,72,0,12,12,6,5,1
BPB198BOE14Y,0.0,187.0,187,160,0,27,27,13,10,4
BPB198GFT08Y,0.0,0.0,0,0,0,0,0,0,0,0
BPB198GFT10Y,0.0,0.0,0,0,0,0,0,0,0,0
BPB198GFT12Y,0.0,80.0,80,68,0,12,12,6,5,1
BPB198GFT14Y,0.0,174.0,174,149,0,25,25,12,10,3
BPB198KHI08Y,0.0,0.0,0,0,0,0,0,0,0,0
BPB198KHI10Y,0.0,0.0,0,0,0,0,0,0,0,0
BPB198KHI12Y,0.0,53.0,53,45,0,8,8,4,3,1
BPB198KHI14Y,0.0,163.0,163,139,0,24,24,11,9,4
BPB198LTG08Y,0.0,0.0,0,0,0,0,0,0,0,0
BPB198LTG10Y,0.0,0.0,0,0,0,0,0,0,0,0
BPB198LTG12Y,0.0,51.0,51,44,0,7,7,3,3,1
BPB198LTG14Y,0.0,112.0,112,96,0,16,16,8,6,2
BPB198NYB08Y,0.0,5.0,5,5,0,0,0,0,0,0
BPB198NYB10Y,0.0,6.0,6,6,0,0,0,0,0,0
BPB198NYB12Y,0.0,72.0,72,62,0,10,10,5,4,1
BPB198NYB14Y,0.0,177.0,177,151,0,26,26,12,10,4
BPB199BLK08Y,12.0,14.0,26,26,0,0,0,0,0,0
BPB199BLK10Y,0.0,15.0,15,15,0,0,0,0,0,0
BPB199BLK12Y,48.0,55.0,103,70,18,15,33,16,13,4
BPB199BLK14Y,139.0,50.0,189,121,41,27,68,32,26,10
BPB199GFT08Y,0.0,3.0,3,3,0,0,0,0,0,0
BPB199GFT10Y,0.0,10.0,10,10,0,0,0,0,0,0
BPB199GFT12Y,0.0,13.0,13,13,0,0,0,0,0,0
BPB199GFT14Y,45.0,11.0,56,44,12,0,12,6,5,1
BPB199LTG08Y,0.0,6.0,6,6,0,0,0,0,0,0
BPB199LTG12Y,0.0,2.0,2,2,0,0,0,0,0,0
BPB199LTG14Y,0.0,22.0,22,20,0,2,2,1,1,0
BPB199NYB08Y,7.0,12.0,19,19,0,0,0,0,0,0
BPB199NYB10Y,5.0,12.0,17,17,0,0,0,0,0,0
BPB199NYB12Y,0.0,12.0,12,12,0,0,0,0,0,0
BPB199NYB14Y,72.0,18.0,90,71,19,0,19,9,7,3
BPB199WLG08Y,0.0,4.0,4,4,0,0,0,0,0,0
BPB199WLG10Y,0.0,4.0,4,4,0,0,0,0,0,0
BPB199WLG12Y,0.0,0.0,0,0,0,0,0,0,0,0
BPB199WLG14Y,6.0,16.0,22,22,0,0,0,0,0,0
BPB207BLK08Y,0.0,7.0,7,7,0,0,0,0,0,0
BPB207BLK10Y,0.0,12.0,12,12,0,0,0,0,0,0
BPB207BLK12Y,0.0,1.0,1,1,0,0,0,0,0,0
BPB207MYE08Y,4.0,11.0,15,15,0,0,0,0,0,0
BPB207MYE10Y,13.0,14.0,27,27,0,0,0,0,0,0
BPB207MYE12Y,10.0,12.0,22,22,0,0,0,0,0,0
BPB207MYE14Y,0.0,2.0,2,2,0,0,0,0,0,0
BPB207OGY08Y,4.0,17.0,21,21,0,0,0,0,0,0
BPB207OGY10Y,0.0,10.0,10,10,0,0,0,0,0,0
BPB207OGY12Y,0.0,4.0,4,4,0,0,0,0,0,0
BPB207OGY14Y,0.0,1.0,1,1,0,0,0,0,0,0
BPB207UGY08Y,0.0,7.0,7,7,0,0,0,0,0,0
BPB207UGY10Y,1.0,11.0,12,12,0,0,0,0,0,0
BPB207UGY12Y,0.0,4.0,4,4,0,0,0,0,0,0
BPB207UGY14Y,0.0,2.0,2,2,0,0,0,0,0,0
BPB207WLG08Y,1.0,21.0,22,21,0,1,1,0,0,1
BPB207WLG10Y,0.0,9.0,9,9,0,0,0,0,0,0
BPB207WLG12Y,0.0,6.0,6,6,0,0,0,0,0,0
BPB207WLG14Y,0.0,2.0,2,2,0,0,0,0,0,0
BPB216BLK08Y,0.0,3.0,3,3,0,0,0,0,0,0
BPB216BLK10Y,0.0,3.0,3,3,0,0,0,0,0,0
BPB216BLK12Y,62.0,50.0,112,72,24,16,40,19,16,5
BPB216BLK14Y,240.0,56.0,296,196,64,36,100,47,39,14
BPB216GFT08Y,0.0,7.0,7,7,0,0,0,0,0,0
BPB216GFT10Y,0.0,0.0,0,0,0,0,0,0,0,0
BPB216GFT12Y,0.0,7.0,7,7,0,0,0,0,0,0
BPB216GFT14Y,0.0,96.0,96,82,0,14,14,7,5,2
BPB216NYB08Y,0.0,1.0,1,1,0,0,0,0,0,0
BPB216NYB10Y,0.0,0.0,0,0,0,0,0,0,0,0
BPB216NYB12Y,0.0,0.0,0,0,0,0,0,0,0,0
BPB216NYB14Y,0.0,0.0,0,0,0,0,0,0,0,0
BPB216SKO08Y,0.0,1.0,1,1,0,0,0,0,0,0
BPB216SKO10Y,0.0,0.0,0,0,0,0,0,0,0,0
BPB216SKO12Y,0.0,7.0,7,7,0,0,0,0,0,0
BPB216SKO14Y,0.0,19.0,19,19,0,0,0,0,0,0
BPB216WLG08Y,0.0,1.0,1,1,0,0,0,0,0,0
BPB216WLG10Y,0.0,12.0,12,12,0,0,0,0,0,0
BPB216WLG12Y,0.0,15.0,15,15,0,0,0,0,0,0
BPB216WLG14Y,0.0,63.0,63,54,0,9,9,4,4,1
BPB231BLK08Y,10.0,17.0,27,27,0,0,0,0,0,0
BPB231BLK10Y,32.0,49.0,81,67,2,12,14,7,5,2
BPB231BLK12Y,135.0,56.0,191,122,41,28,69,33,27,9
BPB231BLK14Y,54.0,256.0,310,241,24,45,69,33,27,9
BPB231BTE08Y,2.0,10.0,12,12,0,0,0,0,0,0
BPB231BTE10Y,6.0,18.0,24,24,0,0,0,0,0,0
BPB231BTE12Y,16.0,48.0,64,55,0,9,9,4,4,1
BPB231BTE14Y,30.0,100.0,130,111,0,19,19,9,7,3
BPB231CNG08Y,2.0,11.0,13,13,0,0,0,0,0,0
BPB231CNG10Y,16.0,13.0,29,29,0,0,0,0,0,0
BPB231CNG12Y,16.0,53.0,69,59,0,10,10,5,4,1
BPB231CNG14Y,99.0,34.0,133,90,29,14,43,20,17,6
BPB231KHI08Y,2.0,10.0,12,12,0,0,0,0,0,0
BPB231KHI10Y,6.0,18.0,24,24,0,0,0,0,0,0
BPB231KHI12Y,19.0,47.0,66,56,0,10,10,5,4,1
BPB231KHI14Y,29.0,99.0,128,110,0,18,18,8,7,3
BPB231LTG08Y,0.0,28.0,28,24,0,4,4,2,2,0
BPB231LTG10Y,0.0,44.0,44,38,0,6,6,3,2,1
BPB231LTG12Y,0.0,87.0,87,75,0,12,12,6,5,1
BPB231LTG14Y,0.0,150.0,150,128,0,22,22,10,9,3
BPBR15BLK06Y,0.0,0.0,0,0,0,0,0,0,0,0
BPBR15BLK08Y,2.0,10.0,12,12,0,0,0,0,0,0
BPBR15BLK10Y,142.0,150.0,292,187,63,42,105,50,41,14
BPBR15BLK12Y,154.0,145.0,299,191,65,43,108,51,42,15
BPBR15BLK14Y,37.0,14.0,51,44,7,0,7,3,3,1
BPBR15NYB06Y,0.0,0.0,0,0,0,0,0,0,0,0
BPBR15NYB08Y,0.0,1.0,1,1,0,0,0,0,0,0
BPBR15NYB10Y,0.0,2.0,2,2,0,0,0,0,0,0
BPBR15NYB12Y,0.0,0.0,0,0,0,0,0,0,0,0
BPBR15NYB14Y,0.0,1.0,1,1,0,0,0,0,0,0
BPBR15SKO06Y,0.0,2.0,2,2,0,0,0,0,0,0
BPBR15SKO08Y,3.0,10.0,13,13,0,0,0,0,0,0
BPBR15SKO10Y,112.0,50.0,162,104,35,23,58,27,23,8
BPBR15SKO12Y,157.0,34.0,191,136,41,14,55,26,21,8
BPBR15SKO14Y,65.0,21.0,86,66,19,1,20,9,8,3
BPBR15TRN06Y,0.0,0.0,0,0,0,0,0,0,0,0
BPBR15TRN08Y,0.0,3.0,3,3,0,0,0,0,0,0
BPBR15TRN10Y,0.0,3.0,3,3,0,0,0,0,0,0
BPBR15TRN12Y,23.0,10.0,33,33,0,0,0,0,0,0
BPBR15TRN14Y,0.0,0.0,0,0,0,0,0,0,0,0
BPBR15WLG06Y,0.0,0.0,0,0,0,0,0,0,0,0
BPBR15WLG08Y,0.0,3.0,3,3,0,0,0,0,0,0
BPBR15WLG10Y,17.0,13.0,30,30,0,0,0,0,0,0
BPBR15WLG12Y,18.0,10.0,28,28,0,0,0,0,0,0
BPBR15WLG14Y,0.0,8.0,8,8,0,0,0,0,0,0
BPBR25ASH032,0.0,1.0,1,1,0,0,0,0,0,0
BPBR25BLK030,27.0,18.0,45,45,0,0,0,0,0,0
BPBR25BLK030559,13.0,20.0,33,33,0,0,0,0,0,0
BPBR25BLK032,0.0,7.0,7,7,0,0,0,0,0,0
BPBR25BLK032559,269.0,30.0,299,224,65,10,75,35,29,11
BPBR25BLK034,0.0,5.0,5,5,0,0,0,0,0,0
BPBR25BLK034559,371.0,52.0,423,300,91,32,123,58,48,17
BPBR25BLK036,0.0,4.0,4,4,0,0,0,0,0,0
BPBR25BLK036559,422.0,71.0,493,336,106,51,157,74,61,22
BPBR25BLK06Y,9.0,15.0,24,24,0,0,0,0,0,0
BPBR25BLK06Y559,197.0,20.0,217,170,47,0,47,22,18,7
BPBR25BOE030,0.0,1.0,1,1,0,0,0,0,0,0
BPBR25BOE030559,0.0,0.0,0,0,0,0,0,0,0,0
BPBR25BOE032559,46.0,19.0,65,51,14,0,14,7,5,2
BPBR25BOE034559,221.0,30.0,251,187,54,10,64,30,25,9
BPBR25BOE036559,59.0,25.0,84,61,18,5,23,11,9,3
BPBR25BOE06Y559,63.0,27.0,90,64,19,7,26,12,10,4
BPBR25CNG030,0.0,2.0,2,2,0,0,0,0,0,0
BPBR25CNG032,0.0,2.0,2,2,0,0,0,0,0,0
BPBR25DNM030,0.0,1.0,1,1,0,0,0,0,0,0
BPBR25DNM032,0.0,1.0,1,1,0,0,0,0,0,0
BPBR25IRG030,0.0,2.0,2,2,0,0,0,0,0,0
BPBR25IRG032,2.0,13.0,15,15,0,0,0,0,0,0
BPBR25IRG034,0.0,1.0,1,1,0,0,0,0,0,0
BPBR25IRG036,0.0,3.0,3,3,0,0,0,0,0,0
BPBR25IRG06Y,0.0,6.0,6,6,0,0,0,0,0,0
BPBR25KHI06Y559,74.0,31.0,105,71,23,11,34,16,13,5
BPBR25KHI08Y559,74.0,31.0,105,71,23,11,34,16,13,5
BPBR25KHI10Y559,163.0,49.0,212,137,46,29,75,35,29,11
BPBR25KHI12Y559,249.0,42.0,291,206,63,22,85,40,33,12
BPBR25KHI14Y559,284.0,36.0,320,235,69,16,85,40,33,12
BPBR25LTG030,0.0,15.0,15,15,0,0,0,0,0,0
BPBR25LTG032,0.0,1.0,1,1,0,0,0,0,0,0
BPBR25LTG034,0.0,1.0,1,1,0,0,0,0,0,0
BPBR25LTG036,0.0,0.0,0,0,0,0,0,0,0,0
BPBR25LTN030,0.0,5.0,5,5,0,0,0,0,0,0
BPBR25LTN032,0.0,5.0,5,5,0,0,0,0,0,0
BPBR25LTN034,0.0,2.0,2,2,0,0,0,0,0,0
BPBR25LTN036,0.0,1.0,1,1,0,0,0,0,0,0
BPBR25MGN030,0.0,2.0,2,2,0,0,0,0,0,0
BPBR25NVY032,0.0,0.0,0,0,0,0,0,0,0,0
BPBR25NYB06Y,0.0,9.0,9,9,0,0,0,0,0,0
BPBR25NYB06Y559,74.0,31.0,105,71,23,11,34,16,13,5
BPBR25NYB08Y,0.0,9.0,9,9,0,0,0,0,0,0
BPBR25NYB08Y559,34.0,13.0,47,43,4,0,4,2,2,0
BPBR25NYB10Y,0.0,5.0,5,5,0,0,0,0,0,0
BPBR25NYB10Y559,82.0,35.0,117,77,25,15,40,19,16,5
BPBR25NYB12Y559,9.0,17.0,26,26,0,0,0,0,0,0
BPBR25NYB14Y,0.0,2.0,2,2,0,0,0,0,0,0
BPBR25NYB14Y559,36.0,11.0,47,41,6,0,6,3,2,1
BPBR25SEG030,0.0,4.0,4,4,0,0,0,0,0,0
BPBR25SEG032,0.0,1.0,1,1,0,0,0,0,0,0
BPBR25SEG034,0.0,0.0,0,0,0,0,0,0,0,0
BPBR25SKO06Y,0.0,8.0,8,8,0,0,0,0,0,0
BPBR25SKO08Y,0.0,17.0,17,17,0,0,0,0,0,0
BPBR25SKO10Y,2.0,14.0,16,16,0,0,0,0,0,0
BPBR25SKO12Y,1.0,16.0,17,17,0,0,0,0,0,0
BPBR25SKO14Y,0.0,7.0,7,7,0,0,0,0,0,0
BPBR25TLE030,0.0,4.0,4,4,0,0,0,0,0,0
BPBR25TLE034,0.0,1.0,1,1,0,0,0,0,0,0
BPBR25TRN030,0.0,25.0,25,21,0,4,4,2,2,0
BPBR25TRN032,29.0,40.0,69,59,0,10,10,5,4,1
BPBR25TRN034,46.0,32.0,78,51,16,11,27,13,10,4
BPBR25TRN036,0.0,8.0,8,8,0,0,0,0,0,0
BPBR25TRN06Y,0.0,10.0,10,10,0,0,0,0,0,0
BPBR25WLG06Y,0.0,2.0,2,2,0,0,0,0,0,0
BPBR25WLG06Y559,81.0,34.0,115,76,25,14,39,18,15,6
BPBR25WLG08Y,0.0,3.0,3,3,0,0,0,0,0,0
BPBR25WLG08Y559,3.0,15.0,18,18,0,0,0,0,0,0
BPBR25WLG10Y,0.0,6.0,6,6,0,0,0,0,0,0
BPBR25WLG10Y559,44.0,19.0,63,49,14,0,14,7,5,2
BPBR25WLG12Y,0.0,0.0,0,0,0,0,0,0,0,0
BPBR25WLG12Y559,140.0,21.0,161,125,35,1,36,17,14,5
BPBR25WLG14Y,0.0,1.0,1,1,0,0,0,0,0,0
BPBR25WLG14Y559,204.0,20.0,224,175,49,0,49,23,19,7
BPBR35BIG10Y,0.0,6.0,6,6,0,0,0,0,0,0
BPBR35BIG12Y,0.0,1.0,1,1,0,0,0,0,0,0
BPBR35BIG14Y,0.0,0.0,0,0,0,0,0,0,0,0
BPBR35BLS08Y,0.0,2.0,2,2,0,0,0,0,0,0
BPBR35BLS10Y,0.0,12.0,12,12,0,0,0,0,0,0
BPBR35BLS12Y,16.0,12.0,28,28,0,0,0,0,0,0
BPBR35BLS14Y,0.0,0.0,0,0,0,0,0,0,0,0
BPBR35BSO06Y,8.0,16.0,24,24,0,0,0,0,0,0
BPBR35BSO08Y,12.0,18.0,30,30,0,0,0,0,0,0
BPBR35BSO10Y,58.0,12.0,70,55,15,0,15,7,6,2
BPBR35BSO12Y,71.0,23.0,94,71,20,3,23,11,9,3
BPBR35BSO14Y,39.0,10.0,49,40,9,0,9,4,4,1
BPBR35BTG06Y,0.0,13.0,13,13,0,0,0,0,0,0
BPBR35BTG08Y,0.0,4.0,4,4,0,0,0,0,0,0
BPBR35BTG10Y,1.0,14.0,15,15,0,0,0,0,0,0
BPBR35BTG12Y,2.0,13.0,15,15,0,0,0,0,0,0
BPBR35BTG14Y,0.0,1.0,1,1,0,0,0,0,0,0
BPBR35CNG08Y,0.0,1.0,1,1,0,0,0,0,0,0
BPBR35CNG10Y,0.0,13.0,13,13,0,0,0,0,0,0
BPBR35CNG12Y,0.0,6.0,6,6,0,0,0,0,0,0
BPBR35CNG14Y,0.0,0.0,0,0,0,0,0,0,0,0
BPBR35LTG06Y,9.0,14.0,23,23,0,0,0,0,0,0
BPBR35LTG08Y,0.0,3.0,3,3,0,0,0,0,0,0
BPBR35LTG10Y,10.0,19.0,29,29,0,0,0,0,0,0
BPBR35LTG12Y,35.0,18.0,53,48,5,0,5,2,2,1
BPBR35LTG14Y,0.0,0.0,0,0,0,0,0,0,0,0
BPBR35NYB06Y,0.0,23.0,23,20,0,3,3,1,1,1
BPBR35NYB08Y,0.0,19.0,19,19,0,0,0,0,0,0
BPBR35NYB10Y,14.0,12.0,26,26,0,0,0,0,0,0
BPBR35NYB12Y,24.0,12.0,36,36,0,0,0,0,0,0
BPBR35NYB14Y,2.0,18.0,20,20,0,0,0,0,0,0
BPBR35SEG10Y,0.0,9.0,9,9,0,0,0,0,0,0
BPBR35SEG12Y,0.0,1.0,1,1,0,0,0,0,0,0
BPBR35SEG14Y,0.0,3.0,3,3,0,0,0,0,0,0
BPBR35SKO06Y,0.0,11.0,11,11,0,0,0,0,0,0
BPBR35SKO08Y,0.0,1.0,1,1,0,0,0,0,0,0
BPBR35SKO10Y,3.0,14.0,17,17,0,0,0,0,0,0
BPBR35SKO12Y,12.0,12.0,24,24,0,0,0,0,0,0
BPBR35SKO14Y,0.0,1.0,1,1,0,0,0,0,0,0
BPBR35TRN06Y,0.0,8.0,8,8,0,0,0,0,0,0
BPBR35TRN08Y,7.0,10.0,17,17,0,0,0,0,0,0
BPBR35TRN10Y,82.0,13.0,95,75,20,0,20,9,8,3
BPBR35TRN12Y,53.0,26.0,79,56,17,6,23,11,9,3
BPBR35TRN14Y,0.0,0.0,0,0,0,0,0,0,0,0
BSB107DCM034,0.0,0.0,0,0,0,0,0,0,0,0
BSB114LTG034,0.0,0.0,0,0,0,0,0,0,0,0
BSB128LGM036,0.0,1.0,1,1,0,0,0,0,0,0
BSB162BLK08Y,0.0,7.0,7,7,0,0,0,0,0,0
BSB162BLK10Y,0.0,2.0,2,2,0,0,0,0,0,0
BSB162BLK12Y,0.0,2.0,2,2,0,0,0,0,0,0
BSB162BLK14Y,0.0,0.0,0,0,0,0,0,0,0,0
BSB162BTE10Y,0.0,1.0,1,1,0,0,0,0,0,0
BSB162BTE12Y,0.0,0.0,0,0,0,0,0,0,0,0
BSB162BTE14Y,0.0,0.0,0,0,0,0,0,0,0,0
BSB162LTG08Y,0.0,3.0,3,3,0,0,0,0,0,0
BSB162LTG10Y,0.0,1.0,1,1,0,0,0,0,0,0
BSB162LTG12Y,0.0,1.0,1,1,0,0,0,0,0,0
BSB162LTG14Y,0.0,0.0,0,0,0,0,0,0,0,0
BSB162NVY10Y,0.0,0.0,0,0,0,0,0,0,0,0
BSB162NVY12Y,0.0,0.0,0,0,0,0,0,0,0,0
BSB162NVY14Y,0.0,0.0,0,0,0,0,0,0,0,0
BSB162PDB08Y,0.0,1.0,1,1,0,0,0,0,0,0
BSB162PDB10Y,0.0,0.0,0,0,0,0,0,0,0,0
BSB162PDB14Y,0.0,0.0,0,0,0,0,0,0,0,0
BSB175BIG08Y,0.0,3.0,3,3,0,0,0,0,0,0
BSB175BIG10Y,0.0,6.0,6,6,0,0,0,0,0,0
BSB175BIG12Y,0.0,1.0,1,1,0,0,0,0,0,0
BSB175BIG14Y,0.0,0.0,0,0,0,0,0,0,0,0
BSB175BLS08Y,0.0,3.0,3,3,0,0,0,0,0,0
BSB175BLS10Y,0.0,4.0,4,4,0,0,0,0,0,0
BSB175BLS12Y,0.0,1.0,1,1,0,0,0,0,0,0
BSB175BLS14Y,0.0,0.0,0,0,0,0,0,0,0,0
BSB175CNG10Y,0.0,7.0,7,7,0,0,0,0,0,0
BSB175CNG12Y,0.0,0.0,0,0,0,0,0,0,0,0
BSB175LTG08Y,0.0,1.0,1,1,0,0,0,0,0,0
BSB175LTG10Y,0.0,13.0,13,13,0,0,0,0,0,0
BSB175LTG12Y,0.0,1.0,1,1,0,0,0,0,0,0
BSB175LTG14Y,0.0,0.0,0,0,0,0,0,0,0,0
BSB175SEG08Y,0.0,2.0,2,2,0,0,0,0,0,0
BSB175SEG10Y,0.0,24.0,24,20,0,4,4,2,2,0
BSB175SEG12Y,0.0,8.0,8,8,0,0,0,0,0,0
BSB175TRN08Y,0.0,4.0,4,4,0,0,0,0,0,0
BSB175TRN10Y,15.0,12.0,27,27,0,0,0,0,0,0
BSB175TRN12Y,25.0,10.0,35,35,0,0,0,0,0,0
BSB175TRN14Y,0.0,0.0,0,0,0,0,0,0,0,0
BSB184BLK08Y,0.0,0.0,0,0,0,0,0,0,0,0
BSB184BLK10Y,0.0,1.0,1,1,0,0,0,0,0,0
BSB184BLK12Y,0.0,1.0,1,1,0,0,0,0,0,0
BSB184BLK14Y,0.0,0.0,0,0,0,0,0,0,0,0
BSB184CTF08Y,0.0,1.0,1,1,0,0,0,0,0,0
BSB184CTF10Y,0.0,0.0,0,0,0,0,0,0,0,0
BSB184CTF12Y,0.0,1.0,1,1,0,0,0,0,0,0
BSB184CTF14Y,0.0,0.0,0,0,0,0,0,0,0,0
BSB184HBE08Y,0.0,4.0,4,4,0,0,0,0,0,0
BSB184HBE10Y,0.0,1.0,1,1,0,0,0,0,0,0
BSB184HBE14Y,0.0,0.0,0,0,0,0,0,0,0,0
BSB184LTG08Y,0.0,1.0,1,1,0,0,0,0,0,0
BSB184LTG10Y,0.0,2.0,2,2,0,0,0,0,0,0
BSB184LTG14Y,0.0,0.0,0,0,0,0,0,0,0,0
BSB184NTC08Y,0.0,1.0,1,1,0,0,0,0,0,0
BSB184NTC10Y,0.0,1.0,1,1,0,0,0,0,0,0
BSB184NTC14Y,0.0,0.0,0,0,0,0,0,0,0,0
BSB184OGY08Y,0.0,6.0,6,6,0,0,0,0,0,0
BSB184OGY10Y,0.0,0.0,0,0,0,0,0,0,0,0
BSB184OGY12Y,0.0,5.0,5,5,0,0,0,0,0,0
BSB184OGY14Y,0.0,0.0,0,0,0,0,0,0,0,0
BSB187BLK08Y,0.0,15.0,15,15,0,0,0,0,0,0
BSB187BLK08Y549,0.0,10.0,10,10,0,0,0,0,0,0
BSB187BLK10Y,0.0,12.0,12,12,0,0,0,0,0,0
BSB187BLK10Y549,0.0,10.0,10,10,0,0,0,0,0,0
BSB187BLK12Y,0.0,6.0,6,6,0,0,0,0,0,0
BSB187BLK12Y549,2.0,13.0,15,15,0,0,0,0,0,0
BSB187BLK14Y,0.0,8.0,8,8,0,0,0,0,0,0
BSB187BLK14Y549,0.0,14.0,14,14,0,0,0,0,0,0
BSB187BOE08Y,3.0,15.0,18,18,0,0,0,0,0,0
BSB187BOE08Y549,0.0,10.0,10,10,0,0,0,0,0,0
BSB187BOE10Y,0.0,4.0,4,4,0,0,0,0,0,0
BSB187BOE10Y549,0.0,10.0,10,10,0,0,0,0,0,0
BSB187BOE12Y,0.0,12.0,12,12,0,0,0,0,0,0
BSB187BOE12Y549,3.0,12.0,15,15,0,0,0,0,0,0
BSB187BOE14Y,0.0,10.0,10,10,0,0,0,0,0,0
BSB187BOE14Y549,1.0,14.0,15,15,0,0,0,0,0,0
BSB187OGY08Y,0.0,6.0,6,6,0,0,0,0,0,0
BSB187OGY08Y549,0.0,10.0,10,10,0,0,0,0,0,0
BSB187OGY10Y,0.0,4.0,4,4,0,0,0,0,0,0
BSB187OGY10Y549,1.0,10.0,11,11,0,0,0,0,0,0
BSB187OGY12Y,0.0,9.0,9,9,0,0,0,0,0,0
BSB187OGY12Y549,5.0,10.0,15,15,0,0,0,0,0,0
BSB187OGY14Y,0.0,7.0,7,7,0,0,0,0,0,0
BSB187OGY14Y549,5.0,10.0,15,15,0,0,0,0,0,0
BSB187SKO08Y,0.0,10.0,10,10,0,0,0,0,0,0
BSB187SKO08Y549,0.0,10.0,10,10,0,0,0,0,0,0
BSB187SKO10Y,0.0,7.0,7,7,0,0,0,0,0,0
BSB187SKO10Y549,0.0,8.0,8,8,0,0,0,0,0,0
BSB187SKO12Y,0.0,3.0,3,3,0,0,0,0,0,0
BSB187SKO12Y549,3.0,12.0,15,15,0,0,0,0,0,0
BSB187SKO14Y,0.0,5.0,5,5,0,0,0,0,0,0
BSB187SKO14Y549,0.0,15.0,15,15,0,0,0,0,0,0
BSB187TRN08Y,0.0,5.0,5,5,0,0,0,0,0,0
BSB187TRN08Y549,0.0,10.0,10,10,0,0,0,0,0,0
BSB187TRN10Y,0.0,2.0,2,2,0,0,0,0,0,0
BSB187TRN10Y549,0.0,10.0,10,10,0,0,0,0,0,0
BSB187TRN12Y,0.0,11.0,11,11,0,0,0,0,0,0
BSB187TRN12Y549,5.0,10.0,15,15,0,0,0,0,0,0
BSB187TRN14Y,0.0,6.0,6,6,0,0,0,0,0,0
BSB187TRN14Y549,5.0,10.0,15,15,0,0,0,0,0,0
BSB187VIO08Y,1.0,10.0,11,11,0,0,0,0,0,0
BSB187VIO08Y549,0.0,10.0,10,10,0,0,0,0,0,0
BSB187VIO10Y,0.0,7.0,7,7,0,0,0,0,0,0
BSB187VIO10Y549,0.0,10.0,10,10,0,0,0,0,0,0
BSB187VIO12Y,0.0,7.0,7,7,0,0,0,0,0,0
BSB187VIO12Y549,5.0,10.0,15,15,0,0,0,0,0,0
BSB187VIO14Y,0.0,3.0,3,3,0,0,0,0,0,0
BSB187VIO14Y549,2.0,13.0,15,15,0,0,0,0,0,0
BSB206BLK08Y,0.0,12.0,12,12,0,0,0,0,0,0
BSB206BLK10Y,0.0,10.0,10,10,0,0,0,0,0,0
BSB206BLK12Y,0.0,1.0,1,1,0,0,0,0,0,0
BSB206BLK14Y,0.0,0.0,0,0,0,0,0,0,0,0
BSB206MYE08Y,0.0,9.0,9,9,0,0,0,0,0,0
BSB206MYE10Y,0.0,11.0,11,11,0,0,0,0,0,0
BSB206MYE12Y,0.0,5.0,5,5,0,0,0,0,0,0
BSB206MYE14Y,0.0,6.0,6,6,0,0,0,0,0,0
BSB206OGY08Y,0.0,8.0,8,8,0,0,0,0,0,0
BSB206OGY10Y,0.0,16.0,16,16,0,0,0,0,0,0
BSB206OGY12Y,0.0,9.0,9,9,0,0,0,0,0,0
BSB206OGY14Y,0.0,2.0,2,2,0,0,0,0,0,0
BSB206UGY08Y,0.0,9.0,9,9,0,0,0,0,0,0
BSB206UGY10Y,0.0,10.0,10,10,0,0,0,0,0,0
BSB206UGY12Y,0.0,10.0,10,10,0,0,0,0,0,0
BSB206UGY14Y,0.0,4.0,4,4,0,0,0,0,0,0
BSB206WLG08Y,0.0,2.0,2,2,0,0,0,0,0,0
BSB206WLG10Y,0.0,2.0,2,2,0,0,0,0,0,0
BSB206WLG12Y,0.0,5.0,5,5,0,0,0,0,0,0
BSB206WLG14Y,0.0,0.0,0,0,0,0,0,0,0,0
BSB214LTG08Y,0.0,10.0,10,10,0,0,0,0,0,0
BSB214LTG10Y,0.0,18.0,18,18,0,0,0,0,0,0
BSB214LTG12Y,0.0,74.0,74,63,0,11,11,5,4,2
BSB214LTG14Y,0.0,272.0,272,233,0,39,39,18,15,6
BSB214PLA08Y,0.0,7.0,7,7,0,0,0,0,0,0
BSB214PLA10Y,0.0,20.0,20,20,0,0,0,0,0,0
BSB214PLA12Y,45.0,65.0,110,79,15,16,31,15,12,4
BSB214PLA14Y,123.0,142.0,265,170,57,38,95,45,37,13
BSB214SDL08Y,0.0,10.0,10,10,0,0,0,0,0,0
BSB214SDL10Y,2.0,16.0,18,18,0,0,0,0,0,0
BSB214SDL12Y,41.0,64.0,105,79,11,15,26,12,10,4
BSB214SDL14Y,130.0,142.0,272,174,59,39,98,46,38,14
BSB214SKY08Y,0.0,10.0,10,10,0,0,0,0,0,0
BSB214SKY10Y,0.0,16.0,16,16,0,0,0,0,0,0
BSB214SKY12Y,0.0,117.0,117,100,0,17,17,8,7,2
BSB214SKY14Y,0.0,261.0,261,223,0,38,38,18,15,5
BSBR16BLK06Y,0.0,13.0,13,13,0,0,0,0,0,0
BSBR16BLK06Y429,57.0,62.0,119,76,26,17,43,20,17,6
BSBR16BLK08Y,0.0,18.0,18,18,0,0,0,0,0,0
BSBR16BLK08Y429,0.0,2.0,2,2,0,0,0,0,0,0
BSBR16BLK10Y,0.0,6.0,6,6,0,0,0,0,0,0
BSBR16BLK10Y429,174.0,82.0,256,164,55,37,92,43,36,13
BSBR16BLK12Y,0.0,13.0,13,13,0,0,0,0,0,0
BSBR16BLK12Y429,296.0,131.0,427,273,92,62,154,73,60,21
BSBR16BLK14Y,0.0,0.0,0,0,0,0,0,0,0,0
BSBR16BLK14Y429,146.0,270.0,416,266,90,60,150,71,58,21
BSBR16BOE06Y429,6.0,65.0,71,61,0,10,10,5,4,1
BSBR16BOE08Y429,12.0,57.0,69,59,0,10,10,5,4,1
BSBR16BOE10Y429,112.0,39.0,151,100,32,19,51,24,20,7
BSBR16BOE12Y429,112.0,174.0,286,183,62,41,103,49,40,14
BSBR16BOE14Y429,156.0,140.0,296,189,64,43,107,51,42,14
BSBR16NYB06Y,0.0,14.0,14,14,0,0,0,0,0,0
BSBR16NYB06Y429,23.0,10.0,33,33,0,0,0,0,0,0
BSBR16NYB08Y,2.0,20.0,22,22,0,0,0,0,0,0
BSBR16NYB08Y429,0.0,27.0,27,23,0,4,4,2,2,0
BSBR16NYB10Y,0.0,3.0,3,3,0,0,0,0,0,0
BSBR16NYB10Y429,64.0,29.0,93,64,20,9,29,14,11,4
BSBR16NYB12Y,0.0,2.0,2,2,0,0,0,0,0,0
BSBR16NYB12Y429,0.0,166.0,166,142,0,24,24,11,9,4
BSBR16NYB14Y,0.0,0.0,0,0,0,0,0,0,0,0
BSBR16NYB14Y429,54.0,98.0,152,106,24,22,46,22,18,6
BSBR16SKO06Y,0.0,20.0,20,20,0,0,0,0,0,0
BSBR16SKO06Y429,14.0,12.0,26,26,0,0,0,0,0,0
BSBR16SKO08Y,0.0,11.0,11,11,0,0,0,0,0,0
BSBR16SKO08Y429,0.0,0.0,0,0,0,0,0,0,0,0
BSBR16SKO10Y,0.0,20.0,20,20,0,0,0,0,0,0
BSBR16SKO10Y429,2.0,35.0,37,32,0,5,5,2,2,1
BSBR16SKO12Y,0.0,10.0,10,10,0,0,0,0,0,0
BSBR16SKO12Y429,28.0,109.0,137,117,0,20,20,9,8,3
BSBR16SKO14Y,0.0,2.0,2,2,0,0,0,0,0,0
BSBR16SKO14Y429,67.0,127.0,194,129,37,28,65,31,25,9
BSBR16TRN06Y,0.0,12.0,12,12,0,0,0,0,0,0
BSBR16TRN08Y,8.0,13.0,21,21,0,0,0,0,0,0
BSBR16TRN10Y,0.0,6.0,6,6,0,0,0,0,0,0
BSBR16TRN12Y,0.0,6.0,6,6,0,0,0,0,0,0
BSBR16TRN14Y,0.0,0.0,0,0,0,0,0,0,0,0
BSBR16WLG06Y,0.0,20.0,20,20,0,0,0,0,0,0
BSBR16WLG06Y429,16.0,17.0,33,33,0,0,0,0,0,0
BSBR16WLG08Y,0.0,7.0,7,7,0,0,0,0,0,0
BSBR16WLG08Y429,0.0,2.0,2,2,0,0,0,0,0,0
BSBR16WLG10Y,0.0,17.0,17,17,0,0,0,0,0,0
BSBR16WLG10Y429,8.0,20.0,28,28,0,0,0,0,0,0
BSBR16WLG12Y,0.0,7.0,7,7,0,0,0,0,0,0
BSBR16WLG12Y429,64.0,50.0,114,73,25,16,41,19,16,6
BSBR16WLG14Y,0.0,10.0,10,10,0,0,0,0,0,0
BSBR16WLG14Y429,55.0,96.0,151,104,25,22,47,22,18,7
BSBR26BLK030,18.0,14.0,32,32,0,0,0,0,0,0
BSBR26BLK032,49.0,13.0,62,49,13,0,13,6,5,2
BSBR26BLK034,3.0,10.0,13,13,0,0,0,0,0,0
BSBR26BLK036,0.0,0.0,0,0,0,0,0,0,0,0
BSBR26BLK06Y,0.0,3.0,3,3,0,0,0,0,0,0
BSBR26CNG030,0.0,1.0,1,1,0,0,0,0,0,0
BSBR26HBE030,0.0,1.0,1,1,0,0,0,0,0,0
BSBR26HBE032,0.0,7.0,7,7,0,0,0,0,0,0
BSBR26IRG030,0.0,1.0,1,1,0,0,0,0,0,0
BSBR26IRG032,0.0,19.0,19,19,0,0,0,0,0,0
BSBR26IRG034,0.0,5.0,5,5,0,0,0,0,0,0
BSBR26IRG036,0.0,0.0,0,0,0,0,0,0,0,0
BSBR26IRG06Y,0.0,11.0,11,11,0,0,0,0,0,0
BSBR26KHI032,0.0,31.0,31,27,0,4,4,2,2,0
BSBR26KHI034,0.0,28.0,28,24,0,4,4,2,2,0
BSBR26KHI036,0.0,2.0,2,2,0,0,0,0,0,0
BSBR26LTG030,0.0,1.0,1,1,0,0,0,0,0,0
BSBR26LTG034,0.0,0.0,0,0,0,0,0,0,0,0
BSBR26NYB06Y,0.0,1.0,1,1,0,0,0,0,0,0
BSBR26NYB08Y,0.0,17.0,17,17,0,0,0,0,0,0
BSBR26NYB10Y,0.0,21.0,21,20,0,1,1,0,0,1
BSBR26NYB12Y,0.0,0.0,0,0,0,0,0,0,0,0
BSBR26NYB14Y,0.0,0.0,0,0,0,0,0,0,0,0
BSBR26SKO06Y,0.0,1.0,1,1,0,0,0,0,0,0
BSBR26SKO08Y,0.0,12.0,12,12,0,0,0,0,0,0
BSBR26SKO10Y,0.0,1.0,1,1,0,0,0,0,0,0
BSBR26SKO12Y,0.0,51.0,51,44,0,7,7,3,3,1
BSBR26SKO14Y,0.0,4.0,4,4,0,0,0,0,0,0
BSBR26TRN030,0.0,2.0,2,2,0,0,0,0,0,0
BSBR26TRN032,0.0,17.0,17,17,0,0,0,0,0,0
BSBR26TRN034,0.0,36.0,36,31,0,5,5,2,2,1
BSBR26TRN036,0.0,12.0,12,12,0,0,0,0,0,0
BSBR26TRN06Y,0.0,1.0,1,1,0,0,0,0,0,0
BTB111OVE032,0.0,1.0,1,1,0,0,0,0,0,0
BTB111RED036,0.0,0.0,0,0,0,0,0,0,0,0
BTB111RYB034,0.0,0.0,0,0,0,0,0,0,0,0
BTB112BLK032,0.0,0.0,0,0,0,0,0,0,0,0
BTB112BLK034,0.0,0.0,0,0,0,0,0,0,0,0
BTB112BLK036,0.0,0.0,0,0,0,0,0,0,0,0
BTB112LTG036,0.0,0.0,0,0,0,0,0,0,0,0
BTB112NVY034,0.0,0.0,0,0,0,0,0,0,0,0
BTB112NVY036,0.0,0.0,0,0,0,0,0,0,0,0
BTB112RED032,0.0,0.0,0,0,0,0,0,0,0,0
BTB112RED036,0.0,0.0,0,0,0,0,0,0,0,0
BTB112RST032,0.0,0.0,0,0,0,0,0,0,0,0
BTB112RYB034,0.0,0.0,0,0,0,0,0,0,0,0
BTB112SKY034,0.0,0.0,0,0,0,0,0,0,0,0
BTB112SKY036,0.0,0.0,0,0,0,0,0,0,0,0
BTB112WHT034,0.0,0.0,0,0,0,0,0,0,0,0
BTB112WHT036,0.0,0.0,0,0,0,0,0,0,0,0
BTB116CBN034,0.0,0.0,0,0,0,0,0,0,0,0
BTB116CBN036,0.0,0.0,0,0,0,0,0,0,0,0
BTB116LTG034,0.0,0.0,0,0,0,0,0,0,0,0
BTB116OVE036,0.0,0.0,0,0,0,0,0,0,0,0
BTB117BLF032,0.0,4.0,4,4,0,0,0,0,0,0
BTB117BLK032,0.0,4.0,4,4,0,0,0,0,0,0
BTB117CRB032,0.0,4.0,4,4,0,0,0,0,0,0
BTB117DCN032,0.0,2.0,2,2,0,0,0,0,0,0
BTB117DNM032,0.0,3.0,3,3,0,0,0,0,0,0
BTB117HTG032,0.0,2.0,2,2,0,0,0,0,0,0
BTB117LTG032,0.0,3.0,3,3,0,0,0,0,0,0
BTB117SPN032,0.0,4.0,4,4,0,0,0,0,0,0
BTB118DMM036,0.0,0.0,0,0,0,0,0,0,0,0
BTB118LGM036,0.0,0.0,0,0,0,0,0,0,0,0
BTB118SPM034,0.0,0.0,0,0,0,0,0,0,0,0
BTB118TLM032,0.0,0.0,0,0,0,0,0,0,0,0
BTB119BUG036,0.0,0.0,0,0,0,0,0,0,0,0
BTB119CBN032,0.0,2.0,2,2,0,0,0,0,0,0
BTB119CBN034,0.0,0.0,0,0,0,0,0,0,0,0
BTB119DNM034,0.0,1.0,1,1,0,0,0,0,0,0
BTB119DNM036,0.0,0.0,0,0,0,0,0,0,0,0
BTB119LTG036,0.0,0.0,0,0,0,0,0,0,0,0
BTB119LTN032,0.0,2.0,2,2,0,0,0,0,0,0
BTB119LTN034,0.0,0.0,0,0,0,0,0,0,0,0
BTB119LTN036,0.0,0.0,0,0,0,0,0,0,0,0
BTB119OVE032,0.0,1.0,1,1,0,0,0,0,0,0
BTB119OVE034,0.0,0.0,0,0,0,0,0,0,0,0
BTB119TEL032,0.0,1.0,1,1,0,0,0,0,0,0
BTB120BLK08Y002,0.0,5.0,5,5,0,0,0,0,0,0
BTB120BLK08Y003,0.0,2.0,2,2,0,0,0,0,0,0
BTB120BLK10Y002,0.0,4.0,4,4,0,0,0,0,0,0
BTB120BLK10Y003,0.0,3.0,3,3,0,0,0,0,0,0
BTB120BLK14Y003,0.0,1.0,1,1,0,0,0,0,0,0
BTB120BTD08Y002,0.0,1.0,1,1,0,0,0,0,0,0
BTB120BTD10Y002,0.0,2.0,2,2,0,0,0,0,0,0
BTB120BTD10Y003,0.0,2.0,2,2,0,0,0,0,0,0
BTB120BTD12Y002,0.0,1.0,1,1,0,0,0,0,0,0
BTB120BTD14Y003,0.0,4.0,4,4,0,0,0,0,0,0
BTB120FIG08Y002,0.0,39.0,39,33,0,6,6,3,2,1
BTB120FIG10Y002,0.0,21.0,21,20,0,1,1,0,0,1
BTB120HTG08Y002,0.0,20.0,20,20,0,0,0,0,0,0
BTB120HTG12Y002,0.0,1.0,1,1,0,0,0,0,0,0
BTB120IRG08Y002,0.0,26.0,26,22,0,4,4,2,2,0
BTB120IRG10Y002,0.0,7.0,7,7,0,0,0,0,0,0
BTB120IRG14Y002,0.0,0.0,0,0,0,0,0,0,0,0
BTB120OBR08Y003,0.0,7.0,7,7,0,0,0,0,0,0
BTB120OBR12Y003,0.0,1.0,1,1,0,0,0,0,0,0
BTB120OBR14Y003,0.0,2.0,2,2,0,0,0,0,0,0
BTB120OLD08Y003,0.0,4.0,4,4,0,0,0,0,0,0
BTB120OLD10Y003,0.0,1.0,1,1,0,0,0,0,0,0
BTB120OLD12Y003,0.0,1.0,1,1,0,0,0,0,0,0
BTB120ORG032,0.0,1.0,1,1,0,0,0,0,0,0
BTB120RYB034,0.0,2.0,2,2,0,0,0,0,0,0
BTB120SEG08Y002,16.0,15.0,31,31,0,0,0,0,0,0
BTB120SEG10Y002,4.0,19.0,23,23,0,0,0,0,0,0
BTB120SEG12Y002,0.0,3.0,3,3,0,0,0,0,0,0
BTB120SEG14Y002,0.0,1.0,1,1,0,0,0,0,0,0
BTB120TRN08Y003,0.0,3.0,3,3,0,0,0,0,0,0
BTB120TRN10Y003,0.0,2.0,2,2,0,0,0,0,0,0
BTB120TSP08Y002,0.0,30.0,30,26,0,4,4,2,2,0
BTB120TSP10Y002,0.0,14.0,14,14,0,0,0,0,0,0
BTB120TSP12Y002,0.0,0.0,0,0,0,0,0,0,0,0
BTB120WHT08Y002,0.0,15.0,15,15,0,0,0,0,0,0
BTB120WHT08Y003,0.0,3.0,3,3,0,0,0,0,0,0
BTB120WHT10Y002,0.0,6.0,6,6,0,0,0,0,0,0
BTB120WHT10Y003,0.0,2.0,2,2,0,0,0,0,0,0
BTB120WHT12Y002,0.0,2.0,2,2,0,0,0,0,0,0
BTB120WHT12Y003,0.0,1.0,1,1,0,0,0,0,0,0
BTB120WHT14Y003,0.0,6.0,6,6,0,0,0,0,0,0
BTB121AGY08Y007,0.0,15.0,15,15,0,0,0,0,0,0
BTB121AGY10Y007,0.0,3.0,3,3,0,0,0,0,0,0
BTB121AGY12Y007,0.0,35.0,35,30,0,5,5,2,2,1
BTB121AGY14Y007,0.0,26.0,26,22,0,4,4,2,2,0
BTB121BLE06Y006,0.0,11.0,11,11,0,0,0,0,0,0
BTB121BLE08Y006,0.0,9.0,9,9,0,0,0,0,0,0
BTB121BLE10Y006,0.0,2.0,2,2,0,0,0,0,0,0
BTB121BLE12Y006,0.0,0.0,0,0,0,0,0,0,0,0
BTB121BLE14Y006,0.0,5.0,5,5,0,0,0,0,0,0
BTB121BLK034002,0.0,0.0,0,0,0,0,0,0,0,0
BTB121BLK036002,0.0,0.0,0,0,0,0,0,0,0,0
BTB121BLK06Y006,0.0,3.0,3,3,0,0,0,0,0,0
BTB121BLK08Y005,0.0,0.0,0,0,0,0,0,0,0,0
BTB121BLK08Y007,0.0,0.0,0,0,0,0,0,0,0,0
BTB121BLK10Y004,0.0,0.0,0,0,0,0,0,0,0,0
BTB121BLK10Y005,0.0,5.0,5,5,0,0,0,0,0,0
BTB121BLK10Y006,0.0,2.0,2,2,0,0,0,0,0,0
BTB121BLK10Y007,27.0,11.0,38,38,0,0,0,0,0,0
BTB121BLK12Y004,0.0,0.0,0,0,0,0,0,0,0,0
BTB121BLK12Y005,0.0,2.0,2,2,0,0,0,0,0,0
BTB121BLK12Y006,0.0,0.0,0,0,0,0,0,0,0,0
BTB121BLK12Y007,0.0,4.0,4,4,0,0,0,0,0,0
BTB121BLK14Y004,0.0,0.0,0,0,0,0,0,0,0,0
BTB121BLK14Y005,0.0,4.0,4,4,0,0,0,0,0,0
BTB121BLK14Y006,0.0,0.0,0,0,0,0,0,0,0,0
BTB121BLK14Y007,0.0,3.0,3,3,0,0,0,0,0,0
BTB121BTD08Y004,0.0,0.0,0,0,0,0,0,0,0,0
BTB121BTD10Y004,0.0,0.0,0,0,0,0,0,0,0,0
BTB121BTD12Y004,0.0,0.0,0,0,0,0,0,0,0,0
BTB121BTD14Y004,0.0,2.0,2,2,0,0,0,0,0,0
BTB121CFK08Y007,0.0,5.0,5,5,0,0,0,0,0,0
BTB121CFK10Y005,0.0,1.0,1,1,0,0,0,0,0,0
BTB121CFK10Y007,0.0,11.0,11,11,0,0,0,0,0,0
BTB121CFK12Y005,0.0,9.0,9,9,0,0,0,0,0,0
BTB121CFK12Y007,0.0,15.0,15,15,0,0,0,0,0,0
BTB121CFK14Y005,0.0,9.0,9,9,0,0,0,0,0,0
BTB121CFK14Y007,47.0,21.0,68,53,14,1,15,7,6,2
BTB121FIG030003,0.0,1.0,1,1,0,0,0,0,0,0
BTB121HTG032,0.0,5.0,5,5,0,0,0,0,0,0
BTB121HTG036,0.0,0.0,0,0,0,0,0,0,0,0
BTB121HTR06Y006,0.0,3.0,3,3,0,0,0,0,0,0
BTB121HTR08Y006,0.0,5.0,5,5,0,0,0,0,0,0
BTB121HTR10Y006,0.0,8.0,8,8,0,0,0,0,0,0
BTB121HTR12Y006,0.0,10.0,10,10,0,0,0,0,0,0
BTB121HTR14Y006,0.0,9.0,9,9,0,0,0,0,0,0
BTB121IRG030003,0.0,1.0,1,1,0,0,0,0,0,0
BTB121MBN10Y005,0.0,5.0,5,5,0,0,0,0,0,0
BTB121MBN12Y005,0.0,6.0,6,6,0,0,0,0,0,0
BTB121MBN14Y005,0.0,0.0,0,0,0,0,0,0,0,0
BTB121MNB10Y007,0.0,13.0,13,13,0,0,0,0,0,0
BTB121MNB12Y007,0.0,2.0,2,2,0,0,0,0,0,0
BTB121MNB14Y007,0.0,20.0,20,20,0,0,0,0,0,0
BTB121MSA06Y006,0.0,11.0,11,11,0,0,0,0,0,0
BTB121MSA08Y006,0.0,6.0,6,6,0,0,0,0,0,0
BTB121MSA10Y006,0.0,2.0,2,2,0,0,0,0,0,0
BTB121MSA12Y006,0.0,5.0,5,5,0,0,0,0,0,0
BTB121MSA14Y006,0.0,8.0,8,8,0,0,0,0,0,0
BTB121MYE06Y006,0.0,3.0,3,3,0,0,0,0,0,0
BTB121MYE08Y006,0.0,0.0,0,0,0,0,0,0,0,0
BTB121MYE10Y006,0.0,5.0,5,5,0,0,0,0,0,0
BTB121MYE12Y006,0.0,5.0,5,5,0,0,0,0,0,0
BTB121MYE14Y006,0.0,4.0,4,4,0,0,0,0,0,0
BTB121OBR08Y004,0.0,3.0,3,3,0,0,0,0,0,0
BTB121OBR10Y004,0.0,2.0,2,2,0,0,0,0,0,0
BTB121OBR12Y004,0.0,4.0,4,4,0,0,0,0,0,0
BTB121OBR14Y004,0.0,3.0,3,3,0,0,0,0,0,0
BTB121OFW08Y005,0.0,2.0,2,2,0,0,0,0,0,0
BTB121OFW08Y007,0.0,19.0,19,19,0,0,0,0,0,0
BTB121OFW10Y005,0.0,4.0,4,4,0,0,0,0,0,0
BTB121OFW10Y007,0.0,0.0,0,0,0,0,0,0,0,0
BTB121OFW12Y005,0.0,10.0,10,10,0,0,0,0,0,0
BTB121OFW12Y007,0.0,25.0,25,21,0,4,4,2,2,0
BTB121OFW14Y005,0.0,0.0,0,0,0,0,0,0,0,0
BTB121OFW14Y007,0.0,17.0,17,17,0,0,0,0,0,0
BTB121OLD08Y004,0.0,0.0,0,0,0,0,0,0,0,0
BTB121OLD08Y005,0.0,5.0,5,5,0,0,0,0,0,0
BTB121OLD10Y004,0.0,0.0,0,0,0,0,0,0,0,0
BTB121OLD10Y005,0.0,2.0,2,2,0,0,0,0,0,0
BTB121OLD12Y004,0.0,0.0,0,0,0,0,0,0,0,0
BTB121OLD12Y005,0.0,11.0,11,11,0,0,0,0,0,0
BTB121OLD14Y004,0.0,0.0,0,0,0,0,0,0,0,0
BTB121OLD14Y005,0.0,18.0,18,18,0,0,0,0,0,0
BTB121RED034,0.0,1.0,1,1,0,0,0,0,0,0
BTB121RYB032002,0.0,1.0,1,1,0,0,0,0,0,0
BTB121RYB036002,0.0,0.0,0,0,0,0,0,0,0,0
BTB121SEG030003,0.0,1.0,1,1,0,0,0,0,0,0
BTB121SEG032003,0.0,3.0,3,3,0,0,0,0,0,0
BTB121SEG034,0.0,1.0,1,1,0,0,0,0,0,0
BTB121TEL08Y007,0.0,16.0,16,16,0,0,0,0,0,0
BTB121TEL12Y007,0.0,6.0,6,6,0,0,0,0,0,0
BTB121TEL14Y007,0.0,32.0,32,27,0,5,5,2,2,1
BTB121TRN08Y004,0.0,0.0,0,0,0,0,0,0,0,0
BTB121TRN10Y004,0.0,0.0,0,0,0,0,0,0,0,0
BTB121TRN12Y004,0.0,0.0,0,0,0,0,0,0,0,0
BTB121TRN14Y004,0.0,0.0,0,0,0,0,0,0,0,0
BTB121UGY10Y005,0.0,6.0,6,6,0,0,0,0,0,0
BTB121UGY12Y005,0.0,8.0,8,8,0,0,0,0,0,0
BTB121UGY14Y005,0.0,13.0,13,13,0,0,0,0,0,0
BTB121WHT032002,0.0,9.0,9,9,0,0,0,0,0,0
BTB121WHT032003,0.0,0.0,0,0,0,0,0,0,0,0
BTB121WHT034002,0.0,3.0,3,3,0,0,0,0,0,0
BTB121WHT036002,0.0,0.0,0,0,0,0,0,0,0,0
BTB121WHT06Y006,0.0,4.0,4,4,0,0,0,0,0,0
BTB121WHT08Y006,0.0,8.0,8,8,0,0,0,0,0,0
BTB121WHT10Y004,0.0,2.0,2,2,0,0,0,0,0,0
BTB121WHT10Y006,0.0,6.0,6,6,0,0,0,0,0,0
BTB121WHT12Y006,0.0,2.0,2,2,0,0,0,0,0,0
BTB121WHT14Y006,0.0,4.0,4,4,0,0,0,0,0,0
BTB122LTN032,0.0,1.0,1,1,0,0,0,0,0,0
BTB122MGO034,0.0,1.0,1,1,0,0,0,0,0,0
BTB122RED032,0.0,0.0,0,0,0,0,0,0,0,0
BTB122SCB032,0.0,2.0,2,2,0,0,0,0,0,0
BTB123RED034,0.0,0.0,0,0,0,0,0,0,0,0
BTB126BCT036,0.0,1.0,1,1,0,0,0,0,0,0
BTB126HTG036,0.0,0.0,0,0,0,0,0,0,0,0
BTB126PGN036,0.0,0.0,0,0,0,0,0,0,0,0
BTB130DSN032,0.0,1.0,1,1,0,0,0,0,0,0
BTB130DSN034,0.0,2.0,2,2,0,0,0,0,0,0
BTB130LTL032,0.0,5.0,5,5,0,0,0,0,0,0
BTB130MGO032,0.0,4.0,4,4,0,0,0,0,0,0
BTB130RED032,0.0,1.0,1,1,0,0,0,0,0,0
BTB130SKY032,0.0,2.0,2,2,0,0,0,0,0,0
BTB130SKY034,0.0,1.0,1,1,0,0,0,0,0,0
BTB130SKY036,0.0,0.0,0,0,0,0,0,0,0,0
BTB133AQS038,0.0,0.0,0,0,0,0,0,0,0,0
BTB133BLK034,0.0,1.0,1,1,0,0,0,0,0,0
BTB133BRD038,0.0,2.0,2,2,0,0,0,0,0,0
BTB133CRB038,0.0,0.0,0,0,0,0,0,0,0,0
BTB133HTG038,0.0,0.0,0,0,0,0,0,0,0,0
BTB133OML038,0.0,1.0,1,1,0,0,0,0,0,0
BTB133PAE038,0.0,1.0,1,1,0,0,0,0,0,0
BTB134BEG08Y,0.0,0.0,0,0,0,0,0,0,0,0
BTB134BEG10Y,0.0,0.0,0,0,0,0,0,0,0,0
BTB134BEG10Y379,10.0,13.0,23,23,0,0,0,0,0,0
BTB134BEG12Y,0.0,1.0,1,1,0,0,0,0,0,0
BTB134BEG12Y379,9.0,13.0,22,22,0,0,0,0,0,0
BTB134BEG14Y,0.0,0.0,0,0,0,0,0,0,0,0
BTB134BEG14Y379,9.0,13.0,22,22,0,0,0,0,0,0
BTB134BMD08Y,0.0,2.0,2,2,0,0,0,0,0,0
BTB134BMD10Y,0.0,3.0,3,3,0,0,0,0,0,0
BTB134BMD10Y379,9.0,13.0,22,22,0,0,0,0,0,0
BTB134BMD12Y,0.0,2.0,2,2,0,0,0,0,0,0
BTB134BMD12Y379,9.0,12.0,21,21,0,0,0,0,0,0
BTB134BMD14Y,0.0,1.0,1,1,0,0,0,0,0,0
BTB134BMD14Y379,9.0,13.0,22,22,0,0,0,0,0,0
BTB134BVA08Y,0.0,3.0,3,3,0,0,0,0,0,0
BTB134BVA10Y,0.0,7.0,7,7,0,0,0,0,0,0
BTB134BVA10Y379,9.0,13.0,22,22,0,0,0,0,0,0
BTB134BVA12Y,0.0,5.0,5,5,0,0,0,0,0,0
BTB134BVA12Y379,8.0,12.0,20,20,0,0,0,0,0,0
BTB134BVA14Y,0.0,6.0,6,6,0,0,0,0,0,0
BTB134BVA14Y379,9.0,12.0,21,21,0,0,0,0,0,0
BTB134GNS08Y,0.0,7.0,7,7,0,0,0,0,0,0
BTB134GNS10Y,0.0,5.0,5,5,0,0,0,0,0,0
BTB134GNS10Y379,8.0,13.0,21,21,0,0,0,0,0,0
BTB134GNS12Y,0.0,4.0,4,4,0,0,0,0,0,0
BTB134GNS12Y379,10.0,13.0,23,23,0,0,0,0,0,0
BTB134GNS14Y,0.0,2.0,2,2,0,0,0,0,0,0
BTB134GNS14Y379,9.0,11.0,20,20,0,0,0,0,0,0
BTB134GYS08Y,0.0,5.0,5,5,0,0,0,0,0,0
BTB134GYS10Y,0.0,8.0,8,8,0,0,0,0,0,0
BTB134GYS10Y379,12.0,13.0,25,25,0,0,0,0,0,0
BTB134GYS12Y,0.0,2.0,2,2,0,0,0,0,0,0
BTB134GYS12Y379,12.0,12.0,24,24,0,0,0,0,0,0
BTB134GYS14Y379,12.0,12.0,24,24,0,0,0,0,0,0
BTB134RRM08Y,0.0,5.0,5,5,0,0,0,0,0,0
BTB134RRM10Y,0.0,5.0,5,5,0,0,0,0,0,0
BTB134RRM10Y379,12.0,12.0,24,24,0,0,0,0,0,0
BTB134RRM12Y,0.0,2.0,2,2,0,0,0,0,0,0
BTB134RRM12Y379,12.0,12.0,24,24,0,0,0,0,0,0
BTB134RRM14Y379,12.0,13.0,25,25,0,0,0,0,0,0
BTB135ABT034,0.0,1.0,1,1,0,0,0,0,0,0
BTB135ABT036,0.0,3.0,3,3,0,0,0,0,0,0
BTB135LBE032,0.0,1.0,1,1,0,0,0,0,0,0
BTB135NVY032,0.0,2.0,2,2,0,0,0,0,0,0
BTB135NVY036,0.0,1.0,1,1,0,0,0,0,0,0
BTB135PCA032,0.0,1.0,1,1,0,0,0,0,0,0
BTB135PCL032,0.0,1.0,1,1,0,0,0,0,0,0
BTB136ABT032,0.0,5.0,5,5,0,0,0,0,0,0
BTB136ABT034,0.0,1.0,1,1,0,0,0,0,0,0
BTB136ABT036,0.0,5.0,5,5,0,0,0,0,0,0
BTB136LBE032,0.0,5.0,5,5,0,0,0,0,0,0
BTB136LBE034,0.0,5.0,5,5,0,0,0,0,0,0
BTB136LBE036,0.0,5.0,5,5,0,0,0,0,0,0
BTB136LRG032,0.0,4.0,4,4,0,0,0,0,0,0
BTB136LRG034,0.0,1.0,1,1,0,0,0,0,0,0
BTB136LRG036,0.0,1.0,1,1,0,0,0,0,0,0
BTB136NVY032,0.0,4.0,4,4,0,0,0,0,0,0
BTB136NVY034,0.0,4.0,4,4,0,0,0,0,0,0
BTB136NVY036,0.0,3.0,3,3,0,0,0,0,0,0
BTB136PCA032,0.0,3.0,3,3,0,0,0,0,0,0
BTB136PCA034,0.0,5.0,5,5,0,0,0,0,0,0
BTB136PCA036,0.0,4.0,4,4,0,0,0,0,0,0
BTB136PCL032,0.0,5.0,5,5,0,0,0,0,0,0
BTB136PCL034,0.0,5.0,5,5,0,0,0,0,0,0
BTB136PCL036,0.0,3.0,3,3,0,0,0,0,0,0
BTB138ABT032,0.0,3.0,3,3,0,0,0,0,0,0
BTB138ABT034,0.0,2.0,2,2,0,0,0,0,0,0
BTB138ABT036,0.0,2.0,2,2,0,0,0,0,0,0
BTB138LBE032,0.0,3.0,3,3,0,0,0,0,0,0
BTB138LBE034,0.0,3.0,3,3,0,0,0,0,0,0
BTB138LRG032,0.0,3.0,3,3,0,0,0,0,0,0
BTB138LRG034,0.0,4.0,4,4,0,0,0,0,0,0
BTB138NVY032,0.0,1.0,1,1,0,0,0,0,0,0
BTB138NVY034,0.0,2.0,2,2,0,0,0,0,0,0
BTB138PCA032,0.0,6.0,6,6,0,0,0,0,0,0
BTB138PCA034,0.0,4.0,4,4,0,0,0,0,0,0
BTB138PCA036,0.0,5.0,5,5,0,0,0,0,0,0
BTB138PCL032,0.0,2.0,2,2,0,0,0,0,0,0
BTB138PCL034,0.0,5.0,5,5,0,0,0,0,0,0
BTB138PCL036,0.0,2.0,2,2,0,0,0,0,0,0
BTB141AQS08Y002,0.0,5.0,5,5,0,0,0,0,0,0
BTB141BLE06Y005,0.0,2.0,2,2,0,0,0,0,0,0
BTB141BLE08Y004,0.0,4.0,4,4,0,0,0,0,0,0
BTB141BLE08Y005,0.0,3.0,3,3,0,0,0,0,0,0
BTB141BLE10Y004,0.0,2.0,2,2,0,0,0,0,0,0
BTB141BLE10Y005,0.0,8.0,8,8,0,0,0,0,0,0
BTB141BLE12Y004,0.0,0.0,0,0,0,0,0,0,0,0
BTB141BLE12Y005,0.0,3.0,3,3,0,0,0,0,0,0
BTB141BLE14Y004,0.0,1.0,1,1,0,0,0,0,0,0
BTB141BLE14Y005,0.0,0.0,0,0,0,0,0,0,0,0
BTB141BLK10Y003,0.0,1.0,1,1,0,0,0,0,0,0
BTB141CFK06Y005,0.0,0.0,0,0,0,0,0,0,0,0
BTB141CFK08Y004,0.0,1.0,1,1,0,0,0,0,0,0
BTB141CFK08Y005,0.0,3.0,3,3,0,0,0,0,0,0
BTB141CFK10Y004,0.0,0.0,0,0,0,0,0,0,0,0
BTB141CFK10Y005,0.0,10.0,10,10,0,0,0,0,0,0
BTB141CFK12Y004,0.0,0.0,0,0,0,0,0,0,0,0
BTB141CFK12Y005,0.0,6.0,6,6,0,0,0,0,0,0
BTB141CFK14Y004,0.0,1.0,1,1,0,0,0,0,0,0
BTB141CFK14Y005,0.0,3.0,3,3,0,0,0,0,0,0
BTB141CTF10Y003,0.0,1.0,1,1,0,0,0,0,0,0
BTB141CTF12Y003,0.0,0.0,0,0,0,0,0,0,0,0
BTB141CTF14Y003,0.0,0.0,0,0,0,0,0,0,0,0
BTB141DPK06Y005,0.0,3.0,3,3,0,0,0,0,0,0
BTB141DPK08Y004,0.0,7.0,7,7,0,0,0,0,0,0
BTB141DPK08Y005,0.0,1.0,1,1,0,0,0,0,0,0
BTB141DPK10Y004,0.0,1.0,1,1,0,0,0,0,0,0
BTB141DPK10Y005,0.0,6.0,6,6,0,0,0,0,0,0
BTB141DPK12Y004,0.0,0.0,0,0,0,0,0,0,0,0
BTB141DPK12Y005,0.0,1.0,1,1,0,0,0,0,0,0
BTB141DPK14Y004,0.0,0.0,0,0,0,0,0,0,0,0
BTB141DPK14Y005,0.0,3.0,3,3,0,0,0,0,0,0
BTB141GJD08Y003,0.0,0.0,0,0,0,0,0,0,0,0
BTB141GJD10Y003,0.0,0.0,0,0,0,0,0,0,0,0
BTB141GJD12Y003,0.0,0.0,0,0,0,0,0,0,0,0
BTB141GJD14Y003,0.0,0.0,0,0,0,0,0,0,0,0
BTB141HBE08Y003,0.0,3.0,3,3,0,0,0,0,0,0
BTB141HBE10Y003,0.0,1.0,1,1,0,0,0,0,0,0
BTB141HBE12Y003,0.0,0.0,0,0,0,0,0,0,0,0
BTB141HBE14Y003,0.0,0.0,0,0,0,0,0,0,0,0
BTB141KHI06Y005,0.0,4.0,4,4,0,0,0,0,0,0
BTB141KHI08Y003,0.0,0.0,0,0,0,0,0,0,0,0
BTB141KHI08Y004,0.0,3.0,3,3,0,0,0,0,0,0
BTB141KHI08Y005,0.0,5.0,5,5,0,0,0,0,0,0
BTB141KHI10Y003,0.0,3.0,3,3,0,0,0,0,0,0
BTB141KHI10Y004,0.0,4.0,4,4,0,0,0,0,0,0
BTB141KHI10Y005,0.0,6.0,6,6,0,0,0,0,0,0
BTB141KHI12Y003,0.0,4.0,4,4,0,0,0,0,0,0
BTB141KHI12Y004,0.0,0.0,0,0,0,0,0,0,0,0
BTB141KHI12Y005,0.0,6.0,6,6,0,0,0,0,0,0
BTB141KHI14Y003,0.0,0.0,0,0,0,0,0,0,0,0
BTB141KHI14Y004,0.0,1.0,1,1,0,0,0,0,0,0
BTB141KHI14Y005,0.0,0.0,0,0,0,0,0,0,0,0
BTB141MBN08Y002,0.0,3.0,3,3,0,0,0,0,0,0
BTB141MBN12Y002,0.0,2.0,2,2,0,0,0,0,0,0
BTB141MYE06Y005,0.0,4.0,4,4,0,0,0,0,0,0
BTB141MYE08Y005,0.0,0.0,0,0,0,0,0,0,0,0
BTB141MYE10Y005,0.0,14.0,14,14,0,0,0,0,0,0
BTB141MYE14Y005,0.0,0.0,0,0,0,0,0,0,0,0
BTB141TLE08Y002,0.0,9.0,9,9,0,0,0,0,0,0
BTB141TLE08Y003,0.0,6.0,6,6,0,0,0,0,0,0
BTB141TLE10Y002,0.0,1.0,1,1,0,0,0,0,0,0
BTB141TLE12Y002,0.0,4.0,4,4,0,0,0,0,0,0
BTB141TLE12Y003,0.0,0.0,0,0,0,0,0,0,0,0
BTB141WGN08Y002,0.0,5.0,5,5,0,0,0,0,0,0
BTB141WLG06Y005,0.0,7.0,7,7,0,0,0,0,0,0
BTB141WLG08Y004,0.0,1.0,1,1,0,0,0,0,0,0
BTB141WLG08Y005,0.0,7.0,7,7,0,0,0,0,0,0
BTB141WLG10Y004,0.0,2.0,2,2,0,0,0,0,0,0
BTB141WLG10Y005,13.0,10.0,23,23,0,0,0,0,0,0
BTB141WLG12Y004,0.0,0.0,0,0,0,0,0,0,0,0
BTB141WLG12Y005,0.0,1.0,1,1,0,0,0,0,0,0
BTB141WLG14Y004,0.0,0.0,0,0,0,0,0,0,0,0
BTB141WLG14Y005,0.0,1.0,1,1,0,0,0,0,0,0
BTB142MGO030,0.0,0.0,0,0,0,0,0,0,0,0
BTB143BTE034,0.0,2.0,2,2,0,0,0,0,0,0
BTB143BTE036,0.0,1.0,1,1,0,0,0,0,0,0
BTB143DTE036,0.0,2.0,2,2,0,0,0,0,0,0
BTB143NVY036,0.0,1.0,1,1,0,0,0,0,0,0
BTB143PAE034,0.0,4.0,4,4,0,0,0,0,0,0
BTB143TLE034,0.0,2.0,2,2,0,0,0,0,0,0
BTB145BLK030,0.0,13.0,13,13,0,0,0,0,0,0
BTB145BLK032,3.0,12.0,15,15,0,0,0,0,0,0
BTB145BLK034,0.0,11.0,11,11,0,0,0,0,0,0
BTB145BLK036,0.0,14.0,14,14,0,0,0,0,0,0
BTB145BTE030,0.0,12.0,12,12,0,0,0,0,0,0
BTB145BTE032,6.0,14.0,20,20,0,0,0,0,0,0
BTB145BTE034,0.0,10.0,10,10,0,0,0,0,0,0
BTB145BTE036,0.0,12.0,12,12,0,0,0,0,0,0
BTB145DRD030,0.0,14.0,14,14,0,0,0,0,0,0
BTB145DRD032,1.0,21.0,22,21,0,1,1,0,0,1
BTB145DRD034,0.0,11.0,11,11,0,0,0,0,0,0
BTB145DRD036,0.0,7.0,7,7,0,0,0,0,0,0
BTB145DTE030,6.0,17.0,23,23,0,0,0,0,0,0
BTB145DTE032,2.0,20.0,22,22,0,0,0,0,0,0
BTB145DTE034,7.0,11.0,18,18,0,0,0,0,0,0
BTB145DTE036,0.0,15.0,15,15,0,0,0,0,0,0
BTB145LBE030,0.0,15.0,15,15,0,0,0,0,0,0
BTB145LBE032,2.0,14.0,16,16,0,0,0,0,0,0
BTB145LBE034,0.0,10.0,10,10,0,0,0,0,0,0
BTB145LBE036,0.0,12.0,12,12,0,0,0,0,0,0
BTB145NVY030,0.0,8.0,8,8,0,0,0,0,0,0
BTB145NVY032,3.0,11.0,14,14,0,0,0,0,0,0
BTB145NVY034,0.0,12.0,12,12,0,0,0,0,0,0
BTB145NVY036,0.0,6.0,6,6,0,0,0,0,0,0
BTB145PAE030,4.0,17.0,21,21,0,0,0,0,0,0
BTB145PAE032,0.0,27.0,27,23,0,4,4,2,2,0
BTB145PAE034,7.0,11.0,18,18,0,0,0,0,0,0
BTB145PAE036,0.0,11.0,11,11,0,0,0,0,0,0
BTB145TLE030,5.0,18.0,23,23,0,0,0,0,0,0
BTB145TLE032,3.0,21.0,24,23,0,1,1,0,0,1
BTB145TLE034,3.0,20.0,23,23,0,0,0,0,0,0
BTB145TLE036,0.0,6.0,6,6,0,0,0,0,0,0
BTB146BTE032,0.0,1.0,1,1,0,0,0,0,0,0
BTB146DTE032,0.0,1.0,1,1,0,0,0,0,0,0
BTB146DTE034,0.0,1.0,1,1,0,0,0,0,0,0
BTB146PAE034,0.0,3.0,3,3,0,0,0,0,0,0
BTB146PAE036,0.0,3.0,3,3,0,0,0,0,0,0
BTB150BLK030,0.0,3.0,3,3,0,0,0,0,0,0
BTB150BLK032,0.0,1.0,1,1,0,0,0,0,0,0
BTB150BLK034,0.0,1.0,1,1,0,0,0,0,0,0
BTB150BRD030,0.0,12.0,12,12,0,0,0,0,0,0
BTB150BRD032,0.0,5.0,5,5,0,0,0,0,0,0
BTB150BRD034,0.0,2.0,2,2,0,0,0,0,0,0
BTB150BRD036,0.0,5.0,5,5,0,0,0,0,0,0
BTB150BTD030,0.0,4.0,4,4,0,0,0,0,0,0
BTB150BTD032,0.0,4.0,4,4,0,0,0,0,0,0
BTB150BTD034,0.0,10.0,10,10,0,0,0,0,0,0
BTB150BTD036,0.0,1.0,1,1,0,0,0,0,0,0
BTB150LGN030,0.0,3.0,3,3,0,0,0,0,0,0
BTB150LGN034,0.0,2.0,2,2,0,0,0,0,0,0
BTB150MBN030,0.0,10.0,10,10,0,0,0,0,0,0
BTB150MBN032,0.0,9.0,9,9,0,0,0,0,0,0
BTB150MBN034,0.0,4.0,4,4,0,0,0,0,0,0
BTB150MBN036,0.0,12.0,12,12,0,0,0,0,0,0
BTB150MGO030,0.0,1.0,1,1,0,0,0,0,0,0
BTB150MGO034,0.0,1.0,1,1,0,0,0,0,0,0
BTB150MGO036,0.0,1.0,1,1,0,0,0,0,0,0
BTB150OFW032,0.0,1.0,1,1,0,0,0,0,0,0
BTB150OFW034,0.0,0.0,0,0,0,0,0,0,0,0
BTB150OFW036,0.0,1.0,1,1,0,0,0,0,0,0
BTB150PGN030,0.0,5.0,5,5,0,0,0,0,0,0
BTB150PGN032,0.0,4.0,4,4,0,0,0,0,0,0
BTB150PGN034,0.0,1.0,1,1,0,0,0,0,0,0
BTB150PGN036,0.0,1.0,1,1,0,0,0,0,0,0
BTB151BLK030,0.0,15.0,15,15,0,0,0,0,0,0
BTB151BLK032,0.0,18.0,18,18,0,0,0,0,0,0
BTB151BLK034,0.0,3.0,3,3,0,0,0,0,0,0
BTB151BLK036,0.0,3.0,3,3,0,0,0,0,0,0
BTB151BRD030,0.0,6.0,6,6,0,0,0,0,0,0
BTB151BRD032,0.0,1.0,1,1,0,0,0,0,0,0
BTB151BRD034,0.0,1.0,1,1,0,0,0,0,0,0
BTB151BTD030,0.0,10.0,10,10,0,0,0,0,0,0
BTB151BTD032,0.0,1.0,1,1,0,0,0,0,0,0
BTB151BTD034,0.0,1.0,1,1,0,0,0,0,0,0
BTB151BTD036,0.0,1.0,1,1,0,0,0,0,0,0
BTB151LGN030,0.0,13.0,13,13,0,0,0,0,0,0
BTB151LGN032,0.0,4.0,4,4,0,0,0,0,0,0
BTB151LGN034,0.0,1.0,1,1,0,0,0,0,0,0
BTB151MBN030,0.0,21.0,21,20,0,1,1,0,0,1
BTB151MBN032,0.0,17.0,17,17,0,0,0,0,0,0
BTB151MBN034,0.0,1.0,1,1,0,0,0,0,0,0
BTB151MGO030,0.0,12.0,12,12,0,0,0,0,0,0
BTB151MGO032,0.0,7.0,7,7,0,0,0,0,0,0
BTB151MGO034,0.0,0.0,0,0,0,0,0,0,0,0
BTB151MGO036,0.0,1.0,1,1,0,0,0,0,0,0
BTB151OFW030,0.0,12.0,12,12,0,0,0,0,0,0
BTB151OFW032,0.0,5.0,5,5,0,0,0,0,0,0
BTB151OFW036,0.0,0.0,0,0,0,0,0,0,0,0
BTB151PGN030,0.0,29.0,29,25,0,4,4,2,2,0
BTB151PGN032,0.0,0.0,0,0,0,0,0,0,0,0
BTB151PGN034,0.0,0.0,0,0,0,0,0,0,0,0
BTB151PGN036,0.0,1.0,1,1,0,0,0,0,0,0
BTB152BLK030,0.0,4.0,4,4,0,0,0,0,0,0
BTB152BLK032,0.0,8.0,8,8,0,0,0,0,0,0
BTB152BTE030,0.0,5.0,5,5,0,0,0,0,0,0
BTB152BTE032,0.0,7.0,7,7,0,0,0,0,0,0
BTB152BTE034,0.0,0.0,0,0,0,0,0,0,0,0
BTB152BTE036,0.0,0.0,0,0,0,0,0,0,0,0
BTB152DRD030,0.0,4.0,4,4,0,0,0,0,0,0
BTB152DRD032,0.0,5.0,5,5,0,0,0,0,0,0
BTB152DRD034,0.0,7.0,7,7,0,0,0,0,0,0
BTB152DRD036,0.0,0.0,0,0,0,0,0,0,0,0
BTB152DTE030,0.0,6.0,6,6,0,0,0,0,0,0
BTB152DTE032,0.0,9.0,9,9,0,0,0,0,0,0
BTB152DTE034,0.0,0.0,0,0,0,0,0,0,0,0
BTB152DTE036,0.0,0.0,0,0,0,0,0,0,0,0
BTB152LBE030,0.0,5.0,5,5,0,0,0,0,0,0
BTB152LBE032,0.0,2.0,2,2,0,0,0,0,0,0
BTB152LBE034,0.0,1.0,1,1,0,0,0,0,0,0
BTB152LBE036,0.0,1.0,1,1,0,0,0,0,0,0
BTB152NVY030,0.0,6.0,6,6,0,0,0,0,0,0
BTB152NVY032,0.0,2.0,2,2,0,0,0,0,0,0
BTB152NVY034,0.0,1.0,1,1,0,0,0,0,0,0
BTB152NVY036,0.0,0.0,0,0,0,0,0,0,0,0
BTB152PAE030,0.0,4.0,4,4,0,0,0,0,0,0
BTB152PAE032,0.0,4.0,4,4,0,0,0,0,0,0
BTB152PAE034,0.0,3.0,3,3,0,0,0,0,0,0
BTB152PAE036,0.0,0.0,0,0,0,0,0,0,0,0
BTB152TLE030,0.0,7.0,7,7,0,0,0,0,0,0
BTB152TLE032,0.0,12.0,12,12,0,0,0,0,0,0
BTB152TLE034,0.0,0.0,0,0,0,0,0,0,0,0
BTB152TLE036,0.0,1.0,1,1,0,0,0,0,0,0
BTB155BLK10Y,0.0,1.0,1,1,0,0,0,0,0,0
BTB155BLK14Y,0.0,0.0,0,0,0,0,0,0,0,0
BTB155BRD10Y,0.0,3.0,3,3,0,0,0,0,0,0
BTB155BRD12Y,0.0,2.0,2,2,0,0,0,0,0,0
BTB155BTD10Y,0.0,5.0,5,5,0,0,0,0,0,0
BTB155BTD12Y,0.0,2.0,2,2,0,0,0,0,0,0
BTB155MBN10Y,0.0,2.0,2,2,0,0,0,0,0,0
BTB155MBN12Y,0.0,1.0,1,1,0,0,0,0,0,0
BTB155OFW10Y,0.0,2.0,2,2,0,0,0,0,0,0
BTB155OFW12Y,0.0,1.0,1,1,0,0,0,0,0,0
BTB155PGN10Y,0.0,4.0,4,4,0,0,0,0,0,0
BTB155PGN12Y,0.0,0.0,0,0,0,0,0,0,0,0
BTB155PGN14Y,0.0,1.0,1,1,0,0,0,0,0,0
BTB159AGY08Y003,0.0,5.0,5,5,0,0,0,0,0,0
BTB159AGY10Y003,0.0,2.0,2,2,0,0,0,0,0,0
BTB159AGY12Y003,0.0,1.0,1,1,0,0,0,0,0,0
BTB159AGY14Y003,0.0,6.0,6,6,0,0,0,0,0,0
BTB159BLE06Y005,0.0,1.0,1,1,0,0,0,0,0,0
BTB159BLE08Y005,0.0,7.0,7,7,0,0,0,0,0,0
BTB159BLE10Y005,0.0,1.0,1,1,0,0,0,0,0,0
BTB159BLE12Y005,0.0,13.0,13,13,0,0,0,0,0,0
BTB159BLE14Y005,0.0,1.0,1,1,0,0,0,0,0,0
BTB159BLK030,0.0,1.0,1,1,0,0,0,0,0,0
BTB159BLK036,0.0,0.0,0,0,0,0,0,0,0,0
BTB159BLK08Y003,0.0,9.0,9,9,0,0,0,0,0,0
BTB159BLK10Y003,0.0,1.0,1,1,0,0,0,0,0,0
BTB159BLK12Y003,0.0,0.0,0,0,0,0,0,0,0,0
BTB159BLK14Y003,0.0,4.0,4,4,0,0,0,0,0,0
BTB159BLT030,0.0,8.0,8,8,0,0,0,0,0,0
BTB159BLT032,0.0,3.0,3,3,0,0,0,0,0,0
BTB159BLT034,0.0,3.0,3,3,0,0,0,0,0,0
BTB159BLT036,0.0,1.0,1,1,0,0,0,0,0,0
BTB159BOE08Y004,0.0,3.0,3,3,0,0,0,0,0,0
BTB159BOE10Y004,0.0,5.0,5,5,0,0,0,0,0,0
BTB159BOE12Y004,0.0,2.0,2,2,0,0,0,0,0,0
BTB159BOE14Y004,0.0,6.0,6,6,0,0,0,0,0,0
BTB159BRD030,0.0,9.0,9,9,0,0,0,0,0,0
BTB159BRD032,0.0,2.0,2,2,0,0,0,0,0,0
BTB159BRD034,0.0,0.0,0,0,0,0,0,0,0,0
BTB159BTD08Y003,0.0,12.0,12,12,0,0,0,0,0,0
BTB159BTD10Y003,0.0,0.0,0,0,0,0,0,0,0,0
BTB159BTD12Y003,0.0,1.0,1,1,0,0,0,0,0,0
BTB159BTD14Y003,0.0,9.0,9,9,0,0,0,0,0,0
BTB159CFK06Y005,0.0,6.0,6,6,0,0,0,0,0,0
BTB159CFK08Y005,0.0,6.0,6,6,0,0,0,0,0,0
BTB159CFK10Y005,0.0,11.0,11,11,0,0,0,0,0,0
BTB159CFK12Y005,10.0,12.0,22,22,0,0,0,0,0,0
BTB159CFK14Y005,4.0,11.0,15,15,0,0,0,0,0,0
BTB159CTF08Y004,0.0,2.0,2,2,0,0,0,0,0,0
BTB159CTF10Y004,0.0,2.0,2,2,0,0,0,0,0,0
BTB159GJD08Y004,0.0,4.0,4,4,0,0,0,0,0,0
BTB159GJD10Y004,0.0,0.0,0,0,0,0,0,0,0,0
BTB159GJD12Y004,0.0,3.0,3,3,0,0,0,0,0,0
BTB159GJD14Y004,0.0,4.0,4,4,0,0,0,0,0,0
BTB159HTR06Y005,0.0,6.0,6,6,0,0,0,0,0,0
BTB159HTR08Y005,0.0,5.0,5,5,0,0,0,0,0,0
BTB159HTR10Y005,0.0,10.0,10,10,0,0,0,0,0,0
BTB159HTR12Y005,0.0,14.0,14,14,0,0,0,0,0,0
BTB159HTR14Y005,0.0,4.0,4,4,0,0,0,0,0,0
BTB159MSA08Y003,0.0,14.0,14,14,0,0,0,0,0,0
BTB159MSA10Y003,0.0,7.0,7,7,0,0,0,0,0,0
BTB159MSA12Y003,0.0,1.0,1,1,0,0,0,0,0,0
BTB159MSA14Y003,9.0,21.0,30,29,0,1,1,0,0,1
BTB159MYE06Y005,0.0,4.0,4,4,0,0,0,0,0,0
BTB159MYE08Y005,0.0,0.0,0,0,0,0,0,0,0,0
BTB159MYE10Y005,0.0,5.0,5,5,0,0,0,0,0,0
BTB159MYE12Y005,7.0,10.0,17,17,0,0,0,0,0,0
BTB159MYE14Y005,14.0,13.0,27,27,0,0,0,0,0,0
BTB159OFW06Y005,0.0,5.0,5,5,0,0,0,0,0,0
BTB159OFW08Y005,0.0,13.0,13,13,0,0,0,0,0,0
BTB159OFW10Y002,0.0,2.0,2,2,0,0,0,0,0,0
BTB159OFW10Y005,0.0,27.0,27,23,0,4,4,2,2,0
BTB159OFW12Y005,0.0,30.0,30,26,0,4,4,2,2,0
BTB159OFW14Y002,0.0,1.0,1,1,0,0,0,0,0,0
BTB159OFW14Y005,0.0,20.0,20,20,0,0,0,0,0,0
BTB159OGY08Y004,0.0,10.0,10,10,0,0,0,0,0,0
BTB159OGY10Y004,0.0,7.0,7,7,0,0,0,0,0,0
BTB159OGY12Y004,0.0,11.0,11,11,0,0,0,0,0,0
BTB159OGY14Y004,0.0,4.0,4,4,0,0,0,0,0,0
BTB159OLD08Y004,0.0,5.0,5,5,0,0,0,0,0,0
BTB159OLD10Y004,0.0,5.0,5,5,0,0,0,0,0,0
BTB159OLD12Y004,0.0,8.0,8,8,0,0,0,0,0,0
BTB159OLD14Y002,0.0,1.0,1,1,0,0,0,0,0,0
BTB159OLD14Y004,0.0,2.0,2,2,0,0,0,0,0,0
BTB159PKN10Y002,0.0,1.0,1,1,0,0,0,0,0,0
BTB159PKN12Y002,0.0,1.0,1,1,0,0,0,0,0,0
BTB159PKN14Y002,0.0,1.0,1,1,0,0,0,0,0,0
BTB159RYB030,0.0,8.0,8,8,0,0,0,0,0,0
BTB159RYB032,0.0,3.0,3,3,0,0,0,0,0,0
BTB159RYB034,0.0,1.0,1,1,0,0,0,0,0,0
BTB159SDL08Y003,0.0,7.0,7,7,0,0,0,0,0,0
BTB159SDL12Y003,0.0,2.0,2,2,0,0,0,0,0,0
BTB159TLE030,0.0,11.0,11,11,0,0,0,0,0,0
BTB159TLE032,0.0,6.0,6,6,0,0,0,0,0,0
BTB159TLE036,0.0,4.0,4,4,0,0,0,0,0,0
BTB159WHT030,0.0,7.0,7,7,0,0,0,0,0,0
BTB159WHT032,0.0,5.0,5,5,0,0,0,0,0,0
BTB159WHT08Y003,0.0,2.0,2,2,0,0,0,0,0,0
BTB159WHT08Y004,0.0,5.0,5,5,0,0,0,0,0,0
BTB159WHT10Y003,0.0,1.0,1,1,0,0,0,0,0,0
BTB159WHT14Y003,0.0,2.0,2,2,0,0,0,0,0,0
BTB159WHT14Y004,0.0,7.0,7,7,0,0,0,0,0,0
BTB159WLG06Y005,0.0,4.0,4,4,0,0,0,0,0,0
BTB159WLG08Y005,0.0,3.0,3,3,0,0,0,0,0,0
BTB159WLG10Y005,0.0,0.0,0,0,0,0,0,0,0,0
BTB159WLG12Y005,0.0,6.0,6,6,0,0,0,0,0,0
BTB159WLG14Y005,0.0,7.0,7,7,0,0,0,0,0,0
BTB163AQS08Y,0.0,2.0,2,2,0,0,0,0,0,0
BTB163AQS10Y,0.0,11.0,11,11,0,0,0,0,0,0
BTB163AQS12Y,0.0,0.0,0,0,0,0,0,0,0,0
BTB163AQS14Y,0.0,2.0,2,2,0,0,0,0,0,0
BTB163BLE06Y002,0.0,11.0,11,11,0,0,0,0,0,0
BTB163BLE08Y002,0.0,9.0,9,9,0,0,0,0,0,0
BTB163BLE10Y002,0.0,19.0,19,19,0,0,0,0,0,0
BTB163BLE12Y002,1.0,24.0,25,21,0,4,4,2,2,0
BTB163BLE14Y002,3.0,22.0,25,23,0,2,2,1,1,0
BTB163BLK08Y,0.0,3.0,3,3,0,0,0,0,0,0
BTB163BLK10Y,0.0,3.0,3,3,0,0,0,0,0,0
BTB163BLK12Y,0.0,0.0,0,0,0,0,0,0,0,0
BTB163BLK14Y,0.0,0.0,0,0,0,0,0,0,0,0
BTB163CFK06Y002,0.0,9.0,9,9,0,0,0,0,0,0
BTB163CFK08Y002,0.0,5.0,5,5,0,0,0,0,0,0
BTB163CFK10Y002,2.0,12.0,14,14,0,0,0,0,0,0
BTB163CFK12Y002,3.0,12.0,15,15,0,0,0,0,0,0
BTB163CFK14Y002,24.0,15.0,39,39,0,0,0,0,0,0
BTB163DPK06Y002,0.0,6.0,6,6,0,0,0,0,0,0
BTB163DPK08Y002,0.0,7.0,7,7,0,0,0,0,0,0
BTB163DPK10Y002,0.0,5.0,5,5,0,0,0,0,0,0
BTB163DPK12Y002,0.0,9.0,9,9,0,0,0,0,0,0
BTB163DPK14Y002,24.0,13.0,37,37,0,0,0,0,0,0
BTB163LBE08Y,0.0,6.0,6,6,0,0,0,0,0,0
BTB163LBE12Y,0.0,0.0,0,0,0,0,0,0,0,0
BTB163LBE14Y,0.0,1.0,1,1,0,0,0,0,0,0
BTB163MGO08Y,0.0,3.0,3,3,0,0,0,0,0,0
BTB163MGO10Y,0.0,6.0,6,6,0,0,0,0,0,0
BTB163MGO12Y,0.0,3.0,3,3,0,0,0,0,0,0
BTB163MGO14Y,0.0,1.0,1,1,0,0,0,0,0,0
BTB163MYE06Y002,0.0,13.0,13,13,0,0,0,0,0,0
BTB163MYE08Y002,0.0,5.0,5,5,0,0,0,0,0,0
BTB163MYE10Y002,0.0,6.0,6,6,0,0,0,0,0,0
BTB163MYE12Y002,7.0,14.0,21,21,0,0,0,0,0,0
BTB163MYE14Y002,24.0,15.0,39,39,0,0,0,0,0,0
BTB163OFW06Y002,0.0,7.0,7,7,0,0,0,0,0,0
BTB163OFW08Y002,0.0,8.0,8,8,0,0,0,0,0,0
BTB163OFW10Y002,0.0,20.0,20,20,0,0,0,0,0,0
BTB163OFW12Y002,0.0,25.0,25,21,0,4,4,2,2,0
BTB163OFW14Y002,0.0,22.0,22,20,0,2,2,1,1,0
BTB163SDL08Y,2.0,11.0,13,13,0,0,0,0,0,0
BTB163SDL10Y,4.0,13.0,17,17,0,0,0,0,0,0
BTB163SDL12Y,0.0,2.0,2,2,0,0,0,0,0,0
BTB163SDL14Y,0.0,3.0,3,3,0,0,0,0,0,0
BTB163WHT08Y,0.0,13.0,13,13,0,0,0,0,0,0
BTB163WHT10Y,0.0,7.0,7,7,0,0,0,0,0,0
BTB163WHT12Y,0.0,4.0,4,4,0,0,0,0,0,0
BTB163WLG06Y002,1.0,11.0,12,12,0,0,0,0,0,0
BTB163WLG08Y002,2.0,12.0,14,14,0,0,0,0,0,0
BTB163WLG10Y002,1.0,30.0,31,27,0,4,4,2,2,0
BTB163WLG12Y002,1.0,26.0,27,23,0,4,4,2,2,0
BTB163WLG14Y002,6.0,16.0,22,22,0,0,0,0,0,0
BTB166AQS08Y,2.0,14.0,16,16,0,0,0,0,0,0
BTB166AQS08Y399,0.0,7.0,7,7,0,0,0,0,0,0
BTB166AQS10Y,3.0,17.0,20,20,0,0,0,0,0,0
BTB166AQS10Y399,0.0,7.0,7,7,0,0,0,0,0,0
BTB166AQS12Y,1.0,19.0,20,20,0,0,0,0,0,0
BTB166AQS12Y399,2.0,11.0,13,13,0,0,0,0,0,0
BTB166AQS14Y,0.0,5.0,5,5,0,0,0,0,0,0
BTB166AQS14Y399,0.0,12.0,12,12,0,0,0,0,0,0
BTB166BLK08Y,4.0,16.0,20,20,0,0,0,0,0,0
BTB166BLK08Y399,0.0,7.0,7,7,0,0,0,0,0,0
BTB166BLK10Y,6.0,14.0,20,20,0,0,0,0,0,0
BTB166BLK10Y399,0.0,5.0,5,5,0,0,0,0,0,0
BTB166BLK12Y,0.0,11.0,11,11,0,0,0,0,0,0
BTB166BLK12Y399,0.0,12.0,12,12,0,0,0,0,0,0
BTB166BLK14Y,0.0,9.0,9,9,0,0,0,0,0,0
BTB166BLK14Y399,0.0,11.0,11,11,0,0,0,0,0,0
BTB166BTD08Y,5.0,15.0,20,20,0,0,0,0,0,0
BTB166BTD08Y399,0.0,10.0,10,10,0,0,0,0,0,0
BTB166BTD10Y,11.0,16.0,27,27,0,0,0,0,0,0
BTB166BTD10Y399,0.0,10.0,10,10,0,0,0,0,0,0
BTB166BTD12Y,1.0,14.0,15,15,0,0,0,0,0,0
BTB166BTD12Y399,0.0,14.0,14,14,0,0,0,0,0,0
BTB166BTD14Y,0.0,10.0,10,10,0,0,0,0,0,0
BTB166BTD14Y399,9.0,10.0,19,19,0,0,0,0,0,0
BTB166OFW08Y,10.0,27.0,37,32,0,5,5,2,2,1
BTB166OFW08Y399,0.0,10.0,10,10,0,0,0,0,0,0
BTB166OFW10Y,5.0,22.0,27,25,0,2,2,1,1,0
BTB166OFW10Y399,0.0,9.0,9,9,0,0,0,0,0,0
BTB166OFW12Y,4.0,17.0,21,21,0,0,0,0,0,0
BTB166OFW12Y399,0.0,11.0,11,11,0,0,0,0,0,0
BTB166OFW14Y,0.0,4.0,4,4,0,0,0,0,0,0
BTB166OFW14Y399,0.0,9.0,9,9,0,0,0,0,0,0
BTB166RED08Y,2.0,11.0,13,13,0,0,0,0,0,0
BTB166RED08Y399,0.0,5.0,5,5,0,0,0,0,0,0
BTB166RED10Y,2.0,12.0,14,14,0,0,0,0,0,0
BTB166RED10Y399,0.0,5.0,5,5,0,0,0,0,0,0
BTB166RED12Y,15.0,12.0,27,27,0,0,0,0,0,0
BTB166RED12Y399,0.0,12.0,12,12,0,0,0,0,0,0
BTB166RED14Y,0.0,1.0,1,1,0,0,0,0,0,0
BTB166RED14Y399,0.0,7.0,7,7,0,0,0,0,0,0
BTB166WGN08Y,0.0,3.0,3,3,0,0,0,0,0,0
BTB166WGN08Y399,0.0,7.0,7,7,0,0,0,0,0,0
BTB166WGN10Y,8.0,12.0,20,20,0,0,0,0,0,0
BTB166WGN10Y399,0.0,7.0,7,7,0,0,0,0,0,0
BTB166WGN12Y,0.0,12.0,12,12,0,0,0,0,0,0
BTB166WGN12Y399,2.0,11.0,13,13,0,0,0,0,0,0
BTB166WGN14Y,0.0,3.0,3,3,0,0,0,0,0,0
BTB166WGN14Y399,0.0,12.0,12,12,0,0,0,0,0,0
BTB168AQS08Y,0.0,3.0,3,3,0,0,0,0,0,0
BTB168AQS10Y,0.0,1.0,1,1,0,0,0,0,0,0
BTB168AQS14Y,0.0,4.0,4,4,0,0,0,0,0,0
BTB168BLK08Y,0.0,9.0,9,9,0,0,0,0,0,0
BTB168BLK14Y,0.0,2.0,2,2,0,0,0,0,0,0
BTB168GVE08Y,0.0,7.0,7,7,0,0,0,0,0,0
BTB168GVE10Y,0.0,1.0,1,1,0,0,0,0,0,0
BTB168GVE12Y,0.0,3.0,3,3,0,0,0,0,0,0
BTB168GVE14Y,0.0,11.0,11,11,0,0,0,0,0,0
BTB168LTN08Y,0.0,15.0,15,15,0,0,0,0,0,0
BTB168LTN10Y,0.0,7.0,7,7,0,0,0,0,0,0
BTB168LTN12Y,0.0,2.0,2,2,0,0,0,0,0,0
BTB168LTN14Y,0.0,4.0,4,4,0,0,0,0,0,0
BTB168RED08Y,0.0,12.0,12,12,0,0,0,0,0,0
BTB168RED10Y,0.0,3.0,3,3,0,0,0,0,0,0
BTB168RED14Y,0.0,11.0,11,11,0,0,0,0,0,0
BTB168SDL08Y,0.0,17.0,17,17,0,0,0,0,0,0
BTB168SDL10Y,0.0,8.0,8,8,0,0,0,0,0,0
BTB168SDL12Y,0.0,5.0,5,5,0,0,0,0,0,0
BTB168SDL14Y,0.0,2.0,2,2,0,0,0,0,0,0
BTB169BAM08Y,0.0,9.0,9,9,0,0,0,0,0,0
BTB169BAM10Y,0.0,11.0,11,11,0,0,0,0,0,0
BTB169BAM12Y,0.0,2.0,2,2,0,0,0,0,0,0
BTB169BAM14Y,0.0,5.0,5,5,0,0,0,0,0,0
BTB169BBT08Y,0.0,10.0,10,10,0,0,0,0,0,0
BTB169BBT10Y,0.0,6.0,6,6,0,0,0,0,0,0
BTB169BBT12Y,0.0,0.0,0,0,0,0,0,0,0,0
BTB169BBT14Y,0.0,3.0,3,3,0,0,0,0,0,0
BTB169BHG08Y,0.0,4.0,4,4,0,0,0,0,0,0
BTB169BHG10Y,0.0,4.0,4,4,0,0,0,0,0,0
BTB169BHG12Y,0.0,1.0,1,1,0,0,0,0,0,0
BTB169BKR08Y,0.0,5.0,5,5,0,0,0,0,0,0
BTB169BKR10Y,0.0,5.0,5,5,0,0,0,0,0,0
BTB169BKR12Y,0.0,1.0,1,1,0,0,0,0,0,0
BTB169BKR14Y,0.0,1.0,1,1,0,0,0,0,0,0
BTB169BMA08Y,0.0,6.0,6,6,0,0,0,0,0,0
BTB169BMA10Y,0.0,6.0,6,6,0,0,0,0,0,0
BTB169BMA12Y,0.0,0.0,0,0,0,0,0,0,0,0
BTB169BMA14Y,0.0,13.0,13,13,0,0,0,0,0,0
BTB169CNA08Y,0.0,6.0,6,6,0,0,0,0,0,0
BTB169CNA10Y,0.0,14.0,14,14,0,0,0,0,0,0
BTB169CNA12Y,0.0,0.0,0,0,0,0,0,0,0,0
BTB169CNA14Y,0.0,2.0,2,2,0,0,0,0,0,0
BTB169CNR08Y,2.0,13.0,15,15,0,0,0,0,0,0
BTB169CNR10Y,0.0,7.0,7,7,0,0,0,0,0,0
BTB169CNR12Y,8.0,11.0,19,19,0,0,0,0,0,0
BTB169CNR14Y,0.0,12.0,12,12,0,0,0,0,0,0
BTB169LNS08Y,0.0,1.0,1,1,0,0,0,0,0,0
BTB169LNS10Y,0.0,2.0,2,2,0,0,0,0,0,0
BTB169LNS12Y,0.0,0.0,0,0,0,0,0,0,0,0
BTB169LNT08Y,0.0,2.0,2,2,0,0,0,0,0,0
BTB169LNT10Y,0.0,7.0,7,7,0,0,0,0,0,0
BTB169LNT12Y,0.0,1.0,1,1,0,0,0,0,0,0
BTB169LNW08Y,0.0,9.0,9,9,0,0,0,0,0,0
BTB169LNW10Y,0.0,9.0,9,9,0,0,0,0,0,0
BTB169LNW12Y,0.0,0.0,0,0,0,0,0,0,0,0
BTB169LNW14Y,0.0,0.0,0,0,0,0,0,0,0,0
BTB169NBO08Y,0.0,0.0,0,0,0,0,0,0,0,0
BTB169NBO10Y,0.0,6.0,6,6,0,0,0,0,0,0
BTB169NBO12Y,0.0,0.0,0,0,0,0,0,0,0,0
BTB169NBO14Y,0.0,1.0,1,1,0,0,0,0,0,0
BTB169NBV08Y,0.0,5.0,5,5,0,0,0,0,0,0
BTB169NBV10Y,0.0,8.0,8,8,0,0,0,0,0,0
BTB169NBV12Y,0.0,1.0,1,1,0,0,0,0,0,0
BTB169NBV14Y,0.0,0.0,0,0,0,0,0,0,0,0
BTB170BLK08Y,0.0,5.0,5,5,0,0,0,0,0,0
BTB170BLK10Y,0.0,8.0,8,8,0,0,0,0,0,0
BTB170BLK12Y,0.0,7.0,7,7,0,0,0,0,0,0
BTB170BLK14Y,0.0,4.0,4,4,0,0,0,0,0,0
BTB170BRD08Y,0.0,4.0,4,4,0,0,0,0,0,0
BTB170BRD10Y,11.0,14.0,25,25,0,0,0,0,0,0
BTB170BRD12Y,0.0,14.0,14,14,0,0,0,0,0,0
BTB170BRD14Y,0.0,4.0,4,4,0,0,0,0,0,0
BTB170BTD08Y,0.0,3.0,3,3,0,0,0,0,0,0
BTB170BTD10Y,2.0,11.0,13,13,0,0,0,0,0,0
BTB170BTD12Y,0.0,10.0,10,10,0,0,0,0,0,0
BTB170BTD14Y,0.0,4.0,4,4,0,0,0,0,0,0
BTB170MBN08Y,0.0,6.0,6,6,0,0,0,0,0,0
BTB170MBN10Y,0.0,6.0,6,6,0,0,0,0,0,0
BTB170MBN12Y,9.0,11.0,20,20,0,0,0,0,0,0
BTB170MBN14Y,0.0,6.0,6,6,0,0,0,0,0,0
BTB170OFW08Y,0.0,2.0,2,2,0,0,0,0,0,0
BTB170OFW10Y,0.0,6.0,6,6,0,0,0,0,0,0
BTB170OFW12Y,0.0,3.0,3,3,0,0,0,0,0,0
BTB170OFW14Y,0.0,1.0,1,1,0,0,0,0,0,0
BTB170PDB08Y,0.0,3.0,3,3,0,0,0,0,0,0
BTB170PDB10Y,0.0,7.0,7,7,0,0,0,0,0,0
BTB170PDB12Y,2.0,16.0,18,18,0,0,0,0,0,0
BTB170PDB14Y,0.0,2.0,2,2,0,0,0,0,0,0
BTB171AQS08Y,0.0,2.0,2,2,0,0,0,0,0,0
BTB171AQS10Y,0.0,3.0,3,3,0,0,0,0,0,0
BTB171AQS12Y,0.0,3.0,3,3,0,0,0,0,0,0
BTB171BLK08Y,0.0,4.0,4,4,0,0,0,0,0,0
BTB171BLK10Y,0.0,16.0,16,16,0,0,0,0,0,0
BTB171BLK12Y,0.0,7.0,7,7,0,0,0,0,0,0
BTB171BLK14Y,0.0,3.0,3,3,0,0,0,0,0,0
BTB171GVE08Y,0.0,8.0,8,8,0,0,0,0,0,0
BTB171GVE10Y,0.0,14.0,14,14,0,0,0,0,0,0
BTB171GVE12Y,0.0,12.0,12,12,0,0,0,0,0,0
BTB171GVE14Y,0.0,2.0,2,2,0,0,0,0,0,0
BTB171LTN08Y,0.0,7.0,7,7,0,0,0,0,0,0
BTB171LTN10Y,0.0,16.0,16,16,0,0,0,0,0,0
BTB171LTN12Y,0.0,12.0,12,12,0,0,0,0,0,0
BTB171LTN14Y,0.0,1.0,1,1,0,0,0,0,0,0
BTB171RED08Y,0.0,7.0,7,7,0,0,0,0,0,0
BTB171RED10Y,4.0,14.0,18,18,0,0,0,0,0,0
BTB171RED12Y,0.0,9.0,9,9,0,0,0,0,0,0
BTB171RED14Y,0.0,2.0,2,2,0,0,0,0,0,0
BTB171SDL08Y,0.0,11.0,11,11,0,0,0,0,0,0
BTB171SDL10Y,2.0,18.0,20,20,0,0,0,0,0,0
BTB171SDL12Y,2.0,15.0,17,17,0,0,0,0,0,0
BTB171SDL14Y,0.0,0.0,0,0,0,0,0,0,0,0
BTB172BLK10Y,0.0,3.0,3,3,0,0,0,0,0,0
BTB172BLK12Y,0.0,3.0,3,3,0,0,0,0,0,0
BTB172BRD08Y,0.0,2.0,2,2,0,0,0,0,0,0
BTB172BRD12Y,0.0,5.0,5,5,0,0,0,0,0,0
BTB172BTD10Y,0.0,2.0,2,2,0,0,0,0,0,0
BTB172MBN08Y,0.0,4.0,4,4,0,0,0,0,0,0
BTB172MBN10Y,0.0,1.0,1,1,0,0,0,0,0,0
BTB172MBN12Y,0.0,3.0,3,3,0,0,0,0,0,0
BTB172MBN14Y,0.0,2.0,2,2,0,0,0,0,0,0
BTB172OFW08Y,0.0,2.0,2,2,0,0,0,0,0,0
BTB172OFW10Y,0.0,0.0,0,0,0,0,0,0,0,0
BTB172OFW12Y,0.0,1.0,1,1,0,0,0,0,0,0
BTB172PDB08Y,0.0,1.0,1,1,0,0,0,0,0,0
BTB172PDB10Y,0.0,2.0,2,2,0,0,0,0,0,0
BTB172PDB12Y,0.0,1.0,1,1,0,0,0,0,0,0
BTB172PDB14Y,0.0,0.0,0,0,0,0,0,0,0,0
BTB173AQS08Y,0.0,2.0,2,2,0,0,0,0,0,0
BTB173AQS10Y,0.0,2.0,2,2,0,0,0,0,0,0
BTB173AQS12Y,0.0,6.0,6,6,0,0,0,0,0,0
BTB173AQS14Y,0.0,6.0,6,6,0,0,0,0,0,0
BTB173BLK10Y,0.0,3.0,3,3,0,0,0,0,0,0
BTB173BLK12Y,0.0,4.0,4,4,0,0,0,0,0,0
BTB173BLK14Y,2.0,13.0,15,15,0,0,0,0,0,0
BTB173GVE08Y,0.0,2.0,2,2,0,0,0,0,0,0
BTB173GVE10Y,0.0,5.0,5,5,0,0,0,0,0,0
BTB173GVE12Y,0.0,6.0,6,6,0,0,0,0,0,0
BTB173GVE14Y,0.0,7.0,7,7,0,0,0,0,0,0
BTB173LTN08Y,0.0,4.0,4,4,0,0,0,0,0,0
BTB173LTN10Y,0.0,5.0,5,5,0,0,0,0,0,0
BTB173LTN12Y,0.0,4.0,4,4,0,0,0,0,0,0
BTB173LTN14Y,0.0,1.0,1,1,0,0,0,0,0,0
BTB173RED08Y,0.0,2.0,2,2,0,0,0,0,0,0
BTB173RED10Y,0.0,2.0,2,2,0,0,0,0,0,0
BTB173RED12Y,0.0,11.0,11,11,0,0,0,0,0,0
BTB173RED14Y,0.0,6.0,6,6,0,0,0,0,0,0
BTB173SDL08Y,0.0,2.0,2,2,0,0,0,0,0,0
BTB173SDL10Y,0.0,4.0,4,4,0,0,0,0,0,0
BTB173SDL12Y,0.0,17.0,17,17,0,0,0,0,0,0
BTB173SDL14Y,0.0,14.0,14,14,0,0,0,0,0,0
BTB181BTD08Y,0.0,2.0,2,2,0,0,0,0,0,0
BTB181BTD10Y,0.0,2.0,2,2,0,0,0,0,0,0
BTB181BTD12Y,0.0,0.0,0,0,0,0,0,0,0,0
BTB181BTD14Y,0.0,0.0,0,0,0,0,0,0,0,0
BTB181CNG08Y,0.0,0.0,0,0,0,0,0,0,0,0
BTB181CNG10Y,0.0,2.0,2,2,0,0,0,0,0,0
BTB181CNG12Y,0.0,4.0,4,4,0,0,0,0,0,0
BTB181CNG14Y,0.0,1.0,1,1,0,0,0,0,0,0
BTB181HTG08Y,0.0,1.0,1,1,0,0,0,0,0,0
BTB181HTG10Y,0.0,0.0,0,0,0,0,0,0,0,0
BTB181HTG12Y,0.0,3.0,3,3,0,0,0,0,0,0
BTB181HTG14Y,0.0,1.0,1,1,0,0,0,0,0,0
BTB181IRG08Y,0.0,2.0,2,2,0,0,0,0,0,0
BTB181IRG10Y,0.0,2.0,2,2,0,0,0,0,0,0
BTB181IRG12Y,0.0,1.0,1,1,0,0,0,0,0,0
BTB181IRG14Y,0.0,0.0,0,0,0,0,0,0,0,0
BTB181SDL08Y,0.0,0.0,0,0,0,0,0,0,0,0
BTB181SDL10Y,0.0,1.0,1,1,0,0,0,0,0,0
BTB181SDL12Y,0.0,2.0,2,2,0,0,0,0,0,0
BTB181SDL14Y,0.0,4.0,4,4,0,0,0,0,0,0
BTB181SKY08Y,0.0,3.0,3,3,0,0,0,0,0,0
BTB181SKY10Y,0.0,1.0,1,1,0,0,0,0,0,0
BTB181SKY12Y,0.0,1.0,1,1,0,0,0,0,0,0
BTB181SKY14Y,0.0,0.0,0,0,0,0,0,0,0,0
BTB182BLK08Y,0.0,7.0,7,7,0,0,0,0,0,0
BTB182BLK10Y,0.0,21.0,21,20,0,1,1,0,0,1
BTB182BLK12Y,0.0,44.0,44,38,0,6,6,3,2,1
BTB182BLK14Y,0.0,104.0,104,89,0,15,15,7,6,2
BTB182BRD08Y,21.0,10.0,31,31,0,0,0,0,0,0
BTB182BRD10Y,31.0,10.0,41,40,1,0,1,0,0,1
BTB182BRD12Y,72.0,77.0,149,95,32,22,54,26,21,7
BTB182BRD14Y,148.0,71.0,219,140,47,32,79,37,31,11
BTB182CRB08Y,0.0,1.0,1,1,0,0,0,0,0,0
BTB182CRB10Y,0.0,5.0,5,5,0,0,0,0,0,0
BTB182CRB12Y,0.0,3.0,3,3,0,0,0,0,0,0
BTB182CRB14Y,0.0,2.0,2,2,0,0,0,0,0,0
BTB182GJD08Y,0.0,1.0,1,1,0,0,0,0,0,0
BTB182GJD10Y,0.0,5.0,5,5,0,0,0,0,0,0
BTB182GJD12Y,0.0,0.0,0,0,0,0,0,0,0,0
BTB182GJD14Y,0.0,14.0,14,14,0,0,0,0,0,0
BTB182GVE08Y459,0.0,12.0,12,12,0,0,0,0,0,0
BTB182GVE10Y459,0.0,30.0,30,26,0,4,4,2,2,0
BTB182GVE12Y459,18.0,45.0,63,54,0,9,9,4,4,1
BTB182GVE14Y459,57.0,74.0,131,85,27,19,46,22,18,6
BTB182MNB06Y,0.0,0.0,0,0,0,0,0,0,0,0
BTB182MNB08Y,3.0,18.0,21,21,0,0,0,0,0,0
BTB182MNB10Y,15.0,13.0,28,28,0,0,0,0,0,0
BTB182MNB12Y,31.0,29.0,60,50,1,9,10,5,4,1
BTB182MNB14Y,91.0,59.0,150,96,32,22,54,26,21,7
BTB182MTG06Y,0.0,0.0,0,0,0,0,0,0,0,0
BTB182MTG08Y,23.0,11.0,34,34,0,0,0,0,0,0
BTB182MTG10Y,69.0,21.0,90,70,19,1,20,9,8,3
BTB182MTG12Y,73.0,17.0,90,71,19,0,19,9,7,3
BTB182MTG14Y,115.0,50.0,165,106,35,24,59,28,23,8
BTB182NVY10Y,0.0,4.0,4,4,0,0,0,0,0,0
BTB182NVY12Y,0.0,5.0,5,5,0,0,0,0,0,0
BTB182PLA06Y,0.0,11.0,11,11,0,0,0,0,0,0
BTB182PLA08Y,0.0,10.0,10,10,0,0,0,0,0,0
BTB182PLA10Y,0.0,14.0,14,14,0,0,0,0,0,0
BTB182PLA12Y,0.0,0.0,0,0,0,0,0,0,0,0
BTB182PLA14Y,0.0,3.0,3,3,0,0,0,0,0,0
BTB182RED06Y,2.0,17.0,19,19,0,0,0,0,0,0
BTB182RED08Y,0.0,6.0,6,6,0,0,0,0,0,0
BTB182RED10Y,0.0,9.0,9,9,0,0,0,0,0,0
BTB182RED12Y,6.0,14.0,20,20,0,0,0,0,0,0
BTB182RED14Y,2.0,12.0,14,14,0,0,0,0,0,0
BTB182RYB06Y,0.0,18.0,18,18,0,0,0,0,0,0
BTB182RYB08Y,0.0,10.0,10,10,0,0,0,0,0,0
BTB182RYB10Y,0.0,14.0,14,14,0,0,0,0,0,0
BTB182RYB12Y,0.0,11.0,11,11,0,0,0,0,0,0
BTB182RYB14Y,0.0,17.0,17,17,0,0,0,0,0,0
BTB182TEL08Y459,0.0,9.0,9,9,0,0,0,0,0,0
BTB182TEL10Y459,0.0,18.0,18,18,0,0,0,0,0,0
BTB182TEL12Y459,0.0,54.0,54,46,0,8,8,4,3,1
BTB182TEL14Y459,0.0,115.0,115,99,0,16,16,8,6,2
BTB182TRN08Y,0.0,1.0,1,1,0,0,0,0,0,0
BTB182TRN10Y,0.0,5.0,5,5,0,0,0,0,0,0
BTB182TRN12Y,0.0,4.0,4,4,0,0,0,0,0,0
BTB182TRN14Y,0.0,18.0,18,18,0,0,0,0,0,0
BTB182YLW06Y,0.0,20.0,20,20,0,0,0,0,0,0
BTB182YLW08Y,0.0,10.0,10,10,0,0,0,0,0,0
BTB182YLW10Y,0.0,15.0,15,15,0,0,0,0,0,0
BTB182YLW12Y,0.0,8.0,8,8,0,0,0,0,0,0
BTB182YLW14Y,0.0,16.0,16,16,0,0,0,0,0,0
BTB183BLK08Y,0.0,0.0,0,0,0,0,0,0,0,0
BTB183BLK12Y,0.0,0.0,0,0,0,0,0,0,0,0
BTB183BLK14Y,0.0,0.0,0,0,0,0,0,0,0,0
BTB183CTF08Y,0.0,11.0,11,11,0,0,0,0,0,0
BTB183CTF10Y,0.0,10.0,10,10,0,0,0,0,0,0
BTB183CTF12Y,0.0,1.0,1,1,0,0,0,0,0,0
BTB183CTF14Y,0.0,0.0,0,0,0,0,0,0,0,0
BTB183HBE08Y,0.0,8.0,8,8,0,0,0,0,0,0
BTB183HBE10Y,0.0,4.0,4,4,0,0,0,0,0,0
BTB183HBE12Y,0.0,0.0,0,0,0,0,0,0,0,0
BTB183HBE14Y,0.0,0.0,0,0,0,0,0,0,0,0
BTB183LTG08Y,1.0,23.0,24,21,0,3,3,1,1,1
BTB183LTG10Y,0.0,7.0,7,7,0,0,0,0,0,0
BTB183LTG12Y,0.0,3.0,3,3,0,0,0,0,0,0
BTB183LTG14Y,0.0,0.0,0,0,0,0,0,0,0,0
BTB183NTC08Y,0.0,9.0,9,9,0,0,0,0,0,0
BTB183NTC10Y,0.0,1.0,1,1,0,0,0,0,0,0
BTB183NTC12Y,0.0,0.0,0,0,0,0,0,0,0,0
BTB183NTC14Y,0.0,2.0,2,2,0,0,0,0,0,0
BTB183OGY08Y,0.0,18.0,18,18,0,0,0,0,0,0
BTB183OGY10Y,0.0,1.0,1,1,0,0,0,0,0,0
BTB183OGY12Y,0.0,1.0,1,1,0,0,0,0,0,0
BTB183OGY14Y,0.0,4.0,4,4,0,0,0,0,0,0
BTB185BLK08Y,9.0,12.0,21,21,0,0,0,0,0,0
BTB185BLK10Y,0.0,11.0,11,11,0,0,0,0,0,0
BTB185BLK12Y,0.0,8.0,8,8,0,0,0,0,0,0
BTB185BLK14Y,0.0,7.0,7,7,0,0,0,0,0,0
BTB185GJD08Y,0.0,9.0,9,9,0,0,0,0,0,0
BTB185GJD10Y,0.0,7.0,7,7,0,0,0,0,0,0
BTB185GJD12Y,1.0,13.0,14,14,0,0,0,0,0,0
BTB185GJD14Y,0.0,7.0,7,7,0,0,0,0,0,0
BTB185NYB08Y,5.0,12.0,17,17,0,0,0,0,0,0
BTB185NYB10Y,0.0,13.0,13,13,0,0,0,0,0,0
BTB185NYB12Y,0.0,8.0,8,8,0,0,0,0,0,0
BTB185NYB14Y,0.0,6.0,6,6,0,0,0,0,0,0
BTB185OBR08Y,6.0,13.0,19,19,0,0,0,0,0,0
BTB185OBR10Y,1.0,12.0,13,13,0,0,0,0,0,0
BTB185OBR12Y,0.0,11.0,11,11,0,0,0,0,0,0
BTB185OBR14Y,0.0,12.0,12,12,0,0,0,0,0,0
BTB185OLD08Y,0.0,9.0,9,9,0,0,0,0,0,0
BTB185OLD10Y,0.0,9.0,9,9,0,0,0,0,0,0
BTB185OLD12Y,1.0,21.0,22,21,0,1,1,0,0,1
BTB185OLD14Y,0.0,8.0,8,8,0,0,0,0,0,0
BTB185WHT08Y,1.0,13.0,14,14,0,0,0,0,0,0
BTB185WHT10Y,0.0,12.0,12,12,0,0,0,0,0,0
BTB185WHT12Y,0.0,14.0,14,14,0,0,0,0,0,0
BTB185WHT14Y,0.0,3.0,3,3,0,0,0,0,0,0
BTB192BLE08Y,0.0,6.0,6,6,0,0,0,0,0,0
BTB192BLE10Y,0.0,11.0,11,11,0,0,0,0,0,0
BTB192BLE12Y,0.0,8.0,8,8,0,0,0,0,0,0
BTB192BLE14Y,0.0,4.0,4,4,0,0,0,0,0,0
BTB192DPK08Y,0.0,10.0,10,10,0,0,0,0,0,0
BTB192DPK10Y,0.0,10.0,10,10,0,0,0,0,0,0
BTB192DPK12Y,1.0,17.0,18,18,0,0,0,0,0,0
BTB192DPK14Y,0.0,13.0,13,13,0,0,0,0,0,0
BTB192MSA08Y,0.0,8.0,8,8,0,0,0,0,0,0
BTB192MSA10Y,0.0,15.0,15,15,0,0,0,0,0,0
BTB192MSA12Y,0.0,17.0,17,17,0,0,0,0,0,0
BTB192MSA14Y,0.0,2.0,2,2,0,0,0,0,0,0
BTB192OFW08Y,0.0,7.0,7,7,0,0,0,0,0,0
BTB192OFW10Y,0.0,21.0,21,20,0,1,1,0,0,1
BTB192OFW12Y,0.0,21.0,21,20,0,1,1,0,0,1
BTB192OFW14Y,0.0,5.0,5,5,0,0,0,0,0,0
BTB192UGY08Y,0.0,10.0,10,10,0,0,0,0,0,0
BTB192UGY10Y,0.0,10.0,10,10,0,0,0,0,0,0
BTB192UGY12Y,2.0,16.0,18,18,0,0,0,0,0,0
BTB192UGY14Y,0.0,6.0,6,6,0,0,0,0,0,0
BTB192WLG08Y,0.0,14.0,14,14,0,0,0,0,0,0
BTB192WLG10Y,0.0,12.0,12,12,0,0,0,0,0,0
BTB192WLG12Y,0.0,7.0,7,7,0,0,0,0,0,0
BTB192WLG14Y,0.0,2.0,2,2,0,0,0,0,0,0
BTB193BLE08Y,0.0,8.0,8,8,0,0,0,0,0,0
BTB193BLE10Y,0.0,8.0,8,8,0,0,0,0,0,0
BTB193BLE12Y,0.0,8.0,8,8,0,0,0,0,0,0
BTB193BLE14Y,0.0,14.0,14,14,0,0,0,0,0,0
BTB193BRD08Y,0.0,3.0,3,3,0,0,0,0,0,0
BTB193BRD10Y,0.0,14.0,14,14,0,0,0,0,0,0
BTB193BRD12Y,0.0,10.0,10,10,0,0,0,0,0,0
BTB193BRD14Y,0.0,6.0,6,6,0,0,0,0,0,0
BTB193CFK08Y,0.0,9.0,9,9,0,0,0,0,0,0
BTB193CFK10Y,0.0,11.0,11,11,0,0,0,0,0,0
BTB193CFK12Y,0.0,9.0,9,9,0,0,0,0,0,0
BTB193CFK14Y,0.0,5.0,5,5,0,0,0,0,0,0
BTB193MYE08Y,0.0,2.0,2,2,0,0,0,0,0,0
BTB193MYE10Y,0.0,11.0,11,11,0,0,0,0,0,0
BTB193MYE12Y,0.0,6.0,6,6,0,0,0,0,0,0
BTB193MYE14Y,0.0,4.0,4,4,0,0,0,0,0,0
BTB193OGY08Y,0.0,3.0,3,3,0,0,0,0,0,0
BTB193OGY10Y,0.0,4.0,4,4,0,0,0,0,0,0
BTB193OGY12Y,0.0,4.0,4,4,0,0,0,0,0,0
BTB193OGY14Y,0.0,6.0,6,6,0,0,0,0,0,0
BTB193WLG08Y,0.0,7.0,7,7,0,0,0,0,0,0
BTB193WLG10Y,0.0,5.0,5,5,0,0,0,0,0,0
BTB193WLG12Y,0.0,6.0,6,6,0,0,0,0,0,0
BTB193WLG14Y,0.0,3.0,3,3,0,0,0,0,0,0
BTB195BLK08Y,0.0,36.0,36,31,0,5,5,2,2,1
BTB195BLK10Y,0.0,50.0,50,43,0,7,7,3,3,1
BTB195BLK12Y,0.0,82.0,82,70,0,12,12,6,5,1
BTB195BLK14Y,0.0,95.0,95,81,0,14,14,7,5,2
BTB195NYB08Y,19.0,41.0,60,51,0,9,9,4,4,1
BTB195NYB10Y,16.0,59.0,75,64,0,11,11,5,4,2
BTB195NYB12Y,62.0,64.0,126,81,27,18,45,21,18,6
BTB195NYB14Y,51.0,124.0,175,129,21,25,46,22,18,6
BTB195RED08Y,0.0,48.0,48,41,0,7,7,3,3,1
BTB195RED10Y,0.0,73.0,73,63,0,10,10,5,4,1
BTB195RED12Y,0.0,93.0,93,80,0,13,13,6,5,2
BTB195RED14Y,0.0,116.0,116,99,0,17,17,8,7,2
BTB195SDL08Y,0.0,41.0,41,35,0,6,6,3,2,1
BTB195SDL10Y,0.0,57.0,57,49,0,8,8,4,3,1
BTB195SDL12Y,0.0,44.0,44,38,0,6,6,3,2,1
BTB195SDL14Y,0.0,108.0,108,92,0,16,16,8,6,2
BTB195SKY08Y,0.0,60.0,60,51,0,9,9,4,4,1
BTB195SKY10Y,0.0,77.0,77,66,0,11,11,5,4,2
BTB195SKY12Y,0.0,104.0,104,89,0,15,15,7,6,2
BTB195SKY14Y,0.0,155.0,155,133,0,22,22,10,9,3
BTB195TEL08Y,0.0,37.0,37,32,0,5,5,2,2,1
BTB195TEL10Y,1.0,54.0,55,47,0,8,8,4,3,1
BTB195TEL12Y,58.0,34.0,92,59,20,13,33,16,13,4
BTB195TEL14Y,92.0,38.0,130,84,28,18,46,22,18,6
BTB196BLK08Y499,0.0,43.0,43,37,0,6,6,3,2,1
BTB196BLK10Y499,0.0,95.0,95,81,0,14,14,7,5,2
BTB196BLK12Y499,0.0,157.0,157,134,0,23,23,11,9,3
BTB196BLK14Y499,0.0,233.0,233,199,0,34,34,16,13,5
BTB196NYB08Y499,0.0,43.0,43,37,0,6,6,3,2,1
BTB196NYB10Y499,0.0,94.0,94,80,0,14,14,7,5,2
BTB196NYB12Y499,0.0,157.0,157,134,0,23,23,11,9,3
BTB196NYB14Y499,0.0,232.0,232,198,0,34,34,16,13,5
BTB196RED08Y499,0.0,43.0,43,37,0,6,6,3,2,1
BTB196RED10Y499,0.0,47.0,47,40,0,7,7,3,3,1
BTB196RED12Y499,0.0,157.0,157,134,0,23,23,11,9,3
BTB196RED14Y499,0.0,231.0,231,198,0,33,33,16,13,4
BTB196SDL08Y499,0.0,52.0,52,44,0,8,8,4,3,1
BTB196SDL10Y499,77.0,19.0,96,75,21,0,21,10,8,3
BTB196SDL12Y499,85.0,75.0,160,102,35,23,58,27,23,8
BTB196SDL14Y499,135.0,100.0,235,150,51,34,85,40,33,12
BTB196SKY08Y499,0.0,50.0,50,43,0,7,7,3,3,1
BTB196SKY10Y499,68.0,13.0,81,64,17,0,17,8,7,2
BTB196SKY12Y499,76.0,69.0,145,93,31,21,52,25,20,7
BTB196SKY14Y499,126.0,94.0,220,141,47,32,79,37,31,11
BTB196TEL08Y499,0.0,50.0,50,43,0,7,7,3,3,1
BTB196TEL10Y499,18.0,10.0,28,28,0,0,0,0,0,0
BTB196TEL12Y499,67.0,72.0,139,89,30,20,50,24,19,7
BTB196TEL14Y499,117.0,98.0,215,138,46,31,77,36,30,11
BTB197BLK08Y599,0.0,21.0,21,20,0,1,1,0,0,1
BTB197BLK10Y599,23.0,36.0,59,51,0,8,8,4,3,1
BTB197BLK12Y599,51.0,54.0,105,69,21,15,36,17,14,5
BTB197BLK14Y599,94.0,79.0,173,111,37,25,62,29,24,9
BTB197NYB08Y599,0.0,15.0,15,15,0,0,0,0,0,0
BTB197NYB10Y599,0.0,31.0,31,27,0,4,4,2,2,0
BTB197NYB12Y599,0.0,62.0,62,53,0,9,9,4,4,1
BTB197NYB14Y599,0.0,128.0,128,110,0,18,18,8,7,3
BTB197RED08Y599,0.0,2.0,2,2,0,0,0,0,0,0
BTB197RED10Y599,0.0,19.0,19,19,0,0,0,0,0,0
BTB197RED12Y599,0.0,42.0,42,36,0,6,6,3,2,1
BTB197RED14Y599,0.0,109.0,109,93,0,16,16,8,6,2
BTB197SDL08Y599,0.0,3.0,3,3,0,0,0,0,0,0
BTB197SDL10Y599,0.0,19.0,19,19,0,0,0,0,0,0
BTB197SDL12Y599,0.0,44.0,44,38,0,6,6,3,2,1
BTB197SDL14Y599,0.0,111.0,111,95,0,16,16,8,6,2
BTB197SKY08Y599,0.0,5.0,5,5,0,0,0,0,0,0
BTB197SKY10Y599,1.0,21.0,22,21,0,1,1,0,0,1
BTB197SKY12Y599,16.0,36.0,52,44,0,8,8,4,3,1
BTB197SKY14Y599,51.0,70.0,121,82,21,18,39,18,15,6
BTB197TEL08Y599,16.0,11.0,27,27,0,0,0,0,0,0
BTB197TEL10Y599,45.0,38.0,83,56,15,12,27,13,10,4
BTB197TEL12Y599,80.0,57.0,137,88,29,20,49,23,19,7
BTB197TEL14Y599,125.0,82.0,207,132,45,30,75,35,29,11
BTB201MNB08Y,0.0,11.0,11,11,0,0,0,0,0,0
BTB201MNB10Y,0.0,13.0,13,13,0,0,0,0,0,0
BTB201MNB12Y,0.0,4.0,4,4,0,0,0,0,0,0
BTB201MNB14Y,0.0,3.0,3,3,0,0,0,0,0,0
BTB201MTG08Y,0.0,7.0,7,7,0,0,0,0,0,0
BTB201MTG10Y,13.0,12.0,25,25,0,0,0,0,0,0
BTB201MTG12Y,0.0,4.0,4,4,0,0,0,0,0,0
BTB201MTG14Y,0.0,1.0,1,1,0,0,0,0,0,0
BTB201PLA08Y,0.0,10.0,10,10,0,0,0,0,0,0
BTB201PLA10Y,0.0,4.0,4,4,0,0,0,0,0,0
BTB201PLA12Y,0.0,3.0,3,3,0,0,0,0,0,0
BTB201PLA14Y,0.0,0.0,0,0,0,0,0,0,0,0
BTB201RED08Y,0.0,2.0,2,2,0,0,0,0,0,0
BTB201RED10Y,0.0,2.0,2,2,0,0,0,0,0,0
BTB201RED12Y,0.0,2.0,2,2,0,0,0,0,0,0
BTB201RED14Y,0.0,2.0,2,2,0,0,0,0,0,0
BTB201RYB08Y,0.0,13.0,13,13,0,0,0,0,0,0
BTB201RYB10Y,0.0,3.0,3,3,0,0,0,0,0,0
BTB201RYB12Y,0.0,1.0,1,1,0,0,0,0,0,0
BTB201RYB14Y,0.0,1.0,1,1,0,0,0,0,0,0
BTB201YLW08Y,0.0,2.0,2,2,0,0,0,0,0,0
BTB201YLW10Y,0.0,4.0,4,4,0,0,0,0,0,0
BTB201YLW12Y,0.0,3.0,3,3,0,0,0,0,0,0
BTB201YLW14Y,0.0,6.0,6,6,0,0,0,0,0,0
BTB202MNB08Y,0.0,21.0,21,20,0,1,1,0,0,1
BTB202MNB10Y,0.0,1.0,1,1,0,0,0,0,0,0
BTB202MNB12Y,0.0,3.0,3,3,0,0,0,0,0,0
BTB202MNB14Y,0.0,4.0,4,4,0,0,0,0,0,0
BTB202MTG08Y,4.0,12.0,16,16,0,0,0,0,0,0
BTB202MTG10Y,12.0,24.0,36,32,0,4,4,2,2,0
BTB202MTG12Y,7.0,12.0,19,19,0,0,0,0,0,0
BTB202MTG14Y,5.0,13.0,18,18,0,0,0,0,0,0
BTB202PLA08Y,0.0,2.0,2,2,0,0,0,0,0,0
BTB202PLA10Y,0.0,11.0,11,11,0,0,0,0,0,0
BTB202PLA12Y,0.0,1.0,1,1,0,0,0,0,0,0
BTB202PLA14Y,0.0,2.0,2,2,0,0,0,0,0,0
BTB202RED08Y,0.0,1.0,1,1,0,0,0,0,0,0
BTB202RED10Y,0.0,0.0,0,0,0,0,0,0,0,0
BTB202RED12Y,0.0,4.0,4,4,0,0,0,0,0,0
BTB202RED14Y,0.0,1.0,1,1,0,0,0,0,0,0
BTB202RYB08Y,0.0,21.0,21,20,0,1,1,0,0,1
BTB202RYB10Y,0.0,2.0,2,2,0,0,0,0,0,0
BTB202RYB12Y,0.0,4.0,4,4,0,0,0,0,0,0
BTB202RYB14Y,0.0,1.0,1,1,0,0,0,0,0,0
BTB202YLW08Y,0.0,12.0,12,12,0,0,0,0,0,0
BTB202YLW10Y,0.0,2.0,2,2,0,0,0,0,0,0
BTB202YLW12Y,0.0,2.0,2,2,0,0,0,0,0,0
BTB202YLW14Y,0.0,0.0,0,0,0,0,0,0,0,0
BTB204BAM08Y,0.0,7.0,7,7,0,0,0,0,0,0
BTB204BAM10Y,0.0,9.0,9,9,0,0,0,0,0,0
BTB204BAM12Y,0.0,7.0,7,7,0,0,0,0,0,0
BTB204BAM14Y,0.0,5.0,5,5,0,0,0,0,0,0
BTB204BMA08Y,0.0,22.0,22,20,0,2,2,1,1,0
BTB204BMA10Y,0.0,3.0,3,3,0,0,0,0,0,0
BTB204BMA12Y,0.0,4.0,4,4,0,0,0,0,0,0
BTB204BMA14Y,0.0,7.0,7,7,0,0,0,0,0,0
BTB204CNA08Y,0.0,9.0,9,9,0,0,0,0,0,0
BTB204CNA10Y,0.0,6.0,6,6,0,0,0,0,0,0
BTB204CNA12Y,0.0,4.0,4,4,0,0,0,0,0,0
BTB204CNA14Y,0.0,4.0,4,4,0,0,0,0,0,0
BTB204CNR08Y,0.0,5.0,5,5,0,0,0,0,0,0
BTB204CNR10Y,0.0,1.0,1,1,0,0,0,0,0,0
BTB204CNR12Y,0.0,3.0,3,3,0,0,0,0,0,0
BTB204CNR14Y,0.0,0.0,0,0,0,0,0,0,0,0
BTB204NBO08Y,0.0,6.0,6,6,0,0,0,0,0,0
BTB204NBO10Y,0.0,7.0,7,7,0,0,0,0,0,0
BTB204NBO12Y,0.0,4.0,4,4,0,0,0,0,0,0
BTB204NBO14Y,0.0,2.0,2,2,0,0,0,0,0,0
BTB204NBV08Y,0.0,4.0,4,4,0,0,0,0,0,0
BTB204NBV10Y,0.0,4.0,4,4,0,0,0,0,0,0
BTB204NBV12Y,0.0,7.0,7,7,0,0,0,0,0,0
BTB204NBV14Y,0.0,1.0,1,1,0,0,0,0,0,0
BTB208CHA08Y,0.0,7.0,7,7,0,0,0,0,0,0
BTB208CHA10Y,0.0,6.0,6,6,0,0,0,0,0,0
BTB208CHA12Y,12.0,10.0,22,22,0,0,0,0,0,0
BTB208CHA14Y,0.0,0.0,0,0,0,0,0,0,0,0
BTB208MNB08Y,0.0,71.0,71,61,0,10,10,5,4,1
BTB208MNB10Y,0.0,65.0,65,56,0,9,9,4,4,1
BTB208MNB12Y,0.0,2.0,2,2,0,0,0,0,0,0
BTB208MNB14Y,0.0,0.0,0,0,0,0,0,0,0,0
BTB208NYB08Y,25.0,11.0,36,36,0,0,0,0,0,0
BTB208NYB10Y,0.0,10.0,10,10,0,0,0,0,0,0
BTB208NYB12Y,11.0,10.0,21,21,0,0,0,0,0,0
BTB208NYB14Y,0.0,0.0,0,0,0,0,0,0,0,0
BTB208RED08Y,0.0,20.0,20,20,0,0,0,0,0,0
BTB208RED10Y,0.0,0.0,0,0,0,0,0,0,0,0
BTB208RED12Y,0.0,24.0,24,20,0,4,4,2,2,0
BTB208RED14Y,0.0,0.0,0,0,0,0,0,0,0,0
BTB208TEL08Y,0.0,48.0,48,41,0,7,7,3,3,1
BTB208TEL10Y,0.0,33.0,33,28,0,5,5,2,2,1
BTB208TEL12Y,0.0,0.0,0,0,0,0,0,0,0,0
BTB208TEL14Y,0.0,0.0,0,0,0,0,0,0,0,0
BTB208YLW08Y,48.0,22.0,70,53,15,2,17,8,7,2
BTB208YLW10Y,32.0,14.0,46,44,2,0,2,1,1,0
BTB208YLW12Y,18.0,10.0,28,28,0,0,0,0,0,0
BTB208YLW14Y,0.0,0.0,0,0,0,0,0,0,0,0
BTB210ASH08Y,0.0,6.0,6,6,0,0,0,0,0,0
BTB210ASH12Y,0.0,16.0,16,16,0,0,0,0,0,0
BTB210ASH14Y,0.0,20.0,20,20,0,0,0,0,0,0
BTB210CFK08Y,0.0,6.0,6,6,0,0,0,0,0,0
BTB210CFK10Y,0.0,16.0,16,16,0,0,0,0,0,0
BTB210CFK12Y,0.0,55.0,55,47,0,8,8,4,3,1
BTB210CFK14Y,0.0,72.0,72,62,0,10,10,5,4,1
BTB210MNB08Y,0.0,8.0,8,8,0,0,0,0,0,0
BTB210MNB10Y,0.0,4.0,4,4,0,0,0,0,0,0
BTB210MNB12Y,0.0,27.0,27,23,0,4,4,2,2,0
BTB210MNB14Y,0.0,52.0,52,44,0,8,8,4,3,1
BTB210TEL08Y,0.0,9.0,9,9,0,0,0,0,0,0
BTB210TEL10Y,0.0,42.0,42,36,0,6,6,3,2,1
BTB210TEL12Y,0.0,56.0,56,48,0,8,8,4,3,1
BTB210TEL14Y,0.0,99.0,99,85,0,14,14,7,5,2
BTB210WLG10Y,0.0,2.0,2,2,0,0,0,0,0,0
BTB210WLG12Y,0.0,0.0,0,0,0,0,0,0,0,0
BTB210WLG14Y,0.0,34.0,34,29,0,5,5,2,2,1
BTB210YLW08Y,0.0,8.0,8,8,0,0,0,0,0,0
BTB210YLW10Y,0.0,20.0,20,20,0,0,0,0,0,0
BTB210YLW12Y,0.0,56.0,56,48,0,8,8,4,3,1
BTB210YLW14Y,0.0,60.0,60,51,0,9,9,4,4,1
BTB211ASH08Y,0.0,6.0,6,6,0,0,0,0,0,0
BTB211ASH10Y,11.0,20.0,31,31,0,0,0,0,0,0
BTB211ASH12Y,0.0,2.0,2,2,0,0,0,0,0,0
BTB211ASH14Y,32.0,17.0,49,47,2,0,2,1,1,0
BTB211CFK08Y,0.0,1.0,1,1,0,0,0,0,0,0
BTB211CFK10Y,0.0,1.0,1,1,0,0,0,0,0,0
BTB211CFK12Y,0.0,0.0,0,0,0,0,0,0,0,0
BTB211CFK14Y,0.0,9.0,9,9,0,0,0,0,0,0
BTB211MNB08Y,0.0,1.0,1,1,0,0,0,0,0,0
BTB211MNB10Y,0.0,11.0,11,11,0,0,0,0,0,0
BTB211MNB12Y,0.0,4.0,4,4,0,0,0,0,0,0
BTB211MNB14Y,55.0,14.0,69,54,15,0,15,7,6,2
BTB211TEL08Y,0.0,1.0,1,1,0,0,0,0,0,0
BTB211TEL10Y,0.0,3.0,3,3,0,0,0,0,0,0
BTB211TEL12Y,8.0,11.0,19,19,0,0,0,0,0,0
BTB211TEL14Y,28.0,17.0,45,45,0,0,0,0,0,0
BTB211WLG08Y,0.0,7.0,7,7,0,0,0,0,0,0
BTB211WLG10Y,0.0,1.0,1,1,0,0,0,0,0,0
BTB211WLG12Y,0.0,0.0,0,0,0,0,0,0,0,0
BTB211WLG14Y,0.0,21.0,21,20,0,1,1,0,0,1
BTB211YLW08Y,0.0,1.0,1,1,0,0,0,0,0,0
BTB211YLW10Y,0.0,1.0,1,1,0,0,0,0,0,0
BTB211YLW12Y,0.0,1.0,1,1,0,0,0,0,0,0
BTB211YLW14Y,0.0,34.0,34,29,0,5,5,2,2,1
BTB212ASH08Y,0.0,0.0,0,0,0,0,0,0,0,0
BTB212ASH10Y,0.0,3.0,3,3,0,0,0,0,0,0
BTB212ASH12Y,0.0,17.0,17,17,0,0,0,0,0,0
BTB212ASH14Y,0.0,53.0,53,45,0,8,8,4,3,1
BTB212CFK08Y,0.0,0.0,0,0,0,0,0,0,0,0
BTB212CFK10Y,0.0,0.0,0,0,0,0,0,0,0,0
BTB212CFK12Y,0.0,9.0,9,9,0,0,0,0,0,0
BTB212CFK14Y,0.0,37.0,37,32,0,5,5,2,2,1
BTB212MNB08Y,0.0,0.0,0,0,0,0,0,0,0,0
BTB212MNB10Y,0.0,4.0,4,4,0,0,0,0,0,0
BTB212MNB12Y,0.0,26.0,26,22,0,4,4,2,2,0
BTB212MNB14Y,0.0,115.0,115,99,0,16,16,8,6,2
BTB212TEL08Y,0.0,11.0,11,11,0,0,0,0,0,0
BTB212TEL10Y,0.0,6.0,6,6,0,0,0,0,0,0
BTB212TEL12Y,0.0,3.0,3,3,0,0,0,0,0,0
BTB212TEL14Y,0.0,57.0,57,49,0,8,8,4,3,1
BTB212WLG08Y,0.0,2.0,2,2,0,0,0,0,0,0
BTB212WLG10Y,0.0,0.0,0,0,0,0,0,0,0,0
BTB212WLG12Y,0.0,26.0,26,22,0,4,4,2,2,0
BTB212WLG14Y,0.0,113.0,113,97,0,16,16,8,6,2
BTB212YLW08Y,0.0,4.0,4,4,0,0,0,0,0,0
BTB212YLW10Y,0.0,0.0,0,0,0,0,0,0,0,0
BTB212YLW12Y,0.0,36.0,36,31,0,5,5,2,2,1
BTB212YLW14Y,0.0,34.0,34,29,0,5,5,2,2,1
BTB213LTG08Y,0.0,21.0,21,20,0,1,1,0,0,1
BTB213LTG10Y,0.0,29.0,29,25,0,4,4,2,2,0
BTB213LTG12Y,0.0,85.0,85,73,0,12,12,6,5,1
BTB213LTG14Y,0.0,253.0,253,217,0,36,36,17,14,5
BTB213PLA08Y,0.0,22.0,22,20,0,2,2,1,1,0
BTB213PLA10Y,0.0,29.0,29,25,0,4,4,2,2,0
BTB213PLA12Y,0.0,81.0,81,69,0,12,12,6,5,1
BTB213PLA14Y,0.0,237.0,237,203,0,34,34,16,13,5
BTB213SDL08Y,0.0,21.0,21,20,0,1,1,0,0,1
BTB213SDL10Y,0.0,33.0,33,28,0,5,5,2,2,1
BTB213SDL12Y,0.0,81.0,81,69,0,12,12,6,5,1
BTB213SDL14Y,0.0,245.0,245,210,0,35,35,17,14,4
BTB213SKY08Y,0.0,22.0,22,20,0,2,2,1,1,0
BTB213SKY10Y,0.0,29.0,29,25,0,4,4,2,2,0
BTB213SKY12Y,0.0,81.0,81,69,0,12,12,6,5,1
BTB213SKY14Y,0.0,215.0,215,184,0,31,31,15,12,4
BTB215AGY08Y,0.0,12.0,12,12,0,0,0,0,0,0
BTB215AGY10Y,0.0,0.0,0,0,0,0,0,0,0,0
BTB215AGY12Y,0.0,21.0,21,20,0,1,1,0,0,1
BTB215AGY14Y,0.0,67.0,67,57,0,10,10,5,4,1
BTB215CHA08Y,0.0,3.0,3,3,0,0,0,0,0,0
BTB215CHA10Y,0.0,0.0,0,0,0,0,0,0,0,0
BTB215CHA12Y,0.0,3.0,3,3,0,0,0,0,0,0
BTB215CHA14Y,0.0,16.0,16,16,0,0,0,0,0,0
BTB215GFT08Y,0.0,8.0,8,8,0,0,0,0,0,0
BTB215GFT10Y,0.0,6.0,6,6,0,0,0,0,0,0
BTB215GFT12Y,0.0,37.0,37,32,0,5,5,2,2,1
BTB215GFT14Y,0.0,111.0,111,95,0,16,16,8,6,2
BTB215MNB08Y,0.0,2.0,2,2,0,0,0,0,0,0
BTB215MNB10Y,0.0,4.0,4,4,0,0,0,0,0,0
BTB215MNB12Y,0.0,8.0,8,8,0,0,0,0,0,0
BTB215MNB14Y,0.0,122.0,122,104,0,18,18,8,7,3
BTB215NYB08Y,0.0,1.0,1,1,0,0,0,0,0,0
BTB215NYB10Y,0.0,0.0,0,0,0,0,0,0,0,0
BTB215NYB12Y,0.0,8.0,8,8,0,0,0,0,0,0
BTB215NYB14Y,0.0,59.0,59,51,0,8,8,4,3,1
BTB215OFW08Y,0.0,10.0,10,10,0,0,0,0,0,0
BTB215OFW10Y,0.0,12.0,12,12,0,0,0,0,0,0
BTB215OFW12Y,0.0,63.0,63,54,0,9,9,4,4,1
BTB215OFW14Y,0.0,104.0,104,89,0,15,15,7,6,2
BTB240ASH08Y,0.0,37.0,37,32,0,5,5,2,2,1
BTB240ASH10Y,4.0,65.0,69,59,0,10,10,5,4,1
BTB240ASH12Y,50.0,115.0,165,121,20,24,44,21,17,6
BTB240ASH14Y,60.0,116.0,176,121,30,25,55,26,21,8
BTB240BLK08Y,0.0,24.0,24,20,0,4,4,2,2,0
BTB240BLK10Y,0.0,53.0,53,45,0,8,8,4,3,1
BTB240BLK12Y,0.0,115.0,115,99,0,16,16,8,6,2
BTB240BLK14Y,0.0,125.0,125,107,0,18,18,8,7,3
BTB240BRD08Y,0.0,24.0,24,20,0,4,4,2,2,0
BTB240BRD10Y,0.0,53.0,53,45,0,8,8,4,3,1
BTB240BRD12Y,0.0,82.0,82,70,0,12,12,6,5,1
BTB240BRD14Y,0.0,77.0,77,66,0,11,11,5,4,2
BTB240MTG08Y,0.0,23.0,23,20,0,3,3,1,1,1
BTB240MTG10Y,0.0,53.0,53,45,0,8,8,4,3,1
BTB240MTG12Y,0.0,79.0,79,68,0,11,11,5,4,2
BTB240MTG14Y,0.0,94.0,94,80,0,14,14,7,5,2
BTB240NYB08Y,10.0,31.0,41,35,0,6,6,3,2,1
BTB240NYB10Y,68.0,63.0,131,84,28,19,47,22,18,7
BTB240NYB12Y,142.0,110.0,252,161,55,36,91,43,35,13
BTB240NYB14Y,100.0,101.0,201,129,43,29,72,34,28,10
BTB240TEL08Y,1.0,19.0,20,20,0,0,0,0,0,0
BTB240TEL10Y,42.0,51.0,93,68,12,13,25,12,10,3
BTB240TEL12Y,88.0,110.0,198,127,43,28,71,34,28,9
BTB240TEL14Y,95.0,106.0,201,129,43,29,72,34,28,10
BTB241BLE08Y529,12.0,24.0,36,32,0,4,4,2,2,0
BTB241BLE10Y529,86.0,22.0,108,83,23,2,25,12,10,3
BTB241BLE12Y529,142.0,23.0,165,127,35,3,38,18,15,5
BTB241BLE14Y529,109.0,11.0,120,94,26,0,26,12,10,4
BTB241BLK08Y529,0.0,14.0,14,14,0,0,0,0,0,0
BTB241BLK10Y529,0.0,22.0,22,20,0,2,2,1,1,0
BTB241BLK12Y529,0.0,57.0,57,49,0,8,8,4,3,1
BTB241BLK14Y529,0.0,0.0,0,0,0,0,0,0,0,0
BTB241BRD08Y529,0.0,0.0,0,0,0,0,0,0,0,0
BTB241BRD10Y529,0.0,18.0,18,18,0,0,0,0,0,0
BTB241BRD12Y529,0.0,46.0,46,39,0,7,7,3,3,1
BTB241BRD14Y529,0.0,4.0,4,4,0,0,0,0,0,0
BTB241GFT08Y529,0.0,0.0,0,0,0,0,0,0,0,0
BTB241GFT10Y529,1.0,16.0,17,17,0,0,0,0,0,0
BTB241GFT12Y529,7.0,12.0,19,19,0,0,0,0,0,0
BTB241GFT14Y529,9.0,20.0,29,29,0,0,0,0,0,0
BTB241MNB08Y529,0.0,0.0,0,0,0,0,0,0,0,0
BTB241MNB10Y529,34.0,13.0,47,43,4,0,4,2,2,0
BTB241MNB12Y529,32.0,14.0,46,44,2,0,2,1,1,0
BTB241MNB14Y529,26.0,12.0,38,38,0,0,0,0,0,0
BTB241TEL08Y529,41.0,32.0,73,52,11,10,21,10,8,3
BTB241TEL10Y529,120.0,31.0,151,108,32,11,43,20,17,6
BTB241TEL12Y529,187.0,33.0,220,160,47,13,60,28,23,9
BTB241TEL14Y529,158.0,14.0,172,135,37,0,37,17,14,6
BTBM10BLK036,0.0,1.0,1,1,0,0,0,0,0,0
BTBM10BTE030,0.0,1.0,1,1,0,0,0,0,0,0
BTBM10LDN036,0.0,1.0,1,1,0,0,0,0,0,0
BTBM10NVY030,0.0,2.0,2,2,0,0,0,0,0,0
BTBM10NVY032,0.0,4.0,4,4,0,0,0,0,0,0
BTBM10NVY036,0.0,2.0,2,2,0,0,0,0,0,0
BTBM12BLK08Y,1.0,12.0,13,13,0,0,0,0,0,0
BTBM12BLK10Y,0.0,6.0,6,6,0,0,0,0,0,0
BTBM12BLK12Y,0.0,17.0,17,17,0,0,0,0,0,0
BTBM12BLK14Y,0.0,5.0,5,5,0,0,0,0,0,0
BTBM12MYE08Y,0.0,14.0,14,14,0,0,0,0,0,0
BTBM12MYE10Y,4.0,11.0,15,15,0,0,0,0,0,0
BTBM12MYE12Y,0.0,4.0,4,4,0,0,0,0,0,0
BTBM12MYE14Y,3.0,17.0,20,20,0,0,0,0,0,0
BTBM12OGY08Y,0.0,2.0,2,2,0,0,0,0,0,0
BTBM12OGY10Y,0.0,2.0,2,2,0,0,0,0,0,0
BTBM12OLD08Y,0.0,7.0,7,7,0,0,0,0,0,0
BTBM12OLD10Y,0.0,11.0,11,11,0,0,0,0,0,0
BTBM12OLD12Y,0.0,16.0,16,16,0,0,0,0,0,0
BTBM12OLD14Y,0.0,2.0,2,2,0,0,0,0,0,0
BTBM12UGY08Y,0.0,3.0,3,3,0,0,0,0,0,0
BTBM12UGY10Y,0.0,2.0,2,2,0,0,0,0,0,0
BTBM12UGY12Y,0.0,6.0,6,6,0,0,0,0,0,0
BTBM12UGY14Y,0.0,3.0,3,3,0,0,0,0,0,0
BTBM12WLG08Y,0.0,2.0,2,2,0,0,0,0,0,0
BTBM12WLG10Y,0.0,1.0,1,1,0,0,0,0,0,0
BTBM12WLG14Y,0.0,4.0,4,4,0,0,0,0,0,0
BTBR10BLK08Y299,0.0,79.0,79,68,0,11,11,5,4,2
BTBR10BLK10Y299,76.0,92.0,168,108,36,24,60,28,23,9
BTBR10BLK12Y299,65.0,210.0,275,200,35,40,75,35,29,11
BTBR10BLK14Y299,158.0,126.0,284,182,61,41,102,48,40,14
BTBR10GFT08Y299,0.0,95.0,95,81,0,14,14,7,5,2
BTBR10GFT10Y299,72.0,53.0,125,80,27,18,45,21,18,6
BTBR10GFT12Y299,106.0,124.0,230,147,50,33,83,39,32,12
BTBR10GFT14Y299,106.0,136.0,242,155,52,35,87,41,34,12
BTBR10LBE08Y299,0.0,93.0,93,80,0,13,13,6,5,2
BTBR10LBE10Y299,91.0,56.0,147,94,32,21,53,25,21,7
BTBR10LBE12Y299,128.0,125.0,253,162,55,36,91,43,35,13
BTBR10LBE14Y299,128.0,135.0,263,168,57,38,95,45,37,13
BTBR10RST08Y299,0.0,79.0,79,68,0,11,11,5,4,2
BTBR10RST10Y299,52.0,81.0,133,92,22,19,41,19,16,6
BTBR10RST12Y299,37.0,211.0,248,205,7,36,43,20,17,6
BTBR10RST14Y299,130.0,127.0,257,164,56,37,93,44,36,13
BTBR10TEL08Y299,0.0,91.0,91,78,0,13,13,6,5,2
BTBR10TEL10Y299,42.0,96.0,138,106,12,20,32,15,12,5
BTBR10TEL12Y299,28.0,226.0,254,218,0,36,36,17,14,5
BTBR10TEL14Y299,126.0,142.0,268,172,58,38,96,45,37,14
BTBR10WHT08Y299,3.0,91.0,94,80,0,14,14,7,5,2
BTBR10WHT10Y299,46.0,96.0,142,106,16,20,36,17,14,5
BTBR10WHT12Y299,33.0,220.0,253,214,3,36,39,18,15,6
BTBR10WHT14Y299,126.0,143.0,269,172,58,39,97,46,38,13
BVB209ASH08Y,0.0,0.0,0,0,0,0,0,0,0,0
BVB209ASH10Y,0.0,5.0,5,5,0,0,0,0,0,0
BVB209ASH12Y,0.0,7.0,7,7,0,0,0,0,0,0
BVB209ASH14Y,0.0,58.0,58,50,0,8,8,4,3,1
BVB209CFK08Y,0.0,0.0,0,0,0,0,0,0,0,0
BVB209CFK12Y,0.0,1.0,1,1,0,0,0,0,0,0
BVB209CFK14Y,0.0,62.0,62,53,0,9,9,4,4,1
BVB209MNB08Y,0.0,1.0,1,1,0,0,0,0,0,0
BVB209MNB10Y,0.0,0.0,0,0,0,0,0,0,0,0
BVB209MNB12Y,0.0,0.0,0,0,0,0,0,0,0,0
BVB209MNB14Y,0.0,6.0,6,6,0,0,0,0,0,0
BVB209TEL08Y,0.0,0.0,0,0,0,0,0,0,0,0
BVB209TEL10Y,0.0,0.0,0,0,0,0,0,0,0,0
BVB209TEL12Y,0.0,3.0,3,3,0,0,0,0,0,0
BVB209TEL14Y,0.0,35.0,35,30,0,5,5,2,2,1
BVB209WLG08Y,0.0,1.0,1,1,0,0,0,0,0,0
BVB209WLG10Y,0.0,1.0,1,1,0,0,0,0,0,0
BVB209WLG12Y,0.0,8.0,8,8,0,0,0,0,0,0
BVB209WLG14Y,0.0,52.0,52,44,0,8,8,4,3,1
BVB209YLW08Y,0.0,0.0,0,0,0,0,0,0,0,0
BVB209YLW10Y,0.0,0.0,0,0,0,0,0,0,0,0
BVB209YLW12Y,0.0,1.0,1,1,0,0,0,0,0,0
BVB209YLW14Y,0.0,13.0,13,13,0,0,0,0,0,0
MABAMBREWBIG500,108.0,50.0,158,101,34,23,57,27,22,8
MABAMBREWSML700,11.0,10.0,21,21,0,0,0,0,0,0
MABOATPB3990,0.0,0.0,0,0,0,0,0,0,0,0
MAMESHBAG,1.0,10.0,11,11,0,0,0,0,0,0
MAOR53AS2MED,0.0,1.0,1,1,0,0,0,0,0,0
MATUMOFW299,0.0,34.0,34,29,0,5,5,2,2,1
MATUMOFW29920,0.0,40.0,40,34,0,6,6,3,2,1
MCSOR9095BLK2XL,0.0,0.0,0,0,0,0,0,0,0,0
MCSOR9095BLKLAR,0.0,0.0,0,0,0,0,0,0,0,0
MCSOR9095BLKMED,0.0,2.0,2,2,0,0,0,0,0,0
MCSOR9095BLKXLR,0.0,6.0,6,6,0,0,0,0,0,0
MCSOR9095DNM2XL,0.0,1.0,1,1,0,0,0,0,0,0
MCSOR9095DNMLAR,0.0,1.0,1,1,0,0,0,0,0,0
MCSOR9095SEGMED,0.0,1.0,1,1,0,0,0,0,0,0
MCSP933P934BLK2XL,7.0,47.0,54,46,0,8,8,4,3,1
MCSP933P934BLKLAR,8.0,71.0,79,68,0,11,11,5,4,2
MCSP933P934BLKMED,73.0,171.0,244,166,43,35,78,37,30,11
MCSP933P934BLKXLR,8.0,86.0,94,80,0,14,14,7,5,2
MCSP933P934CHA2XL,9.0,28.0,37,32,0,5,5,2,2,1
MCSP933P934CHALAR,19.0,81.0,100,86,0,14,14,7,5,2
MCSP933P934CHAMED,21.0,177.0,198,170,0,28,28,13,11,4
MCSP933P934CHAXLR,25.0,76.0,101,87,0,14,14,7,5,2
MCSP933P934GFT2XL,1.0,30.0,31,27,0,4,4,2,2,0
MCSP933P934GFTLAR,25.0,29.0,54,46,0,8,8,4,3,1
MCSP933P934GFTMED,89.0,156.0,245,157,53,35,88,42,34,12
MCSP933P934GFTXLR,24.0,71.0,95,81,0,14,14,7,5,2
MCSP933P934VIO2XL,5.0,28.0,33,28,0,5,5,2,2,1
MCSP933P934VIOLAR,25.0,74.0,99,85,0,14,14,7,5,2
MCSP933P934VIOMED,19.0,163.0,182,156,0,26,26,12,10,4
MCSP933P934VIOXLR,29.0,51.0,80,68,0,12,12,6,5,1
MCSP943P944BLK2XL,0.0,11.0,11,11,0,0,0,0,0,0
MCSP943P944BLKLAR,0.0,40.0,40,34,0,6,6,3,2,1
MCSP943P944BLKMED,0.0,177.0,177,151,0,26,26,12,10,4
MCSP943P944BLKSML,0.0,91.0,91,78,0,13,13,6,5,2
MCSP943P944BLKXLR,0.0,44.0,44,38,0,6,6,3,2,1
MCSP943P944GFT2XL,0.0,7.0,7,7,0,0,0,0,0,0
MCSP943P944GFTLAR,0.0,41.0,41,35,0,6,6,3,2,1
MCSP943P944GFTMED,90.0,104.0,194,124,42,28,70,33,27,10
MCSP943P944GFTSML,61.0,36.0,97,62,21,14,35,17,14,4
MCSP943P944GFTXLR,66.0,18.0,84,66,18,0,18,8,7,3
MCSP943P944LTG2XL,0.0,6.0,6,6,0,0,0,0,0,0
MCSP943P944LTGLAR,0.0,35.0,35,30,0,5,5,2,2,1
MCSP943P944LTGMED,0.0,171.0,171,146,0,25,25,12,10,3
MCSP943P944LTGSML,0.0,92.0,92,79,0,13,13,6,5,2
MCSP943P944LTGXLR,0.0,40.0,40,34,0,6,6,3,2,1
MCSP943P944SKO2XL,0.0,11.0,11,11,0,0,0,0,0,0
MCSP943P944SKOLAR,0.0,38.0,38,32,0,6,6,3,2,1
MCSP943P944SKOMED,0.0,170.0,170,146,0,24,24,11,9,4
MCSP943P944SKOSML,0.0,90.0,90,77,0,13,13,6,5,2
MCSP943P944SKOXLR,0.0,40.0,40,34,0,6,6,3,2,1
MCSPM9495NVY2XL,0.0,0.0,0,0,0,0,0,0,0,0
MCSPM99P900BLK2XL,0.0,0.0,0,0,0,0,0,0,0,0
MCSPM99P900BLKLAR,0.0,1.0,1,1,0,0,0,0,0,0
MCSPM99P900BLKXLR,0.0,0.0,0,0,0,0,0,0,0,0
MCSPM99P900NYBLAR,0.0,0.0,0,0,0,0,0,0,0,0
MCSPM99P900NYBMED,0.0,0.0,0,0,0,0,0,0,0,0
MCSPM99P900NYBXLR,0.0,0.0,0,0,0,0,0,0,0,0
MCSPM99P900TRN2XL,0.0,1.0,1,1,0,0,0,0,0,0
MCSPM99P900TRNLAR,0.0,1.0,1,1,0,0,0,0,0,0
MCSPM99P900TRNXLR,0.0,2.0,2,2,0,0,0,0,0,0
MFP752BRN2XL,0.0,1.0,1,1,0,0,0,0,0,0
MFP752BRNLAR,0.0,7.0,7,7,0,0,0,0,0,0
MFP752BRNMED,0.0,23.0,23,20,0,3,3,1,1,1
MFP752BRNXLR,0.0,4.0,4,4,0,0,0,0,0,0
MFP752CRB2XL,0.0,0.0,0,0,0,0,0,0,0,0
MFP752CRBLAR,0.0,1.0,1,1,0,0,0,0,0,0
MFP752CRBMED,0.0,2.0,2,2,0,0,0,0,0,0
MFP752FIG2XL,0.0,0.0,0,0,0,0,0,0,0,0
MFP752FIGLAR,0.0,4.0,4,4,0,0,0,0,0,0
MFP752FIGMED,0.0,41.0,41,35,0,6,6,3,2,1
MFP752FIGXLR,0.0,0.0,0,0,0,0,0,0,0,0
MFP752LTGLAR,0.0,1.0,1,1,0,0,0,0,0,0
MFP752NVY2XL,0.0,0.0,0,0,0,0,0,0,0,0
MFP752NVYLAR,0.0,1.0,1,1,0,0,0,0,0,0
MFP752NVYMED,0.0,3.0,3,3,0,0,0,0,0,0
MFP752NVYXLR,0.0,2.0,2,2,0,0,0,0,0,0
MFP752PGNMED,0.0,1.0,1,1,0,0,0,0,0,0
MFP752TLE2XL,0.0,0.0,0,0,0,0,0,0,0,0
MFP752TLELAR,0.0,0.0,0,0,0,0,0,0,0,0
MFP752TLEMED,0.0,33.0,33,28,0,5,5,2,2,1
MFP752TLEXLR,0.0,0.0,0,0,0,0,0,0,0,0
MFP752TSP2XL,0.0,0.0,0,0,0,0,0,0,0,0
MFP752TSPLAR,0.0,2.0,2,2,0,0,0,0,0,0
MFP752TSPMED,0.0,41.0,41,35,0,6,6,3,2,1
MFP752TSPXLR,0.0,0.0,0,0,0,0,0,0,0,0
MFP752WGN2XL,0.0,0.0,0,0,0,0,0,0,0,0
MFP752WGNLAR,0.0,0.0,0,0,0,0,0,0,0,0
MFP752WGNMED,0.0,4.0,4,4,0,0,0,0,0,0
MFP752WGNXLR,0.0,0.0,0,0,0,0,0,0,0,0
MFP822BLK2XL,25.0,14.0,39,39,0,0,0,0,0,0
MFP822BLKLAR,65.0,28.0,93,65,20,8,28,13,11,4
MFP822BLKMED,8.0,10.0,18,18,0,0,0,0,0,0
MFP822BLKXLR,0.0,13.0,13,13,0,0,0,0,0,0
MFP822GFT2XL,0.0,6.0,6,6,0,0,0,0,0,0
MFP822GFTLAR,0.0,4.0,4,4,0,0,0,0,0,0
MFP822GFTMED,0.0,0.0,0,0,0,0,0,0,0,0
MFP822GFTXLR,0.0,0.0,0,0,0,0,0,0,0,0
MFP822GVE2XL,0.0,13.0,13,13,0,0,0,0,0,0
MFP822GVELAR,0.0,11.0,11,11,0,0,0,0,0,0
MFP822GVEMED,0.0,0.0,0,0,0,0,0,0,0,0
MFP822GVEXLR,0.0,1.0,1,1,0,0,0,0,0,0
MFP822LTG2XL,95.0,56.0,151,97,32,22,54,26,21,7
MFP822LTGLAR,161.0,53.0,214,137,46,31,77,36,30,11
MFP822LTGMED,76.0,33.0,109,73,23,13,36,17,14,5
MFP822LTGXLR,36.0,30.0,66,50,6,10,16,8,6,2
MFP822LTN2XL,0.0,0.0,0,0,0,0,0,0,0,0
MFP822LTNLAR,0.0,1.0,1,1,0,0,0,0,0,0
MFP822LTNMED,0.0,10.0,10,10,0,0,0,0,0,0
MFP822MNB2XL,17.0,14.0,31,31,0,0,0,0,0,0
MFP822MNBLAR,14.0,65.0,79,68,0,11,11,5,4,2
MFP822MNBMED,0.0,9.0,9,9,0,0,0,0,0,0
MFP822MNBXLR,0.0,7.0,7,7,0,0,0,0,0,0
MFP822PDB2XL,0.0,1.0,1,1,0,0,0,0,0,0
MFP822PDBLAR,0.0,1.0,1,1,0,0,0,0,0,0
MFP822PDBMED,4.0,11.0,15,15,0,0,0,0,0,0
MFP822PDBXLR,0.0,2.0,2,2,0,0,0,0,0,0
MFP822SEG2XL,0.0,0.0,0,0,0,0,0,0,0,0
MFP822SEGLAR,0.0,1.0,1,1,0,0,0,0,0,0
MFP822SEGMED,0.0,0.0,0,0,0,0,0,0,0,0
MFP822TLE2XL,0.0,0.0,0,0,0,0,0,0,0,0
MFP822TLELAR,0.0,1.0,1,1,0,0,0,0,0,0
MFP822TLEMED,0.0,7.0,7,7,0,0,0,0,0,0
MFP822WHT2XL,70.0,59.0,129,83,28,18,46,22,18,6
MFP822WHTLAR,118.0,77.0,195,125,42,28,70,33,27,10
MFP822WHTMED,29.0,66.0,95,81,0,14,14,7,5,2
MFP822WHTXLR,5.0,39.0,44,38,0,6,6,3,2,1
MFP823BOE2XL,0.0,1.0,1,1,0,0,0,0,0,0
MFP823BOELAR,0.0,0.0,0,0,0,0,0,0,0,0
MFP823BOEMED,0.0,0.0,0,0,0,0,0,0,0,0
MFP823BOEXLR,0.0,0.0,0,0,0,0,0,0,0,0
MFP823CTF2XL,0.0,1.0,1,1,0,0,0,0,0,0
MFP823CTFLAR,0.0,0.0,0,0,0,0,0,0,0,0
MFP823CTFMED,0.0,30.0,30,26,0,4,4,2,2,0
MFP823CTFXLR,0.0,0.0,0,0,0,0,0,0,0,0
MFP823GFT2XL,0.0,1.0,1,1,0,0,0,0,0,0
MFP823GFTLAR,0.0,0.0,0,0,0,0,0,0,0,0
MFP823GFTMED,0.0,1.0,1,1,0,0,0,0,0,0
MFP823GVE2XL,0.0,0.0,0,0,0,0,0,0,0,0
MFP823GVELAR,0.0,1.0,1,1,0,0,0,0,0,0
MFP823GVEMED,0.0,0.0,0,0,0,0,0,0,0,0
MFP823HBE2XL,0.0,8.0,8,8,0,0,0,0,0,0
MFP823HBELAR,0.0,0.0,0,0,0,0,0,0,0,0
MFP823HBEMED,16.0,14.0,30,30,0,0,0,0,0,0
MFP823HBEXLR,0.0,2.0,2,2,0,0,0,0,0,0
MFP823LTN2XL,0.0,0.0,0,0,0,0,0,0,0,0
MFP823LTNMED,0.0,1.0,1,1,0,0,0,0,0,0
MFP823NTC2XL,0.0,5.0,5,5,0,0,0,0,0,0
MFP823NTCLAR,0.0,1.0,1,1,0,0,0,0,0,0
MFP823NTCMED,0.0,16.0,16,16,0,0,0,0,0,0
MFP823NTCXLR,0.0,1.0,1,1,0,0,0,0,0,0
MFP823NVY2XL,0.0,3.0,3,3,0,0,0,0,0,0
MFP823NVYLAR,0.0,0.0,0,0,0,0,0,0,0,0
MFP823NVYMED,0.0,0.0,0,0,0,0,0,0,0,0
MFP823NVYXLR,0.0,1.0,1,1,0,0,0,0,0,0
MFP823PDBMED,0.0,0.0,0,0,0,0,0,0,0,0
MFP823SEG2XL,0.0,0.0,0,0,0,0,0,0,0,0
MFP823SEGMED,0.0,0.0,0,0,0,0,0,0,0,0
MFP823TLE2XL,0.0,0.0,0,0,0,0,0,0,0,0
MFP823TLEMED,0.0,0.0,0,0,0,0,0,0,0,0
MFP823WHT2XL,0.0,1.0,1,1,0,0,0,0,0,0
MFP823WHT2XL949,152.0,61.0,213,136,46,31,77,36,30,11
MFP823WHTLAR,0.0,1.0,1,1,0,0,0,0,0,0
MFP823WHTLAR949,150.0,123.0,273,175,59,39,98,46,38,14
MFP823WHTMED,0.0,1.0,1,1,0,0,0,0,0,0
MFP823WHTMED949,200.0,137.0,337,216,73,48,121,57,47,17
MFP823WHTXLR,0.0,0.0,0,0,0,0,0,0,0,0
MFP823WHTXLR949,171.0,131.0,302,193,65,44,109,51,42,16
MFP828ASH2XL,0.0,0.0,0,0,0,0,0,0,0,0
MFP828ASHLAR,0.0,0.0,0,0,0,0,0,0,0,0
MFP828ASHMED,0.0,0.0,0,0,0,0,0,0,0,0
MFP828BLK2XL,0.0,0.0,0,0,0,0,0,0,0,0
MFP828BLKLAR,0.0,0.0,0,0,0,0,0,0,0,0
MFP828BLKMED,0.0,0.0,0,0,0,0,0,0,0,0
MFP828DTE2XL,0.0,0.0,0,0,0,0,0,0,0,0
MFP828DTELAR,0.0,0.0,0,0,0,0,0,0,0,0
MFP828DTEMED,0.0,0.0,0,0,0,0,0,0,0,0
MFP828DTEXLR,0.0,0.0,0,0,0,0,0,0,0,0
MFP828GVELAR,0.0,0.0,0,0,0,0,0,0,0,0
MFP828GVEMED,0.0,1.0,1,1,0,0,0,0,0,0
MFP828LBE2XL,0.0,0.0,0,0,0,0,0,0,0,0
MFP828LBELAR,0.0,4.0,4,4,0,0,0,0,0,0
MFP828LBEMED,0.0,0.0,0,0,0,0,0,0,0,0
MFP828LBEXLR,0.0,0.0,0,0,0,0,0,0,0,0
MFP828LGN2XL,0.0,1.0,1,1,0,0,0,0,0,0
MFP828LGNLAR,0.0,1.0,1,1,0,0,0,0,0,0
MFP828LGNMED,0.0,0.0,0,0,0,0,0,0,0,0
MFP828LGNXLR,0.0,0.0,0,0,0,0,0,0,0,0
MFP828NVY2XL,0.0,0.0,0,0,0,0,0,0,0,0
MFP828NVYLAR,0.0,0.0,0,0,0,0,0,0,0,0
MFP828NVYXLR,0.0,0.0,0,0,0,0,0,0,0,0
MFP828WHT2XL,0.0,0.0,0,0,0,0,0,0,0,0
MFP828WHTMED,0.0,0.0,0,0,0,0,0,0,0,0
MFP984BLE2XL1049,27.0,60.0,87,75,0,12,12,6,5,1
MFP984BLELAR1049,34.0,50.0,84,68,4,12,16,8,6,2
MFP984BLEMED1049,123.0,146.0,269,172,58,39,97,46,38,13
MFP984BLEXLR1049,37.0,51.0,88,68,7,13,20,9,8,3
MFP984BLK2XL1049,36.0,58.0,94,74,6,14,20,9,8,3
MFP984BLKLAR1049,5.0,94.0,99,85,0,14,14,7,5,2
MFP984BLKMED1049,134.0,144.0,278,178,60,40,100,47,39,14
MFP984BLKXLR1049,5.0,94.0,99,85,0,14,14,7,5,2
MFP984NYB2XL1049,45.0,58.0,103,73,15,15,30,14,12,4
MFP984NYBLAR1049,13.0,95.0,108,92,0,16,16,8,6,2
MFP984NYBMED1049,142.0,145.0,287,184,62,41,103,49,40,14
MFP984NYBXLR1049,13.0,94.0,107,91,0,16,16,8,6,2
MFP984OGY2XL1049,46.0,58.0,104,73,16,15,31,15,12,4
MFP984OGYLAR1049,13.0,93.0,106,91,0,15,15,7,6,2
MFP984OGYMED1049,142.0,145.0,287,184,62,41,103,49,40,14
MFP984OGYXLR1049,13.0,94.0,107,91,0,16,16,8,6,2
MFP984SKO2XL1049,38.0,66.0,104,81,8,15,23,11,9,3
MFP984SKOLAR1049,51.0,59.0,110,73,21,16,37,17,14,6
MFP984SKOMED1049,135.0,153.0,288,184,62,42,104,49,40,15
MFP984SKOXLR1049,54.0,60.0,114,74,24,16,40,19,16,5
MFP984WLG2XL1049,36.0,69.0,105,84,6,15,21,10,8,3
MFP984WLGLAR1049,47.0,64.0,111,78,17,16,33,16,13,4
MFP984WLGMED1049,132.0,155.0,287,184,62,41,103,49,40,14
MFP984WLGXLR1049,48.0,65.0,113,79,18,16,34,16,13,5
MFWS101BLK06,0.0,2.0,2,2,0,0,0,0,0,0
MFWS101BLK061499,87.0,25.0,112,83,24,5,29,14,11,4
MFWS101BLK07,26.0,29.0,55,47,0,8,8,4,3,1
MFWS101BLK071499,87.0,76.0,163,104,35,24,59,28,23,8
MFWS101BLK08,116.0,78.0,194,124,42,28,70,33,27,10
MFWS101BLK081499,148.0,90.0,238,152,52,34,86,41,33,12
MFWS101BLK09,37.0,30.0,67,50,7,10,17,8,7,2
MFWS101BLK091499,99.0,67.0,166,106,36,24,60,28,23,9
MFWS101BLK10,0.0,0.0,0,0,0,0,0,0,0,0
MFWS101BLK101499,101.0,58.0,159,102,34,23,57,27,22,8
MFWS101BLK11,0.0,0.0,0,0,0,0,0,0,0,0
MFWS101BLK111499,52.0,38.0,90,58,19,13,32,15,12,5
MFWS101GRY06,0.0,17.0,17,17,0,0,0,0,0,0
MFWS101GRY07,2.0,25.0,27,23,0,4,4,2,2,0
MFWS101GRY08,95.0,77.0,172,110,37,25,62,29,24,9
MFWS101GRY09,0.0,26.0,26,22,0,4,4,2,2,0
MFWS101GRY10,0.0,10.0,10,10,0,0,0,0,0,0
MFWS101GRY11,0.0,0.0,0,0,0,0,0,0,0,0
MFWS101LTG06,77.0,49.0,126,81,27,18,45,21,18,6
MFWS101LTG07,0.0,18.0,18,18,0,0,0,0,0,0
MFWS101LTG08,26.0,72.0,98,84,0,14,14,7,5,2
MFWS101LTG09,3.0,59.0,62,53,0,9,9,4,4,1
MFWS101LTG10,4.0,38.0,42,36,0,6,6,3,2,1
MFWS101LTG11,2.0,38.0,40,34,0,6,6,3,2,1
MFWS101NVY06,0.0,8.0,8,8,0,0,0,0,0,0
MFWS101NVY061499,74.0,50.0,124,79,27,18,45,21,18,6
MFWS101NVY07,9.0,24.0,33,29,0,4,4,2,2,0
MFWS101NVY071499,44.0,43.0,87,61,14,12,26,12,10,4
MFWS101NVY08,122.0,80.0,202,129,44,29,73,34,28,11
MFWS101NVY081499,51.0,25.0,76,55,16,5,21,10,8,3
MFWS101NVY09,9.0,26.0,35,30,0,5,5,2,2,1
MFWS101NVY091499,172.0,92.0,264,169,57,38,95,45,37,13
MFWS101NVY10,0.0,19.0,19,19,0,0,0,0,0,0
MFWS101NVY101499,93.0,51.0,144,92,31,21,52,25,20,7
MFWS101NVY11,0.0,2.0,2,2,0,0,0,0,0,0
MFWS101NVY111499,49.0,39.0,88,56,19,13,32,15,12,5
MFWS102BLK06,67.0,54.0,121,77,26,18,44,21,17,6
MFWS102BLK07,146.0,41.0,187,126,40,21,61,29,24,8
MFWS102BLK08,169.0,103.0,272,174,59,39,98,46,38,14
MFWS102BLK09,166.0,88.0,254,163,55,36,91,43,35,13
MFWS102BLK10,81.0,47.0,128,82,28,18,46,22,18,6
MFWS102BLK11,46.0,21.0,67,52,14,1,15,7,6,2
MFWS102CBL061299,0.0,18.0,18,18,0,0,0,0,0,0
MFWS102CBL071299,78.0,59.0,137,88,29,20,49,23,19,7
MFWS102CBL081299,78.0,64.0,142,91,31,20,51,24,20,7
MFWS102CBL091299,36.0,32.0,68,52,6,10,16,8,6,2
MFWS102CBL101299,46.0,33.0,79,52,16,11,27,13,10,4
MFWS102CBL111299,20.0,16.0,36,36,0,0,0,0,0,0
MFWS102GRY07,0.0,10.0,10,10,0,0,0,0,0,0
MFWS102GRY08,0.0,32.0,32,27,0,5,5,2,2,1
MFWS102NVY06,0.0,88.0,88,75,0,13,13,6,5,2
MFWS102NVY07,117.0,45.0,162,104,35,23,58,27,23,8
MFWS102NVY08,120.0,90.0,210,134,46,30,76,36,30,10
MFWS102NVY09,94.0,64.0,158,101,34,23,57,27,22,8
MFWS102NVY10,49.0,18.0,67,53,14,0,14,7,5,2
MFWS102NVY11,0.0,9.0,9,9,0,0,0,0,0,0
MFWS103BLK07,0.0,13.0,13,13,0,0,0,0,0,0
MFWS103BLK08,0.0,15.0,15,15,0,0,0,0,0,0
MFWS103BLK09,0.0,15.0,15,15,0,0,0,0,0,0
MFWS103BLK10,0.0,15.0,15,15,0,0,0,0,0,0
MFWS103BLK11,0.0,15.0,15,15,0,0,0,0,0,0
MFWS103NVY06,0.0,15.0,15,15,0,0,0,0,0,0
MFWS103NVY07,0.0,15.0,15,15,0,0,0,0,0,0
MFWS103NVY08,0.0,13.0,13,13,0,0,0,0,0,0
MFWS103NVY09,0.0,15.0,15,15,0,0,0,0,0,0
MFWS103NVY10,0.0,15.0,15,15,0,0,0,0,0,0
MFWS103NVY11,0.0,15.0,15,15,0,0,0,0,0,0
MFWS103WHT07,0.0,13.0,13,13,0,0,0,0,0,0
MFWS103WHT08,0.0,11.0,11,11,0,0,0,0,0,0
MFWS103WHT09,0.0,7.0,7,7,0,0,0,0,0,0
MFWS103WHT10,0.0,1.0,1,1,0,0,0,0,0,0
MFWS103WHT11,0.0,8.0,8,8,0,0,0,0,0,0
MIOR257ASH2XL,0.0,6.0,6,6,0,0,0,0,0,0
MIOR257ASHLAR,0.0,7.0,7,7,0,0,0,0,0,0
MIOR257ASHMED,0.0,2.0,2,2,0,0,0,0,0,0
MIOR257ASHXLR,0.0,0.0,0,0,0,0,0,0,0,0
MIOR257BLK2XL,0.0,2.0,2,2,0,0,0,0,0,0
MIOR257BLKLAR,0.0,0.0,0,0,0,0,0,0,0,0
MIOR257BLKMED,0.0,10.0,10,10,0,0,0,0,0,0
MIOR257BLKXLR,0.0,9.0,9,9,0,0,0,0,0,0
MIOR257NYB2XL,0.0,4.0,4,4,0,0,0,0,0,0
MIOR257NYBLAR,0.0,0.0,0,0,0,0,0,0,0,0
MIOR257NYBMED,0.0,0.0,0,0,0,0,0,0,0,0
MIOR257NYBXLR,0.0,2.0,2,2,0,0,0,0,0,0
MIOR257VIO2XL,0.0,0.0,0,0,0,0,0,0,0,0
MIOR257VIOLAR,0.0,0.0,0,0,0,0,0,0,0,0
MIOR257VIOMED,0.0,0.0,0,0,0,0,0,0,0,0
MIOR257VIOXLR,0.0,0.0,0,0,0,0,0,0,0,0
MIOR257WLG2XL,0.0,5.0,5,5,0,0,0,0,0,0
MIOR257WLGLAR,0.0,0.0,0,0,0,0,0,0,0,0
MIOR257WLGMED,0.0,0.0,0,0,0,0,0,0,0,0
MIOR257WLGXLR,0.0,0.0,0,0,0,0,0,0,0,0
MIOR259ASH2XL,0.0,0.0,0,0,0,0,0,0,0,0
MIOR259ASHLAR,0.0,0.0,0,0,0,0,0,0,0,0
MIOR259ASHMED,0.0,42.0,42,36,0,6,6,3,2,1
MIOR259ASHXLR,0.0,1.0,1,1,0,0,0,0,0,0
MIOR259BLK2XL,0.0,0.0,0,0,0,0,0,0,0,0
MIOR259BLK2XL499,400.0,196.0,596,381,129,86,215,102,84,29
MIOR259BLKLAR,0.0,0.0,0,0,0,0,0,0,0,0
MIOR259BLKLAR499,868.0,189.0,1057,676,229,152,381,180,148,53
MIOR259BLKMED,0.0,0.0,0,0,0,0,0,0,0,0
MIOR259BLKMED499,1126.0,195.0,1321,860,286,175,461,218,179,64
MIOR259BLKXLR,0.0,0.0,0,0,0,0,0,0,0,0
MIOR259BLKXLR499,906.0,200.0,1106,708,239,159,398,188,155,55
MIOR259LTG2XL499,0.0,64.0,64,55,0,9,9,4,4,1
MIOR259LTGLAR499,0.0,147.0,147,126,0,21,21,10,8,3
MIOR259LTGMED499,0.0,223.0,223,191,0,32,32,15,12,5
MIOR259LTGXLR499,0.0,147.0,147,126,0,21,21,10,8,3
MIOR259NYB2XL,0.0,1.0,1,1,0,0,0,0,0,0
MIOR259NYB2XL499,53.0,47.0,100,64,22,14,36,17,14,5
MIOR259NYBLAR,0.0,0.0,0,0,0,0,0,0,0,0
MIOR259NYBLAR499,65.0,49.0,114,73,25,16,41,19,16,6
MIOR259NYBMED,0.0,22.0,22,20,0,2,2,1,1,0
MIOR259NYBMED499,146.0,150.0,296,189,64,43,107,51,42,14
MIOR259NYBXLR,0.0,1.0,1,1,0,0,0,0,0,0
MIOR259NYBXLR499,60.0,48.0,108,69,23,16,39,18,15,6
MIOR259VIO2XL,0.0,3.0,3,3,0,0,0,0,0,0
MIOR259VIOLAR,0.0,7.0,7,7,0,0,0,0,0,0
MIOR259VIOMED,0.0,56.0,56,48,0,8,8,4,3,1
MIOR259VIOXLR,0.0,12.0,12,12,0,0,0,0,0,0
MIOR259WLG2XL,0.0,7.0,7,7,0,0,0,0,0,0
MIOR259WLG2XL499,87.0,49.0,136,87,29,20,49,23,19,7
MIOR259WLGLAR,0.0,0.0,0,0,0,0,0,0,0,0
MIOR259WLGLAR499,132.0,49.0,181,116,39,26,65,31,25,9
MIOR259WLGMED,0.0,19.0,19,19,0,0,0,0,0,0
MIOR259WLGMED499,217.0,156.0,373,239,80,54,134,63,52,19
MIOR259WLGXLR,0.0,23.0,23,20,0,3,3,1,1,1
MIOR259WLGXLR499,123.0,47.0,170,109,37,24,61,29,24,8
MIOR53AGY2XL,0.0,0.0,0,0,0,0,0,0,0,0
MIOR53AGYLAR,0.0,50.0,50,43,0,7,7,3,3,1
MIOR53AGYMED,0.0,0.0,0,0,0,0,0,0,0,0
MIOR53AGYXLR,0.0,20.0,20,20,0,0,0,0,0,0
MIOR53AS5MED,0.0,0.0,0,0,0,0,0,0,0,0
MIOR53AS5XLR,0.0,0.0,0,0,0,0,0,0,0,0
MIOR53AS7XLR,0.0,1.0,1,1,0,0,0,0,0,0
MIOR53AS8XLR,0.0,0.0,0,0,0,0,0,0,0,0
MIOR53BLK2XL,0.0,2.0,2,2,0,0,0,0,0,0
MIOR53BLK2XL229,39.0,11.0,50,41,9,0,9,4,4,1
MIOR53BLKLAR,0.0,0.0,0,0,0,0,0,0,0,0
MIOR53BLKLAR229,0.0,0.0,0,0,0,0,0,0,0,0
MIOR53BLKMED,9.0,10.0,19,19,0,0,0,0,0,0
MIOR53BLKMED229,233.0,157.0,390,250,84,56,140,66,54,20
MIOR53BLKXLR,0.0,0.0,0,0,0,0,0,0,0,0
MIOR53BLKXLR229,87.0,36.0,123,81,26,16,42,20,16,6
MIOR53BTEMED,0.0,0.0,0,0,0,0,0,0,0,0
MIOR53CHA2XL,0.0,0.0,0,0,0,0,0,0,0,0
MIOR53CHALAR,0.0,0.0,0,0,0,0,0,0,0,0
MIOR53CHAMED,0.0,0.0,0,0,0,0,0,0,0,0
MIOR53CHAXLR,0.0,0.0,0,0,0,0,0,0,0,0
MIOR53DCN2XL,0.0,3.0,3,3,0,0,0,0,0,0
MIOR53DCNLAR,0.0,4.0,4,4,0,0,0,0,0,0
MIOR53DCNXLR,0.0,1.0,1,1,0,0,0,0,0,0
MIOR53GFT2XL,0.0,0.0,0,0,0,0,0,0,0,0
MIOR53GFTLAR,0.0,0.0,0,0,0,0,0,0,0,0
MIOR53GFTMED,0.0,20.0,20,20,0,0,0,0,0,0
MIOR53GFTXLR,0.0,0.0,0,0,0,0,0,0,0,0
MIOR53HBE2XL,0.0,0.0,0,0,0,0,0,0,0,0
MIOR53HBELAR,0.0,0.0,0,0,0,0,0,0,0,0
MIOR53HBEMED,0.0,0.0,0,0,0,0,0,0,0,0
MIOR53HBEXLR,0.0,1.0,1,1,0,0,0,0,0,0
MIOR53IRGXLR,0.0,0.0,0,0,0,0,0,0,0,0
MIOR53LTGLAR,0.0,0.0,0,0,0,0,0,0,0,0
MIOR53LTGMED,0.0,12.0,12,12,0,0,0,0,0,0
MIOR53LTGXLR,0.0,0.0,0,0,0,0,0,0,0,0
MIOR53NVY2XL,0.0,0.0,0,0,0,0,0,0,0,0
MIOR53NVYMED,0.0,0.0,0,0,0,0,0,0,0,0
MIOR53NYB2XL,0.0,0.0,0,0,0,0,0,0,0,0
MIOR53NYBLAR,0.0,0.0,0,0,0,0,0,0,0,0
MIOR53NYBMED,0.0,0.0,0,0,0,0,0,0,0,0
MIOR53NYBXLR,0.0,4.0,4,4,0,0,0,0,0,0
MIOR53OBR2XL,0.0,1.0,1,1,0,0,0,0,0,0
MIOR53OBRLAR,0.0,0.0,0,0,0,0,0,0,0,0
MIOR53OBRMED,0.0,28.0,28,24,0,4,4,2,2,0
MIOR53OBRXLR,0.0,1.0,1,1,0,0,0,0,0,0
MIOR53SKO2XL,0.0,3.0,3,3,0,0,0,0,0,0
MIOR53SKOLAR,0.0,5.0,5,5,0,0,0,0,0,0
MIOR53SKOMED,0.0,1.0,1,1,0,0,0,0,0,0
MIOR53SKOXLR,0.0,17.0,17,17,0,0,0,0,0,0
MIOR53TEL2XL,0.0,0.0,0,0,0,0,0,0,0,0
MIOR53TELLAR,0.0,0.0,0,0,0,0,0,0,0,0
MIOR53TELMED,0.0,0.0,0,0,0,0,0,0,0,0
MIOR53TELXLR,0.0,0.0,0,0,0,0,0,0,0,0
MIOR53TLE2XL,0.0,5.0,5,5,0,0,0,0,0,0
MIOR53TLELAR,0.0,3.0,3,3,0,0,0,0,0,0
MIOR53TLEMED,0.0,4.0,4,4,0,0,0,0,0,0
MIOR53TLEXLR,0.0,3.0,3,3,0,0,0,0,0,0
MIOR53TRN2XL,0.0,1.0,1,1,0,0,0,0,0,0
MIOR53TRNLAR,0.0,18.0,18,18,0,0,0,0,0,0
MIOR53TRNMED,0.0,1.0,1,1,0,0,0,0,0,0
MIOR53TRNXLR,0.0,14.0,14,14,0,0,0,0,0,0
MIOR53UGY2XL,0.0,6.0,6,6,0,0,0,0,0,0
MIOR53UGYMED,0.0,1.0,1,1,0,0,0,0,0,0
MIOR53UGYXLR,0.0,5.0,5,5,0,0,0,0,0,0
MIOR53VIO2XL,0.0,0.0,0,0,0,0,0,0,0,0
MIOR53VIOLAR,0.0,1.0,1,1,0,0,0,0,0,0
MIOR53VIOMED,0.0,0.0,0,0,0,0,0,0,0,0
MIOR53VIOXLR,0.0,0.0,0,0,0,0,0,0,0,0
MIOR53WLG2XL,0.0,66.0,66,56,0,10,10,5,4,1
MIOR53WLGLAR,0.0,74.0,74,63,0,11,11,5,4,2
MIOR53WLGMED,0.0,27.0,27,23,0,4,4,2,2,0
MIOR53WLGXLR,0.0,82.0,82,70,0,12,12,6,5,1
MIOR54AS42XL,0.0,5.0,5,5,0,0,0,0,0,0
MIOR54AS82XL,0.0,1.0,1,1,0,0,0,0,0,0
MIOR54BLK2XL,0.0,0.0,0,0,0,0,0,0,0,0
MIOR54BLKLAR,0.0,0.0,0,0,0,0,0,0,0,0
MIOR54BLKMED,0.0,1.0,1,1,0,0,0,0,0,0
MIOR54BLKXLR,0.0,68.0,68,58,0,10,10,5,4,1
MIOR54GFTLAR,0.0,1.0,1,1,0,0,0,0,0,0
MIOR54GFTMED,0.0,1.0,1,1,0,0,0,0,0,0
MIOR54HTG2XL,0.0,0.0,0,0,0,0,0,0,0,0
MIOR54HTGLAR,0.0,0.0,0,0,0,0,0,0,0,0
MIOR54HTGMED,0.0,1.0,1,1,0,0,0,0,0,0
MIOR54HTGXLR,0.0,0.0,0,0,0,0,0,0,0,0
MIOR54IRG2XL,0.0,6.0,6,6,0,0,0,0,0,0
MIOR54IRGLAR,0.0,0.0,0,0,0,0,0,0,0,0
MIOR54IRGMED,0.0,0.0,0,0,0,0,0,0,0,0
MIOR54IRGXLR,0.0,6.0,6,6,0,0,0,0,0,0
MIOR54NVY2XL,0.0,0.0,0,0,0,0,0,0,0,0
MIOR54NVYLAR,0.0,0.0,0,0,0,0,0,0,0,0
MIOR54NVYMED,0.0,3.0,3,3,0,0,0,0,0,0
MIOR54NVYXLR,0.0,0.0,0,0,0,0,0,0,0,0
MIOR54SGYLAR,0.0,0.0,0,0,0,0,0,0,0,0
MIOR54SGYMED,0.0,0.0,0,0,0,0,0,0,0,0
MIOR54SGYXLR,0.0,15.0,15,15,0,0,0,0,0,0
MIOR59ASHLAR,0.0,0.0,0,0,0,0,0,0,0,0
MIOR59ASHMED,0.0,29.0,29,25,0,4,4,2,2,0
MIOR59ASHXLR,0.0,0.0,0,0,0,0,0,0,0,0
MIOR59BLK2XL,0.0,0.0,0,0,0,0,0,0,0,0
MIOR59BLKLAR,0.0,2.0,2,2,0,0,0,0,0,0
MIOR59BLKMED,0.0,57.0,57,49,0,8,8,4,3,1
MIOR59BLKXLR,0.0,0.0,0,0,0,0,0,0,0,0
MIOR59DCN2XL,0.0,0.0,0,0,0,0,0,0,0,0
MIOR59DCNLAR,0.0,0.0,0,0,0,0,0,0,0,0
MIOR59DCNMED,0.0,0.0,0,0,0,0,0,0,0,0
MIOR59DCNXLR,0.0,0.0,0,0,0,0,0,0,0,0
MIOR59IRG2XL,0.0,0.0,0,0,0,0,0,0,0,0
MIOR59IRGLAR,0.0,0.0,0,0,0,0,0,0,0,0
MIOR59IRGMED,0.0,1.0,1,1,0,0,0,0,0,0
MIOR59IRGXLR,0.0,0.0,0,0,0,0,0,0,0,0
MIOR59LTG2XL,0.0,0.0,0,0,0,0,0,0,0,0
MIOR59LTGLAR,0.0,0.0,0,0,0,0,0,0,0,0
MIOR59LTGMED,0.0,0.0,0,0,0,0,0,0,0,0
MIOR59LTGXLR,0.0,1.0,1,1,0,0,0,0,0,0
MIOR59NVY2XL,0.0,0.0,0,0,0,0,0,0,0,0
MIOR59NVYLAR,0.0,0.0,0,0,0,0,0,0,0,0
MIOR59NVYMED,0.0,0.0,0,0,0,0,0,0,0,0
MIOR59NVYXLR,0.0,1.0,1,1,0,0,0,0,0,0
MIOR59TEL2XL,0.0,0.0,0,0,0,0,0,0,0,0
MIOR59TELLAR,0.0,0.0,0,0,0,0,0,0,0,0
MIOR59TELMED,0.0,23.0,23,20,0,3,3,1,1,1
MIOR59TELXLR,0.0,0.0,0,0,0,0,0,0,0,0
MIOR59VIO2XL,0.0,0.0,0,0,0,0,0,0,0,0
MIOR59VIOLAR,0.0,0.0,0,0,0,0,0,0,0,0
MIOR59VIOMED,0.0,0.0,0,0,0,0,0,0,0,0
MIOR59VIOXLR,0.0,0.0,0,0,0,0,0,0,0,0
MIOR59WLG2XL,0.0,0.0,0,0,0,0,0,0,0,0
MIOR59WLGLAR,0.0,0.0,0,0,0,0,0,0,0,0
MIOR59WLGMED,0.0,25.0,25,21,0,4,4,2,2,0
MIOR59WLGXLR,0.0,0.0,0,0,0,0,0,0,0,0
MIOR63AGYLAR,0.0,0.0,0,0,0,0,0,0,0,0
MIOR63AGYMED,0.0,0.0,0,0,0,0,0,0,0,0
MIOR63AGYXLR,0.0,0.0,0,0,0,0,0,0,0,0
MIOR63BDCMED2PK,0.0,0.0,0,0,0,0,0,0,0,0
MIOR63BKLMED2PK,0.0,0.0,0,0,0,0,0,0,0,0
MIOR63BLK2XL,0.0,0.0,0,0,0,0,0,0,0,0
MIOR63BLKLAR,0.0,0.0,0,0,0,0,0,0,0,0
MIOR63BLKMED,0.0,0.0,0,0,0,0,0,0,0,0
MIOR63BLKXLR,0.0,0.0,0,0,0,0,0,0,0,0
MIOR63BTELAR,0.0,3.0,3,3,0,0,0,0,0,0
MIOR63BTEMED,0.0,0.0,0,0,0,0,0,0,0,0
MIOR63CHA2XL,0.0,0.0,0,0,0,0,0,0,0,0
MIOR63CHALAR,0.0,1.0,1,1,0,0,0,0,0,0
MIOR63CHAMED,0.0,0.0,0,0,0,0,0,0,0,0
MIOR63CHAXLR,0.0,0.0,0,0,0,0,0,0,0,0
MIOR63DCN2XL,0.0,1.0,1,1,0,0,0,0,0,0
MIOR63DCNLAR,0.0,1.0,1,1,0,0,0,0,0,0
MIOR63DCNMED,0.0,10.0,10,10,0,0,0,0,0,0
MIOR63DCNXLR,0.0,2.0,2,2,0,0,0,0,0,0
MIOR63DGCLAR2PK,0.0,0.0,0,0,0,0,0,0,0,0
MIOR63DGCXLR2PK,0.0,0.0,0,0,0,0,0,0,0,0
MIOR63DNM2XL,0.0,13.0,13,13,0,0,0,0,0,0
MIOR63DNMLAR,0.0,0.0,0,0,0,0,0,0,0,0
MIOR63DNMMED,0.0,1.0,1,1,0,0,0,0,0,0
MIOR63DNMXLR,0.0,0.0,0,0,0,0,0,0,0,0
MIOR63GFTLAR,0.0,0.0,0,0,0,0,0,0,0,0
MIOR63GFTMED,0.0,5.0,5,5,0,0,0,0,0,0
MIOR63GFTXLR,0.0,0.0,0,0,0,0,0,0,0,0
MIOR63LTG2XL,0.0,0.0,0,0,0,0,0,0,0,0
MIOR63LTGLAR,0.0,0.0,0,0,0,0,0,0,0,0
MIOR63LTGMED,0.0,33.0,33,28,0,5,5,2,2,1
MIOR63LTGXLR,0.0,0.0,0,0,0,0,0,0,0,0
MIOR63LTN2XL,0.0,1.0,1,1,0,0,0,0,0,0
MIOR63LTNLAR,0.0,0.0,0,0,0,0,0,0,0,0
MIOR63LTNMED,0.0,3.0,3,3,0,0,0,0,0,0
MIOR63LTNXLR,0.0,0.0,0,0,0,0,0,0,0,0
MIOR63NYB2XL,0.0,1.0,1,1,0,0,0,0,0,0
MIOR63NYBLAR,0.0,0.0,0,0,0,0,0,0,0,0
MIOR63NYBMED,0.0,1.0,1,1,0,0,0,0,0,0
MIOR63NYBXLR,0.0,0.0,0,0,0,0,0,0,0,0
MIOR63OBRLAR,0.0,0.0,0,0,0,0,0,0,0,0
MIOR63OBRMED,0.0,0.0,0,0,0,0,0,0,0,0
MIOR63OBRXLR,0.0,0.0,0,0,0,0,0,0,0,0
MIOR63OVE2XL,0.0,9.0,9,9,0,0,0,0,0,0
MIOR63OVELAR,0.0,1.0,1,1,0,0,0,0,0,0
MIOR63OVEMED,0.0,9.0,9,9,0,0,0,0,0,0
MIOR63OVEXLR,0.0,7.0,7,7,0,0,0,0,0,0
MIOR63SKOLAR,0.0,0.0,0,0,0,0,0,0,0,0
MIOR63SKOMED,0.0,3.0,3,3,0,0,0,0,0,0
MIOR63TEL2XL,0.0,0.0,0,0,0,0,0,0,0,0
MIOR63TELLAR,0.0,0.0,0,0,0,0,0,0,0,0
MIOR63TELMED,0.0,28.0,28,24,0,4,4,2,2,0
MIOR63TELXLR,0.0,16.0,16,16,0,0,0,0,0,0
MIOR63TLEMED,0.0,1.0,1,1,0,0,0,0,0,0
MIOR63TLEXLR,0.0,13.0,13,13,0,0,0,0,0,0
MIOR63TLNLAR2PK,0.0,0.0,0,0,0,0,0,0,0,0
MIOR63VIOLAR,0.0,0.0,0,0,0,0,0,0,0,0
MIOR63VIOMED,0.0,0.0,0,0,0,0,0,0,0,0
MIOR63VIOXLR,0.0,0.0,0,0,0,0,0,0,0,0
MIOR63WLGLAR,0.0,0.0,0,0,0,0,0,0,0,0
MIOR63WLGMED,0.0,0.0,0,0,0,0,0,0,0,0
MIOR63WLGXLR,0.0,0.0,0,0,0,0,0,0,0,0
MIOR64BLK2XL002,0.0,6.0,6,6,0,0,0,0,0,0
MIOR64BLK2XL004239,4.0,56.0,60,51,0,9,9,4,4,1
MIOR64BLKLAR002,0.0,0.0,0,0,0,0,0,0,0,0
MIOR64BLKLAR004239,312.0,192.0,504,323,109,72,181,85,70,26
MIOR64BLKMED002,0.0,0.0,0,0,0,0,0,0,0,0
MIOR64BLKMED004239,356.0,209.0,565,362,122,81,203,96,79,28
MIOR64BLKXLR002,0.0,0.0,0,0,0,0,0,0,0,0
MIOR64BLKXLR004239,288.0,95.0,383,245,83,55,138,65,54,19
MIOR64DCS2XL001,0.0,17.0,17,17,0,0,0,0,0,0
MIOR64DCSXLR001,0.0,1.0,1,1,0,0,0,0,0,0
MIOR64DRE2XL001,0.0,18.0,18,18,0,0,0,0,0,0
MIOR64DRELAR001,0.0,0.0,0,0,0,0,0,0,0,0
MIOR64DREMED001,0.0,0.0,0,0,0,0,0,0,0,0
MIOR64DREXLR001,0.0,7.0,7,7,0,0,0,0,0,0
MIOR64GFT2XL004239,0.0,52.0,52,44,0,8,8,4,3,1
MIOR64GFTLAR004239,0.0,16.0,16,16,0,0,0,0,0,0
MIOR64GFTMED004239,0.0,92.0,92,79,0,13,13,6,5,2
MIOR64GFTXLR004239,0.0,89.0,89,76,0,13,13,6,5,2
MIOR64GYB2XL001,0.0,5.0,5,5,0,0,0,0,0,0
MIOR64GYBLAR001,0.0,0.0,0,0,0,0,0,0,0,0
MIOR64GYBMED001,0.0,1.0,1,1,0,0,0,0,0,0
MIOR64GYBXLR001,0.0,5.0,5,5,0,0,0,0,0,0
MIOR64LRG2XL002,0.0,26.0,26,22,0,4,4,2,2,0
MIOR64LRGLAR002,0.0,0.0,0,0,0,0,0,0,0,0
MIOR64LRGMED002,0.0,0.0,0,0,0,0,0,0,0,0
MIOR64LRGXLR002,0.0,0.0,0,0,0,0,0,0,0,0
MIOR64LTG2XL004239,0.0,47.0,47,40,0,7,7,3,3,1
MIOR64LTGLAR004239,0.0,7.0,7,7,0,0,0,0,0,0
MIOR64LTGMED004239,0.0,62.0,62,53,0,9,9,4,4,1
MIOR64LTGXLR004239,0.0,80.0,80,68,0,12,12,6,5,1
MIOR64NCN2XL002,0.0,11.0,11,11,0,0,0,0,0,0
MIOR64NCNLAR002,0.0,0.0,0,0,0,0,0,0,0,0
MIOR64NCNMED002,0.0,0.0,0,0,0,0,0,0,0,0
MIOR64NCNXLR002,0.0,0.0,0,0,0,0,0,0,0,0
MIOR64NVY2XL002,0.0,13.0,13,13,0,0,0,0,0,0
MIOR64NVYLAR002,0.0,0.0,0,0,0,0,0,0,0,0
MIOR64NVYMED002,0.0,0.0,0,0,0,0,0,0,0,0
MIOR64NVYXLR002,0.0,0.0,0,0,0,0,0,0,0,0
MIOR64NYB2XL004239,0.0,46.0,46,39,0,7,7,3,3,1
MIOR64NYBLAR004239,0.0,6.0,6,6,0,0,0,0,0,0
MIOR64NYBMED004239,0.0,111.0,111,95,0,16,16,8,6,2
MIOR64NYBXLR004239,0.0,80.0,80,68,0,12,12,6,5,1
MIOR64OBR2XL002,0.0,12.0,12,12,0,0,0,0,0,0
MIOR64OBRLAR002,0.0,0.0,0,0,0,0,0,0,0,0
MIOR64OBRMED002,0.0,0.0,0,0,0,0,0,0,0,0
MIOR64OBRXLR002,0.0,0.0,0,0,0,0,0,0,0,0
MIOR64PDB2XL002,0.0,6.0,6,6,0,0,0,0,0,0
MIOR64PDBLAR002,0.0,0.0,0,0,0,0,0,0,0,0
MIOR64PDBMED002,0.0,0.0,0,0,0,0,0,0,0,0
MIOR64PDBXLR002,0.0,0.0,0,0,0,0,0,0,0,0
MIOR64SLC2XL001,0.0,18.0,18,18,0,0,0,0,0,0
MIOR64SLCXLR001,0.0,4.0,4,4,0,0,0,0,0,0
MIOR64SLD2XL001,0.0,20.0,20,20,0,0,0,0,0,0
MIOR64SLDLAR001,0.0,1.0,1,1,0,0,0,0,0,0
MIOR64SLDMED001,0.0,2.0,2,2,0,0,0,0,0,0
MIOR64SLDXLR001,0.0,0.0,0,0,0,0,0,0,0,0
MIOR64SLG2XL001,0.0,14.0,14,14,0,0,0,0,0,0
MIOR64SLGLAR001,0.0,0.0,0,0,0,0,0,0,0,0
MIOR64SLGMED001,0.0,1.0,1,1,0,0,0,0,0,0
MIOR64SLGXLR001,0.0,4.0,4,4,0,0,0,0,0,0
MIOR64WLG2XL004239,0.0,47.0,47,40,0,7,7,3,3,1
MIOR64WLGLAR004239,0.0,7.0,7,7,0,0,0,0,0,0
MIOR64WLGMED004239,0.0,67.0,67,57,0,10,10,5,4,1
MIOR64WLGXLR004239,0.0,84.0,84,72,0,12,12,6,5,1
MIOR83AS42XL,0.0,0.0,0,0,0,0,0,0,0,0
MIOR83ASH2XL006,0.0,0.0,0,0,0,0,0,0,0,0
MIOR83ASH2XL008,0.0,1.0,1,1,0,0,0,0,0,0
MIOR83ASHLAR008,0.0,0.0,0,0,0,0,0,0,0,0
MIOR83ASHMED006,0.0,0.0,0,0,0,0,0,0,0,0
MIOR83ASHMED008,0.0,1.0,1,1,0,0,0,0,0,0
MIOR83ASHXLR008,0.0,0.0,0,0,0,0,0,0,0,0
MIOR83BECLAR,0.0,0.0,0,0,0,0,0,0,0,0
MIOR83BES2XL,0.0,0.0,0,0,0,0,0,0,0,0
MIOR83BKGLAR,0.0,3.0,3,3,0,0,0,0,0,0
MIOR83BKGXLR,0.0,1.0,1,1,0,0,0,0,0,0
MIOR83BLK2XL005,0.0,5.0,5,5,0,0,0,0,0,0
MIOR83BLK2XL006,0.0,0.0,0,0,0,0,0,0,0,0
MIOR83BLKLAR005,0.0,2.0,2,2,0,0,0,0,0,0
MIOR83BLKLAR006,0.0,6.0,6,6,0,0,0,0,0,0
MIOR83BLKMED005,0.0,12.0,12,12,0,0,0,0,0,0
MIOR83BLKXLR005,0.0,3.0,3,3,0,0,0,0,0,0
MIOR83BLKXLR006,0.0,0.0,0,0,0,0,0,0,0,0
MIOR83BNS2XL,0.0,0.0,0,0,0,0,0,0,0,0
MIOR83BNSLAR,0.0,0.0,0,0,0,0,0,0,0,0
MIOR83BNSXLR,0.0,1.0,1,1,0,0,0,0,0,0
MIOR83BTG2XL003,0.0,0.0,0,0,0,0,0,0,0,0
MIOR83DCS2XL004,0.0,11.0,11,11,0,0,0,0,0,0
MIOR83DCSMED004,0.0,2.0,2,2,0,0,0,0,0,0
MIOR83DCSXLR004,0.0,9.0,9,9,0,0,0,0,0,0
MIOR83DGY2XL,0.0,0.0,0,0,0,0,0,0,0,0
MIOR83DNM2XL,0.0,0.0,0,0,0,0,0,0,0,0
MIOR83DNMXLR,0.0,0.0,0,0,0,0,0,0,0,0
MIOR83GBSLAR003,0.0,0.0,0,0,0,0,0,0,0,0
MIOR83GFT2XL008,0.0,0.0,0,0,0,0,0,0,0,0
MIOR83GFTLAR008,0.0,2.0,2,2,0,0,0,0,0,0
MIOR83GFTMED008,0.0,0.0,0,0,0,0,0,0,0,0
MIOR83GFTXLR008,0.0,0.0,0,0,0,0,0,0,0,0
MIOR83GSSLAR,0.0,0.0,0,0,0,0,0,0,0,0
MIOR83GVEXLR007,0.0,0.0,0,0,0,0,0,0,0,0
MIOR83GYBXLR004,0.0,1.0,1,1,0,0,0,0,0,0
MIOR83GYE2XL,0.0,0.0,0,0,0,0,0,0,0,0
MIOR83GYELAR,0.0,0.0,0,0,0,0,0,0,0,0
MIOR83LRG2XL005,2.0,11.0,13,13,0,0,0,0,0,0
MIOR83LRGLAR005,0.0,8.0,8,8,0,0,0,0,0,0
MIOR83LRGMED005,0.0,8.0,8,8,0,0,0,0,0,0
MIOR83LRGXLR005,0.0,22.0,22,20,0,2,2,1,1,0
MIOR83LRN2XL,0.0,0.0,0,0,0,0,0,0,0,0
MIOR83LRNMED,0.0,0.0,0,0,0,0,0,0,0,0
MIOR83LTGMED007,0.0,0.0,0,0,0,0,0,0,0,0
MIOR83NCN2XL005,0.0,0.0,0,0,0,0,0,0,0,0
MIOR83NCNLAR005,0.0,0.0,0,0,0,0,0,0,0,0
MIOR83NCNMED005,0.0,9.0,9,9,0,0,0,0,0,0
MIOR83NCNXLR005,0.0,1.0,1,1,0,0,0,0,0,0
MIOR83NVY2XL005,0.0,5.0,5,5,0,0,0,0,0,0
MIOR83NVYLAR005,0.0,0.0,0,0,0,0,0,0,0,0
MIOR83NVYMED005,0.0,10.0,10,10,0,0,0,0,0,0
MIOR83NVYXLR005,0.0,9.0,9,9,0,0,0,0,0,0
MIOR83NYB2XL006,0.0,0.0,0,0,0,0,0,0,0,0
MIOR83NYBLAR006,0.0,1.0,1,1,0,0,0,0,0,0
MIOR83NYBMED006,0.0,0.0,0,0,0,0,0,0,0,0
MIOR83NYBXLR006,0.0,0.0,0,0,0,0,0,0,0,0
MIOR83OBR2XL005,0.0,0.0,0,0,0,0,0,0,0,0
MIOR83OBR2XL008,0.0,3.0,3,3,0,0,0,0,0,0
MIOR83OBRLAR005,0.0,2.0,2,2,0,0,0,0,0,0
MIOR83OBRLAR008,0.0,2.0,2,2,0,0,0,0,0,0
MIOR83OBRMED005,0.0,0.0,0,0,0,0,0,0,0,0
MIOR83OBRMED008,0.0,0.0,0,0,0,0,0,0,0,0
MIOR83OBRXLR005,0.0,5.0,5,5,0,0,0,0,0,0
MIOR83OBRXLR008,0.0,9.0,9,9,0,0,0,0,0,0
MIOR83OSE2XL,0.0,2.0,2,2,0,0,0,0,0,0
MIOR83OSELAR,0.0,1.0,1,1,0,0,0,0,0,0
MIOR83OSEMED,0.0,2.0,2,2,0,0,0,0,0,0
MIOR83PDB2XL005,1.0,10.0,11,11,0,0,0,0,0,0
MIOR83PDBLAR005,0.0,1.0,1,1,0,0,0,0,0,0
MIOR83PDBMED005,0.0,9.0,9,9,0,0,0,0,0,0
MIOR83PDBXLR005,0.0,8.0,8,8,0,0,0,0,0,0
MIOR83PSELAR,0.0,0.0,0,0,0,0,0,0,0,0
MIOR83PSS2XL,0.0,4.0,4,4,0,0,0,0,0,0
MIOR83PSSLAR,0.0,2.0,2,2,0,0,0,0,0,0
MIOR83SES2XL,0.0,1.0,1,1,0,0,0,0,0,0
MIOR83SESLAR,0.0,3.0,3,3,0,0,0,0,0,0
MIOR83SESXLR,0.0,1.0,1,1,0,0,0,0,0,0
MIOR83SKO2XL008,0.0,5.0,5,5,0,0,0,0,0,0
MIOR83SKOLAR008,0.0,0.0,0,0,0,0,0,0,0,0
MIOR83SKOMED008,0.0,5.0,5,5,0,0,0,0,0,0
MIOR83SKOXLR008,0.0,0.0,0,0,0,0,0,0,0,0
MIOR83SLC2XL004,0.0,1.0,1,1,0,0,0,0,0,0
MIOR83SLCMED004,0.0,1.0,1,1,0,0,0,0,0,0
MIOR83SLDLAR004,0.0,0.0,0,0,0,0,0,0,0,0
MIOR83SLDMED004,0.0,5.0,5,5,0,0,0,0,0,0
MIOR83SLDXLR004,0.0,1.0,1,1,0,0,0,0,0,0
MIOR83SLGLAR004,0.0,1.0,1,1,0,0,0,0,0,0
MIOR83SLGMED004,0.0,4.0,4,4,0,0,0,0,0,0
MIOR83TELMED006,0.0,1.0,1,1,0,0,0,0,0,0
MIOR83TELMED007,0.0,1.0,1,1,0,0,0,0,0,0
MIOR83TGELAR,0.0,1.0,1,1,0,0,0,0,0,0
MIOR83VIO2XL008,0.0,3.0,3,3,0,0,0,0,0,0
MIOR83VIOLAR008,0.0,4.0,4,4,0,0,0,0,0,0
MIOR83VIOMED006,0.0,0.0,0,0,0,0,0,0,0,0
MIOR83VIOMED008,0.0,1.0,1,1,0,0,0,0,0,0
MIOR83VIOXLR006,0.0,0.0,0,0,0,0,0,0,0,0
MIOR83VIOXLR008,0.0,1.0,1,1,0,0,0,0,0,0
MIOR83WHTLAR007,0.0,0.0,0,0,0,0,0,0,0,0
MIOR83WHTMED007,0.0,0.0,0,0,0,0,0,0,0,0
MIOR83WLG2XL008,0.0,1.0,1,1,0,0,0,0,0,0
MIOR83WLGLAR008,0.0,0.0,0,0,0,0,0,0,0,0
MIOR83WLGMED006,0.0,0.0,0,0,0,0,0,0,0,0
MIOR83WLGMED008,0.0,4.0,4,4,0,0,0,0,0,0
MIOR83WLGXLR008,0.0,0.0,0,0,0,0,0,0,0,0
MJOR57NVYLAR,0.0,0.0,0,0,0,0,0,0,0,0
MJOR77BLK2XL,0.0,1.0,1,1,0,0,0,0,0,0
MJOR77BLK3XL,0.0,0.0,0,0,0,0,0,0,0,0
MJOR77CNG2XL,0.0,1.0,1,1,0,0,0,0,0,0
MJOR77DNM3XL,0.0,0.0,0,0,0,0,0,0,0,0
MJOR77IRG2XL,0.0,0.0,0,0,0,0,0,0,0,0
MJOR77LTN2XL,0.0,0.0,0,0,0,0,0,0,0,0
MJOR77LTNMED,0.0,1.0,1,1,0,0,0,0,0,0
MJOR78BLKLAR,0.0,0.0,0,0,0,0,0,0,0,0
MJOR78LTN2XL,0.0,0.0,0,0,0,0,0,0,0,0
MJOR79BLK2XL,0.0,1.0,1,1,0,0,0,0,0,0
MJOR79BLKLAR,0.0,2.0,2,2,0,0,0,0,0,0
MJOR79BLKMED,0.0,1.0,1,1,0,0,0,0,0,0
MJOR79BLKXLR,0.0,5.0,5,5,0,0,0,0,0,0
MJOR79CEG2XL,0.0,0.0,0,0,0,0,0,0,0,0
MJOR79CEGLAR,0.0,2.0,2,2,0,0,0,0,0,0
MJOR79CEGMED,0.0,2.0,2,2,0,0,0,0,0,0
MJOR79CEGXLR,0.0,6.0,6,6,0,0,0,0,0,0
MJOR79IRG2XL,0.0,1.0,1,1,0,0,0,0,0,0
MJOR79IRGLAR,0.0,2.0,2,2,0,0,0,0,0,0
MJOR79IRGMED,0.0,1.0,1,1,0,0,0,0,0,0
MJOR79IRGXLR,0.0,1.0,1,1,0,0,0,0,0,0
MJOR79LRG2XL,0.0,2.0,2,2,0,0,0,0,0,0
MJOR79LRGLAR,0.0,0.0,0,0,0,0,0,0,0,0
MJOR79LTNLAR,0.0,3.0,3,3,0,0,0,0,0,0
MJOR79LTNMED,0.0,3.0,3,3,0,0,0,0,0,0
MJOR79LTNXLR,0.0,3.0,3,3,0,0,0,0,0,0
MJOR90BLK2XL,0.0,0.0,0,0,0,0,0,0,0,0
MJOR90BLK2XL002,0.0,2.0,2,2,0,0,0,0,0,0
MJOR90BLKLAR,0.0,0.0,0,0,0,0,0,0,0,0
MJOR90BTE2XL002,0.0,1.0,1,1,0,0,0,0,0,0
MJOR90BTELAR002,0.0,0.0,0,0,0,0,0,0,0,0
MJOR90BTEMED002,0.0,4.0,4,4,0,0,0,0,0,0
MJOR90BTEXLR002,0.0,6.0,6,6,0,0,0,0,0,0
MJOR90DNM2XL,0.0,0.0,0,0,0,0,0,0,0,0
MJOR90NVYLAR002,0.0,1.0,1,1,0,0,0,0,0,0
MJOR90NVYMED002,0.0,3.0,3,3,0,0,0,0,0,0
MJP683BRNMED,0.0,0.0,0,0,0,0,0,0,0,0
MJP932BLK2XL,49.0,30.0,79,52,17,10,27,13,10,4
MJP932BLKLAR,0.0,2.0,2,2,0,0,0,0,0,0
MJP932BLKMED,0.0,5.0,5,5,0,0,0,0,0,0
MJP932BLKXLR,0.0,0.0,0,0,0,0,0,0,0,0
MJP932GFT2XL,0.0,21.0,21,20,0,1,1,0,0,1
MJP932GFTLAR,0.0,0.0,0,0,0,0,0,0,0,0
MJP932GFTMED,0.0,5.0,5,5,0,0,0,0,0,0
MJP932GFTXLR,0.0,2.0,2,2,0,0,0,0,0,0
MJP932NYB2XL,0.0,6.0,6,6,0,0,0,0,0,0
MJP932NYBLAR,0.0,2.0,2,2,0,0,0,0,0,0
MJP932NYBMED,0.0,1.0,1,1,0,0,0,0,0,0
MJP932NYBXLR,0.0,3.0,3,3,0,0,0,0,0,0
MJP932OFW2XL,0.0,20.0,20,20,0,0,0,0,0,0
MJP932OFWLAR,0.0,1.0,1,1,0,0,0,0,0,0
MJP932OFWMED,0.0,1.0,1,1,0,0,0,0,0,0
MJP932OFWXLR,0.0,4.0,4,4,0,0,0,0,0,0
MJP932RYB2XL,4.0,14.0,18,18,0,0,0,0,0,0
MJP932RYBLAR,0.0,4.0,4,4,0,0,0,0,0,0
MJP932RYBMED,0.0,0.0,0,0,0,0,0,0,0,0
MJP932RYBXLR,0.0,7.0,7,7,0,0,0,0,0,0
MJP993BLE2XL899,4.0,64.0,68,58,0,10,10,5,4,1
MJP993BLELAR899,88.0,46.0,134,86,29,19,48,23,19,6
MJP993BLEMED899,108.0,61.0,169,108,37,24,61,29,24,8
MJP993BLEXLR899,88.0,44.0,132,84,29,19,48,23,19,6
MJP993BLK2XL899,94.0,76.0,170,109,37,24,61,29,24,8
MJP993BLKLAR899,238.0,184.0,422,270,91,61,152,72,59,21
MJP993BLKMED899,258.0,200.0,458,293,99,66,165,78,64,23
MJP993BLKXLR899,238.0,184.0,422,270,91,61,152,72,59,21
MJP993BOE2XL899,4.0,63.0,67,57,0,10,10,5,4,1
MJP993BOELAR899,58.0,48.0,106,68,23,15,38,18,15,5
MJP993BOEMED899,108.0,62.0,170,109,37,24,61,29,24,8
MJP993BOEXLR899,88.0,46.0,134,86,29,19,48,23,19,6
MJP993GFT2XL899,4.0,63.0,67,57,0,10,10,5,4,1
MJP993GFTLAR899,88.0,46.0,134,86,29,19,48,23,19,6
MJP993GFTMED899,108.0,63.0,171,109,37,25,62,29,24,9
MJP993GFTXLR899,88.0,46.0,134,86,29,19,48,23,19,6
MJP993OGY2XL899,0.0,80.0,80,68,0,12,12,6,5,1
MJP993OGYLAR899,100.0,85.0,185,118,40,27,67,32,26,9
MJP993OGYMED899,100.0,94.0,194,124,42,28,70,33,27,10
MJP993OGYXLR899,150.0,60.0,210,134,46,30,76,36,30,10
MJPL70BLK2XL,0.0,18.0,18,18,0,0,0,0,0,0
MJPL70BLKLAR,0.0,1.0,1,1,0,0,0,0,0,0
MJPL70BLKMED,0.0,1.0,1,1,0,0,0,0,0,0
MJPL70BLKXLR,0.0,14.0,14,14,0,0,0,0,0,0
MJPL70TRN2XL,0.0,0.0,0,0,0,0,0,0,0,0
MJPL70TRNLAR,0.0,19.0,19,19,0,0,0,0,0,0
MJPL70TRNMED,0.0,0.0,0,0,0,0,0,0,0,0
MJPL70TRNXLR,0.0,14.0,14,14,0,0,0,0,0,0
MJPL70WLG2XL,2.0,13.0,15,15,0,0,0,0,0,0
MJPL70WLGLAR,8.0,12.0,20,20,0,0,0,0,0,0
MJPL70WLGMED,0.0,2.0,2,2,0,0,0,0,0,0
MJPL70WLGXLR,3.0,18.0,21,21,0,0,0,0,0,0
MJPL78BBL2XL,0.0,0.0,0,0,0,0,0,0,0,0
MJPL78BBLLAR,0.0,2.0,2,2,0,0,0,0,0,0
MJPL78BBLXLR,0.0,6.0,6,6,0,0,0,0,0,0
MJPL78BLA2XL,0.0,1.0,1,1,0,0,0,0,0,0
MJPL78BLALAR,0.0,8.0,8,8,0,0,0,0,0,0
MJPL78BLAMED,0.0,1.0,1,1,0,0,0,0,0,0
MJPL78BLAXLR,0.0,7.0,7,7,0,0,0,0,0,0
MJPL78BLE2XL,0.0,4.0,4,4,0,0,0,0,0,0
MJPL78BLELAR,0.0,10.0,10,10,0,0,0,0,0,0
MJPL78BLEMED,0.0,5.0,5,5,0,0,0,0,0,0
MJPL78BLEXLR,0.0,10.0,10,10,0,0,0,0,0,0
MJPL78NYB2XL,0.0,1.0,1,1,0,0,0,0,0,0
MJPL78NYBLAR,0.0,6.0,6,6,0,0,0,0,0,0
MJPL78NYBMED,0.0,3.0,3,3,0,0,0,0,0,0
MJPL78NYBXLR,0.0,7.0,7,7,0,0,0,0,0,0
MJPL78TRN2XL,0.0,1.0,1,1,0,0,0,0,0,0
MJPL78TRNLAR,0.0,7.0,7,7,0,0,0,0,0,0
MJPL78TRNMED,0.0,2.0,2,2,0,0,0,0,0,0
MJPL78TRNXLR,0.0,7.0,7,7,0,0,0,0,0,0
MJPL78WLG2XL,0.0,1.0,1,1,0,0,0,0,0,0
MJPL78WLGLAR,0.0,5.0,5,5,0,0,0,0,0,0
MJPL78WLGMED,0.0,1.0,1,1,0,0,0,0,0,0
MJPL78WLGXLR,0.0,9.0,9,9,0,0,0,0,0,0
MJPL90BLK2XL999,170.0,20.0,190,149,41,0,41,19,16,6
MJPL90BLKLAR999,183.0,20.0,203,159,44,0,44,21,17,6
MJPL90BLKMED999,178.0,20.0,198,155,43,0,43,20,17,6
MJPL90BLKXLR999,116.0,26.0,142,105,31,6,37,17,14,6
MJPL90CHA2XL999,26.0,10.0,36,36,0,0,0,0,0,0
MJPL90CHALAR999,0.0,7.0,7,7,0,0,0,0,0,0
MJPL90CHAMED999,52.0,10.0,62,49,13,0,13,6,5,2
MJPL90CHAXLR999,4.0,10.0,14,14,0,0,0,0,0,0
MJPL90GFT2XL999,42.0,10.0,52,41,11,0,11,5,4,2
MJPL90GFTLAR999,22.0,10.0,32,32,0,0,0,0,0,0
MJPL90GFTMED999,62.0,10.0,72,56,16,0,16,8,6,2
MJPL90GFTXLR999,24.0,10.0,34,34,0,0,0,0,0,0
MJPL90LTG2XL999,10.0,19.0,29,29,0,0,0,0,0,0
MJPL90LTGLAR999,0.0,1.0,1,1,0,0,0,0,0,0
MJPL90LTGMED999,35.0,10.0,45,40,5,0,5,2,2,1
MJPL90LTGXLR999,0.0,0.0,0,0,0,0,0,0,0,0
MJPL90NYB2XL999,55.0,19.0,74,58,16,0,16,8,6,2
MJPL90NYBLAR999,85.0,10.0,95,75,20,0,20,9,8,3
MJPL90NYBMED999,58.0,50.0,108,69,23,16,39,18,15,6
MJPL90NYBXLR999,72.0,19.0,91,71,20,0,20,9,8,3
MJPL91CGM2XL,0.0,2.0,2,2,0,0,0,0,0,0
MJPL91CGMLAR,0.0,2.0,2,2,0,0,0,0,0,0
MJPL91CGMMED,0.0,1.0,1,1,0,0,0,0,0,0
MJPL91CGMXLR,0.0,2.0,2,2,0,0,0,0,0,0
MJPL91EBM2XL,0.0,4.0,4,4,0,0,0,0,0,0
MJPL91EBMLAR,0.0,9.0,9,9,0,0,0,0,0,0
MJPL91EBMMED,0.0,13.0,13,13,0,0,0,0,0,0
MJPL91EBMXLR,0.0,9.0,9,9,0,0,0,0,0,0
MJPL91LCM2XL,0.0,1.0,1,1,0,0,0,0,0,0
MJPL91LCMLAR,0.0,13.0,13,13,0,0,0,0,0,0
MJPL91LCMMED,0.0,5.0,5,5,0,0,0,0,0,0
MJPL91LCMXLR,0.0,8.0,8,8,0,0,0,0,0,0
MJPL91LGM2XL,0.0,2.0,2,2,0,0,0,0,0,0
MJPL91LGMLAR,0.0,1.0,1,1,0,0,0,0,0,0
MJPL91LGMMED,0.0,0.0,0,0,0,0,0,0,0,0
MJPL91LGMXLR,0.0,0.0,0,0,0,0,0,0,0,0
MJPL91PGM2XL,0.0,2.0,2,2,0,0,0,0,0,0
MJPL91PGMLAR,0.0,0.0,0,0,0,0,0,0,0,0
MJPL91PGMMED,0.0,0.0,0,0,0,0,0,0,0,0
MJPL91PGMXLR,0.0,3.0,3,3,0,0,0,0,0,0
MJPL91SGM2XL,0.0,3.0,3,3,0,0,0,0,0,0
MJPL91SGMLAR,0.0,12.0,12,12,0,0,0,0,0,0
MJPL91SGMMED,0.0,2.0,2,2,0,0,0,0,0,0
MJPL91SGMXLR,0.0,10.0,10,10,0,0,0,0,0,0
MJPL92LCMMED,0.0,0.0,0,0,0,0,0,0,0,0
MJPL92SGM2XL,0.0,1.0,1,1,0,0,0,0,0,0
MJPL93BLE2XL,0.0,0.0,0,0,0,0,0,0,0,0
MJPL93BLELAR,0.0,3.0,3,3,0,0,0,0,0,0
MJPL93BLEXLR,0.0,0.0,0,0,0,0,0,0,0,0
MJPL93BLK2XL,0.0,0.0,0,0,0,0,0,0,0,0
MJPL93BLK2XL1149,0.0,25.0,25,21,0,4,4,2,2,0
MJPL93BLKLAR,0.0,0.0,0,0,0,0,0,0,0,0
MJPL93BLKLAR1149,0.0,1633.0,1633,1398,0,235,235,111,91,33
MJPL93BLKMED,0.0,0.0,0,0,0,0,0,0,0,0
MJPL93BLKMED1149,0.0,681.0,681,583,0,98,98,46,38,14
MJPL93BLKXLR,0.0,24.0,24,20,0,4,4,2,2,0
MJPL93BLKXLR1149,0.0,712.0,712,610,0,102,102,48,40,14
MJPL93BTE2XL1149,0.0,0.0,0,0,0,0,0,0,0,0
MJPL93BTELAR1149,297.0,759.0,1056,676,228,152,380,179,148,53
MJPL93BTEMED1149,338.0,553.0,891,570,193,128,321,152,125,44
MJPL93BTEXLR1149,5.0,1072.0,1077,922,0,155,155,73,60,22
MJPL93GFT2XL1149,3.0,300.0,303,259,0,44,44,21,17,6
MJPL93GFTLAR1149,333.0,982.0,1315,842,284,189,473,223,184,66
MJPL93GFTMED1149,0.0,88.0,88,75,0,13,13,6,5,2
MJPL93GFTXLR1149,1.0,1023.0,1024,876,0,148,148,70,58,20
MJPL93NYB2XL,0.0,0.0,0,0,0,0,0,0,0,0
MJPL93NYB2XL1149,0.0,101.0,101,87,0,14,14,7,5,2
MJPL93NYBLAR,0.0,0.0,0,0,0,0,0,0,0,0
MJPL93NYBLAR1149,845.0,291.0,1136,727,245,164,409,193,159,57
MJPL93NYBMED,0.0,0.0,0,0,0,0,0,0,0,0
MJPL93NYBMED1149,643.0,306.0,949,607,205,137,342,162,133,47
MJPL93NYBXLR,0.0,0.0,0,0,0,0,0,0,0,0
MJPL93NYBXLR1149,572.0,214.0,786,503,170,113,283,134,110,39
MJPL93OGY2XL,0.0,0.0,0,0,0,0,0,0,0,0
MJPL93OGYLAR,0.0,0.0,0,0,0,0,0,0,0,0
MJPL93OGYMED,0.0,0.0,0,0,0,0,0,0,0,0
MJPL93OGYXLR,0.0,0.0,0,0,0,0,0,0,0,0
MJPL93SKO2XL,0.0,0.0,0,0,0,0,0,0,0,0
MJPL93SKOLAR,0.0,0.0,0,0,0,0,0,0,0,0
MJPL93SKOMED,0.0,1.0,1,1,0,0,0,0,0,0
MJPL93SKOXLR,0.0,3.0,3,3,0,0,0,0,0,0
MJPL93TRN2XL,0.0,0.0,0,0,0,0,0,0,0,0
MJPL93TRNLAR,0.0,8.0,8,8,0,0,0,0,0,0
MJPL93TRNMED,0.0,0.0,0,0,0,0,0,0,0,0
MJPL93TRNXLR,0.0,2.0,2,2,0,0,0,0,0,0
MJPL93UGY2XL,0.0,0.0,0,0,0,0,0,0,0,0
MJPL93UGYLAR,0.0,0.0,0,0,0,0,0,0,0,0
MJPL93UGYMED,0.0,0.0,0,0,0,0,0,0,0,0
MJPL93UGYXLR,0.0,0.0,0,0,0,0,0,0,0,0
MJPL93WLG2XL,0.0,0.0,0,0,0,0,0,0,0,0
MJPL93WLG2XL1149,0.0,20.0,20,20,0,0,0,0,0,0
MJPL93WLGLAR,0.0,6.0,6,6,0,0,0,0,0,0
MJPL93WLGLAR1149,439.0,171.0,610,390,132,88,220,104,86,30
MJPL93WLGMED,0.0,0.0,0,0,0,0,0,0,0,0
MJPL93WLGMED1149,496.0,329.0,825,528,178,119,297,140,116,41
MJPL93WLGXLR,0.0,9.0,9,9,0,0,0,0,0,0
MJPL93WLGXLR1149,1470.0,209.0,1679,1128,362,189,551,260,214,77
MJPL94ASH2XL,0.0,1.0,1,1,0,0,0,0,0,0
MJPL94ASHXLR,0.0,0.0,0,0,0,0,0,0,0,0
MJPL94BKA2XL004,0.0,11.0,11,11,0,0,0,0,0,0
MJPL94BKALAR004,0.0,18.0,18,18,0,0,0,0,0,0
MJPL94BKAMED004,0.0,18.0,18,18,0,0,0,0,0,0
MJPL94BKAXLR004,0.0,15.0,15,15,0,0,0,0,0,0
MJPL94BKB2XL002,0.0,107.0,107,91,0,16,16,8,6,2
MJPL94BKBLAR002,0.0,70.0,70,60,0,10,10,5,4,1
MJPL94BKBMED002,0.0,19.0,19,19,0,0,0,0,0,0
MJPL94BKBXLR002,0.0,74.0,74,63,0,11,11,5,4,2
MJPL94BKF2XL002,38.0,36.0,74,55,8,11,19,9,7,3
MJPL94BKFLAR002,19.0,58.0,77,66,0,11,11,5,4,2
MJPL94BKFMED002,0.0,31.0,31,27,0,4,4,2,2,0
MJPL94BKFXLR002,3.0,48.0,51,44,0,7,7,3,3,1
MJPL94BLE2XL,0.0,19.0,19,19,0,0,0,0,0,0
MJPL94BLELAR,0.0,65.0,65,56,0,9,9,4,4,1
MJPL94BLEMED,0.0,29.0,29,25,0,4,4,2,2,0
MJPL94BLEXLR,0.0,24.0,24,20,0,4,4,2,2,0
MJPL94BLK2XL,0.0,30.0,30,26,0,4,4,2,2,0
MJPL94BLKLAR,0.0,43.0,43,37,0,6,6,3,2,1
MJPL94BLKMED,0.0,64.0,64,55,0,9,9,4,4,1
MJPL94BLKXLR,0.0,16.0,16,16,0,0,0,0,0,0
MJPL94BSU2XL004,0.0,9.0,9,9,0,0,0,0,0,0
MJPL94BSULAR004,0.0,20.0,20,20,0,0,0,0,0,0
MJPL94BSUMED004,0.0,17.0,17,17,0,0,0,0,0,0
MJPL94BSUXLR004,0.0,16.0,16,16,0,0,0,0,0,0
MJPL94CNG2XL,0.0,1.0,1,1,0,0,0,0,0,0
MJPL94CNGLAR,0.0,1.0,1,1,0,0,0,0,0,0
MJPL94CNGMED,0.0,1.0,1,1,0,0,0,0,0,0
MJPL94CNGXLR,0.0,0.0,0,0,0,0,0,0,0,0
MJPL94NVYLAR,0.0,0.0,0,0,0,0,0,0,0,0
MJPL94NVYMED,0.0,0.0,0,0,0,0,0,0,0,0
MJPL94NVYXLR,0.0,0.0,0,0,0,0,0,0,0,0
MJPL94NYB2XL004,0.0,12.0,12,12,0,0,0,0,0,0
MJPL94NYBLAR004,0.0,18.0,18,18,0,0,0,0,0,0
MJPL94NYBMED004,0.0,18.0,18,18,0,0,0,0,0,0
MJPL94NYBXLR004,0.0,14.0,14,14,0,0,0,0,0,0
MJPL94PDBMED,0.0,0.0,0,0,0,0,0,0,0,0
MJPL94SKO2XL,0.0,0.0,0,0,0,0,0,0,0,0
MJPL94SKO2XL004,0.0,2.0,2,2,0,0,0,0,0,0
MJPL94SKOLAR,0.0,43.0,43,37,0,6,6,3,2,1
MJPL94SKOLAR004,0.0,16.0,16,16,0,0,0,0,0,0
MJPL94SKOMED,0.0,34.0,34,29,0,5,5,2,2,1
MJPL94SKOMED004,0.0,18.0,18,18,0,0,0,0,0,0
MJPL94SKOXLR,0.0,21.0,21,20,0,1,1,0,0,1
MJPL94SKOXLR004,0.0,6.0,6,6,0,0,0,0,0,0
MJPL94TRN2XL,0.0,3.0,3,3,0,0,0,0,0,0
MJPL94TRN2XL004,0.0,9.0,9,9,0,0,0,0,0,0
MJPL94TRNLAR,0.0,53.0,53,45,0,8,8,4,3,1
MJPL94TRNLAR004,0.0,7.0,7,7,0,0,0,0,0,0
MJPL94TRNMED,0.0,43.0,43,37,0,6,6,3,2,1
MJPL94TRNMED004,0.0,1.0,1,1,0,0,0,0,0,0
MJPL94TRNXLR,0.0,40.0,40,34,0,6,6,3,2,1
MJPL94TRNXLR004,0.0,3.0,3,3,0,0,0,0,0,0
MJPL94WLG2XL,0.0,8.0,8,8,0,0,0,0,0,0
MJPL94WLG2XL004,0.0,0.0,0,0,0,0,0,0,0,0
MJPL94WLGLAR,0.0,26.0,26,22,0,4,4,2,2,0
MJPL94WLGLAR004,0.0,11.0,11,11,0,0,0,0,0,0
MJPL94WLGMED,0.0,24.0,24,20,0,4,4,2,2,0
MJPL94WLGMED004,0.0,7.0,7,7,0,0,0,0,0,0
MJPL94WLGXLR,0.0,33.0,33,28,0,5,5,2,2,1
MJPL94WLGXLR004,0.0,6.0,6,6,0,0,0,0,0,0
MJPM80BLE2XL,0.0,11.0,11,11,0,0,0,0,0,0
MJPM80BLELAR,0.0,13.0,13,13,0,0,0,0,0,0
MJPM80BLEMED,0.0,12.0,12,12,0,0,0,0,0,0
MJPM80BLEXLR,1.0,14.0,15,15,0,0,0,0,0,0
MJPM80BLK2XL,8.0,13.0,21,21,0,0,0,0,0,0
MJPM80BLK2XL1199,67.0,112.0,179,116,37,26,63,30,24,9
MJPM80BLKLAR,6.0,14.0,20,20,0,0,0,0,0,0
MJPM80BLKLAR1199,305.0,247.0,552,353,119,80,199,94,77,28
MJPM80BLKMED,0.0,2.0,2,2,0,0,0,0,0,0
MJPM80BLKMED1199,29.0,127.0,156,134,0,22,22,10,9,3
MJPM80BLKXLR,7.0,19.0,26,26,0,0,0,0,0,0
MJPM80BLKXLR1199,165.0,147.0,312,200,67,45,112,53,44,15
MJPM80BTE2XL1199,17.0,67.0,84,72,0,12,12,6,5,1
MJPM80BTELAR1199,211.0,256.0,467,299,101,67,168,79,65,24
MJPM80BTEMED1199,17.0,79.0,96,82,0,14,14,7,5,2
MJPM80BTEXLR1199,277.0,120.0,397,254,86,57,143,68,56,19
MJPM80GFT2XL1199,42.0,18.0,60,48,12,0,12,6,5,1
MJPM80GFTLAR1199,55.0,179.0,234,175,25,34,59,28,23,8
MJPM80GFTMED1199,76.0,32.0,108,73,23,12,35,17,14,4
MJPM80GFTXLR1199,146.0,250.0,396,253,86,57,143,68,56,19
MJPM80NVY2XL1199,0.0,0.0,0,0,0,0,0,0,0,0
MJPM80NVYLAR1199,0.0,120.0,120,103,0,17,17,8,7,2
MJPM80NVYMED1199,0.0,12.0,12,12,0,0,0,0,0,0
MJPM80NVYXLR1199,0.0,11.0,11,11,0,0,0,0,0,0
MJPM80TRN2XL,0.0,9.0,9,9,0,0,0,0,0,0
MJPM80TRNLAR,0.0,5.0,5,5,0,0,0,0,0,0
MJPM80TRNMED,1.0,12.0,13,13,0,0,0,0,0,0
MJPM80TRNXLR,0.0,6.0,6,6,0,0,0,0,0,0
MJPM80UGY2XL,0.0,10.0,10,10,0,0,0,0,0,0
MJPM80UGYLAR,0.0,8.0,8,8,0,0,0,0,0,0
MJPM80UGYMED,0.0,7.0,7,7,0,0,0,0,0,0
MJPM80UGYXLR,0.0,7.0,7,7,0,0,0,0,0,0
MJPM80WLG2XL,0.0,12.0,12,12,0,0,0,0,0,0
MJPM80WLG2XL1199,0.0,85.0,85,73,0,12,12,6,5,1
MJPM80WLGLAR,0.0,14.0,14,14,0,0,0,0,0,0
MJPM80WLGLAR1199,0.0,156.0,156,134,0,22,22,10,9,3
MJPM80WLGMED,0.0,6.0,6,6,0,0,0,0,0,0
MJPM80WLGMED1199,0.0,72.0,72,62,0,10,10,5,4,1
MJPM80WLGXLR,0.0,11.0,11,11,0,0,0,0,0,0
MJPM80WLGXLR1199,67.0,65.0,132,84,29,19,48,23,19,6
MJPM84BLE2XL,0.0,7.0,7,7,0,0,0,0,0,0
MJPM84BLE2XL889,150.0,150.0,300,192,65,43,108,51,42,15
MJPM84BLELAR,1.0,18.0,19,19,0,0,0,0,0,0
MJPM84BLELAR889,421.0,163.0,584,374,126,84,210,99,82,29
MJPM84BLEMED,0.0,0.0,0,0,0,0,0,0,0,0
MJPM84BLEMED889,562.0,199.0,761,487,164,110,274,129,107,38
MJPM84BLEXLR,0.0,10.0,10,10,0,0,0,0,0,0
MJPM84BLEXLR889,445.0,200.0,645,413,139,93,232,110,90,32
MJPM84BLK2XL,6.0,24.0,30,26,0,4,4,2,2,0
MJPM84BLK2XL889,302.0,227.0,529,339,114,76,190,90,74,26
MJPM84BLKLAR,0.0,10.0,10,10,0,0,0,0,0,0
MJPM84BLKLAR889,992.0,206.0,1198,767,259,172,431,204,168,59
MJPM84BLKMED,0.0,6.0,6,6,0,0,0,0,0,0
MJPM84BLKMED889,1048.0,202.0,1250,800,270,180,450,212,175,63
MJPM84BLKXLR,0.0,31.0,31,27,0,4,4,2,2,0
MJPM84BLKXLR889,1021.0,206.0,1227,785,265,177,442,209,172,61
MJPM84GFT2XL889,0.0,86.0,86,74,0,12,12,6,5,1
MJPM84GFTLAR889,61.0,86.0,147,95,31,21,52,25,20,7
MJPM84GFTMED889,96.0,129.0,225,144,49,32,81,38,32,11
MJPM84GFTXLR889,61.0,101.0,162,108,31,23,54,26,21,7
MJPM84NYB2XL,0.0,5.0,5,5,0,0,0,0,0,0
MJPM84NYB2XL889,18.0,14.0,32,32,0,0,0,0,0,0
MJPM84NYBLAR,0.0,10.0,10,10,0,0,0,0,0,0
MJPM84NYBLAR889,47.0,59.0,106,74,17,15,32,15,12,5
MJPM84NYBMED,0.0,2.0,2,2,0,0,0,0,0,0
MJPM84NYBMED889,108.0,155.0,263,168,57,38,95,45,37,13
MJPM84NYBXLR,0.0,4.0,4,4,0,0,0,0,0,0
MJPM84NYBXLR889,96.0,56.0,152,97,33,22,55,26,21,8
MJPM84TRNLAR,0.0,6.0,6,6,0,0,0,0,0,0
MJPM84TRNXLR,0.0,7.0,7,7,0,0,0,0,0,0
MJPM84WLG2XL,0.0,7.0,7,7,0,0,0,0,0,0
MJPM84WLG2XL889,17.0,26.0,43,37,0,6,6,3,2,1
MJPM84WLGLAR,0.0,17.0,17,17,0,0,0,0,0,0
MJPM84WLGLAR889,71.0,55.0,126,81,27,18,45,21,18,6
MJPM84WLGMED,0.0,3.0,3,3,0,0,0,0,0,0
MJPM84WLGMED889,178.0,92.0,270,173,58,39,97,46,38,13
MJPM84WLGXLR,0.0,9.0,9,9,0,0,0,0,0,0
MJPM84WLGXLR889,92.0,59.0,151,97,32,22,54,26,21,7
MJPM85BLK2XL002,0.0,7.0,7,7,0,0,0,0,0,0
MJPM85BLKLAR002,0.0,0.0,0,0,0,0,0,0,0,0
MJPM85BLKMED002,3.0,10.0,13,13,0,0,0,0,0,0
MJPM85BLKXLR002,11.0,9.0,20,20,0,0,0,0,0,0
MJPM85SKO2XL002,0.0,1.0,1,1,0,0,0,0,0,0
MJPM85SKOLAR002,2.0,10.0,12,12,0,0,0,0,0,0
MJPM85SKOMED002,0.0,2.0,2,2,0,0,0,0,0,0
MJPM85SKOXLR002,5.0,10.0,15,15,0,0,0,0,0,0
MJPM85TRN2XL002,0.0,4.0,4,4,0,0,0,0,0,0
MJPM85TRNLAR002,0.0,2.0,2,2,0,0,0,0,0,0
MJPM85TRNMED002,4.0,22.0,26,24,0,2,2,1,1,0
MJPM85TRNXLR002,7.0,10.0,17,17,0,0,0,0,0,0
MJPM85VIO2XL002,0.0,4.0,4,4,0,0,0,0,0,0
MJPM85VIOLAR002,1.0,10.0,11,11,0,0,0,0,0,0
MJPM85VIOMED002,0.0,5.0,5,5,0,0,0,0,0,0
MJPM85VIOXLR002,4.0,10.0,14,14,0,0,0,0,0,0
MJPM85WLG2XL002,0.0,2.0,2,2,0,0,0,0,0,0
MJPM85WLGLAR002,1.0,10.0,11,11,0,0,0,0,0,0
MJPM85WLGMED002,0.0,1.0,1,1,0,0,0,0,0,0
MJPM85WLGXLR002,4.0,10.0,14,14,0,0,0,0,0,0
MJPM86ASH2XL,0.0,0.0,0,0,0,0,0,0,0,0
MJPM86BLE2XL,0.0,1.0,1,1,0,0,0,0,0,0
MJPM86BLE2XL869,0.0,11.0,11,11,0,0,0,0,0,0
MJPM86BLE3XL,0.0,0.0,0,0,0,0,0,0,0,0
MJPM86BLE4XL,0.0,0.0,0,0,0,0,0,0,0,0
MJPM86BLE5XL,0.0,0.0,0,0,0,0,0,0,0,0
MJPM86BLELAR869,0.0,0.0,0,0,0,0,0,0,0,0
MJPM86BLEMED,0.0,0.0,0,0,0,0,0,0,0,0
MJPM86BLEMED869,0.0,41.0,41,35,0,6,6,3,2,1
MJPM86BLEXLR869,0.0,1.0,1,1,0,0,0,0,0,0
MJPM86BLK2XL,0.0,0.0,0,0,0,0,0,0,0,0
MJPM86BLK2XL869,877.0,506.0,1383,885,299,199,498,235,194,69
MJPM86BLK3XL,0.0,0.0,0,0,0,0,0,0,0,0
MJPM86BLK4XL,0.0,106.0,106,91,0,15,15,7,6,2
MJPM86BLK5XL,0.0,0.0,0,0,0,0,0,0,0,0
MJPM86BLKLAR,0.0,0.0,0,0,0,0,0,0,0,0
MJPM86BLKLAR869,1077.0,774.0,1851,1185,400,266,666,314,259,93
MJPM86BLKMED,0.0,0.0,0,0,0,0,0,0,0,0
MJPM86BLKMED869,1109.0,681.0,1790,1146,386,258,644,304,250,90
MJPM86BLKXLR,0.0,1.0,1,1,0,0,0,0,0,0
MJPM86BLKXLR869,947.0,651.0,1598,1023,345,230,575,272,224,79
MJPM86BOEXLR,0.0,0.0,0,0,0,0,0,0,0,0
MJPM86BTE2XL,0.0,1.0,1,1,0,0,0,0,0,0
MJPM86BTELAR,0.0,1.0,1,1,0,0,0,0,0,0
MJPM86BTELAR869,55.0,10.0,65,51,14,0,14,7,5,2
MJPM86BTEMED,0.0,1.0,1,1,0,0,0,0,0,0
MJPM86BTEMED869,6.0,11.0,17,17,0,0,0,0,0,0
MJPM86BTEXLR,0.0,2.0,2,2,0,0,0,0,0,0
MJPM86BTEXLR869,26.0,10.0,36,36,0,0,0,0,0,0
MJPM86CGY2XL,0.0,1.0,1,1,0,0,0,0,0,0
MJPM86CGYLAR,0.0,0.0,0,0,0,0,0,0,0,0
MJPM86CGYMED,0.0,1.0,1,1,0,0,0,0,0,0
MJPM86CNG2XL,0.0,0.0,0,0,0,0,0,0,0,0
MJPM86CNG2XL869,0.0,4.0,4,4,0,0,0,0,0,0
MJPM86CNGLAR,0.0,1.0,1,1,0,0,0,0,0,0
MJPM86CNGLAR869,11.0,46.0,57,49,0,8,8,4,3,1
MJPM86CNGMED,0.0,3.0,3,3,0,0,0,0,0,0
MJPM86CNGMED869,157.0,27.0,184,137,40,7,47,22,18,7
MJPM86CNGXLR,0.0,5.0,5,5,0,0,0,0,0,0
MJPM86CNGXLR869,6.0,19.0,25,25,0,0,0,0,0,0
MJPM86GFT2XL869,176.0,230.0,406,260,88,58,146,69,57,20
MJPM86GFTLAR869,741.0,317.0,1058,677,229,152,381,180,148,53
MJPM86GFTMED869,452.0,426.0,878,562,190,126,316,149,123,44
MJPM86GFTXLR869,88.0,865.0,953,758,58,137,195,92,76,27
MJPM86IRG2XL,0.0,1.0,1,1,0,0,0,0,0,0
MJPM86IRGLAR,20.0,20.0,40,40,0,0,0,0,0,0
MJPM86IRGMED,5.0,11.0,16,16,0,0,0,0,0,0
MJPM86IRGXLR,0.0,3.0,3,3,0,0,0,0,0,0
MJPM86KHI2XL,0.0,0.0,0,0,0,0,0,0,0,0
MJPM86KHI2XL869,333.0,253.0,586,375,127,84,211,100,82,29
MJPM86KHILAR869,762.0,324.0,1086,695,235,156,391,185,152,54
MJPM86KHIMED,0.0,0.0,0,0,0,0,0,0,0,0
MJPM86KHIMED869,332.0,394.0,726,465,157,104,261,123,102,36
MJPM86KHIXLR869,74.0,875.0,949,768,44,137,181,85,70,26
MJPM86LTG2XL869,225.0,348.0,573,367,124,82,206,97,80,29
MJPM86LTG3XL,1.0,37.0,38,32,0,6,6,3,2,1
MJPM86LTG4XL,29.0,27.0,56,49,0,7,7,3,3,1
MJPM86LTG5XL,0.0,61.0,61,52,0,9,9,4,4,1
MJPM86LTGLAR869,583.0,478.0,1061,679,229,153,382,180,149,53
MJPM86LTGMED869,521.0,265.0,786,503,170,113,283,134,110,39
MJPM86LTGXLR869,419.0,531.0,950,608,205,137,342,162,133,47
MJPM86NVY2XL,0.0,1.0,1,1,0,0,0,0,0,0
MJPM86NVY3XL929,46.0,20.0,66,52,14,0,14,7,5,2
MJPM86NVYLAR,0.0,0.0,0,0,0,0,0,0,0,0
MJPM86NVYMED,4.0,28.0,32,27,0,5,5,2,2,1
MJPM86NVYSML869,178.0,76.0,254,163,55,36,91,43,35,13
MJPM86NVYXLR,0.0,0.0,0,0,0,0,0,0,0,0
MJPM86NYB2XL,0.0,2.0,2,2,0,0,0,0,0,0
MJPM86NYB2XL869,248.0,392.0,640,410,138,92,230,109,89,32
MJPM86NYBLAR,0.0,59.0,59,51,0,8,8,4,3,1
MJPM86NYBLAR869,631.0,695.0,1326,849,286,191,477,225,186,66
MJPM86NYBMED,0.0,13.0,13,13,0,0,0,0,0,0
MJPM86NYBMED869,646.0,577.0,1223,783,264,176,440,208,171,61
MJPM86NYBXLR,0.0,1.0,1,1,0,0,0,0,0,0
MJPM86NYBXLR869,536.0,708.0,1244,796,269,179,448,212,174,62
MJPM86OBR2XL,0.0,39.0,39,33,0,6,6,3,2,1
MJPM86OBRLAR,0.0,0.0,0,0,0,0,0,0,0,0
MJPM86OBRMED,0.0,0.0,0,0,0,0,0,0,0,0
MJPM86OBRXLR,0.0,45.0,45,39,0,6,6,3,2,1
MJPM86PDB2XL,0.0,5.0,5,5,0,0,0,0,0,0
MJPM86SCBLAR,0.0,0.0,0,0,0,0,0,0,0,0
MJPM86SKO2XL,0.0,19.0,19,19,0,0,0,0,0,0
MJPM86SKO2XL869,0.0,0.0,0,0,0,0,0,0,0,0
MJPM86SKO3XL,0.0,1.0,1,1,0,0,0,0,0,0
MJPM86SKO4XL,0.0,20.0,20,20,0,0,0,0,0,0
MJPM86SKO5XL,0.0,0.0,0,0,0,0,0,0,0,0
MJPM86SKOLAR,0.0,0.0,0,0,0,0,0,0,0,0
MJPM86SKOLAR869,0.0,0.0,0,0,0,0,0,0,0,0
MJPM86SKOMED,0.0,9.0,9,9,0,0,0,0,0,0
MJPM86SKOMED869,0.0,128.0,128,110,0,18,18,8,7,3
MJPM86SKOXLR,0.0,0.0,0,0,0,0,0,0,0,0
MJPM86SKOXLR869,0.0,0.0,0,0,0,0,0,0,0,0
MJPM86TRN2XL,0.0,2.0,2,2,0,0,0,0,0,0
MJPM86TRN2XL869,0.0,0.0,0,0,0,0,0,0,0,0
MJPM86TRN3XL,0.0,2.0,2,2,0,0,0,0,0,0
MJPM86TRN4XL,0.0,8.0,8,8,0,0,0,0,0,0
MJPM86TRN5XL,0.0,2.0,2,2,0,0,0,0,0,0
MJPM86TRNLAR,0.0,1.0,1,1,0,0,0,0,0,0
MJPM86TRNLAR869,12.0,24.0,36,32,0,4,4,2,2,0
MJPM86TRNMED,0.0,0.0,0,0,0,0,0,0,0,0
MJPM86TRNMED869,157.0,33.0,190,136,41,13,54,26,21,7
MJPM86TRNXLR,0.0,2.0,2,2,0,0,0,0,0,0
MJPM86TRNXLR869,0.0,0.0,0,0,0,0,0,0,0,0
MJPM86VIO2XL,0.0,7.0,7,7,0,0,0,0,0,0
MJPM86VIO2XL869,0.0,5.0,5,5,0,0,0,0,0,0
MJPM86VIOLAR,0.0,4.0,4,4,0,0,0,0,0,0
MJPM86VIOLAR869,0.0,0.0,0,0,0,0,0,0,0,0
MJPM86VIOMED,0.0,31.0,31,27,0,4,4,2,2,0
MJPM86VIOMED869,0.0,67.0,67,57,0,10,10,5,4,1
MJPM86VIOXLR,0.0,2.0,2,2,0,0,0,0,0,0
MJPM86VIOXLR869,0.0,0.0,0,0,0,0,0,0,0,0
MJPM86WLG2XL,0.0,0.0,0,0,0,0,0,0,0,0
MJPM86WLG2XL869,13.0,10.0,23,23,0,0,0,0,0,0
MJPM86WLG3XL,0.0,17.0,17,17,0,0,0,0,0,0
MJPM86WLG4XL,0.0,20.0,20,20,0,0,0,0,0,0
MJPM86WLG5XL,0.0,1.0,1,1,0,0,0,0,0,0
MJPM86WLGLAR,0.0,2.0,2,2,0,0,0,0,0,0
MJPM86WLGLAR869,56.0,41.0,97,62,21,14,35,17,14,4
MJPM86WLGMED,0.0,4.0,4,4,0,0,0,0,0,0
MJPM86WLGMED869,82.0,39.0,121,77,26,18,44,21,17,6
MJPM86WLGXLR,0.0,0.0,0,0,0,0,0,0,0,0
MJPM86WLGXLR869,35.0,13.0,48,43,5,0,5,2,2,1
MJPM89BLK2XL,0.0,110.0,110,94,0,16,16,8,6,2
MJPM89BLKLAR,0.0,0.0,0,0,0,0,0,0,0,0
MJPM89BLKMED,0.0,1.0,1,1,0,0,0,0,0,0
MJPM89BLKXLR,0.0,5.0,5,5,0,0,0,0,0,0
MJPM89BTE2XL,0.0,2.0,2,2,0,0,0,0,0,0
MJPM89BTELAR,0.0,0.0,0,0,0,0,0,0,0,0
MJPM89BTEMED,0.0,0.0,0,0,0,0,0,0,0,0
MJPM89BTEXLR,0.0,32.0,32,27,0,5,5,2,2,1
MJPM89DCNXLR,0.0,0.0,0,0,0,0,0,0,0,0
MJPM89IRG2XL,0.0,54.0,54,46,0,8,8,4,3,1
MJPM89IRGLAR,0.0,0.0,0,0,0,0,0,0,0,0
MJPM89IRGMED,0.0,0.0,0,0,0,0,0,0,0,0
MJPM89IRGXLR,0.0,0.0,0,0,0,0,0,0,0,0
MJPM89NYB2XL,0.0,27.0,27,23,0,4,4,2,2,0
MJPM89NYBLAR,0.0,0.0,0,0,0,0,0,0,0,0
MJPM89NYBMED,0.0,0.0,0,0,0,0,0,0,0,0
MJPM89NYBXLR,0.0,15.0,15,15,0,0,0,0,0,0
MJPM89UGY2XL,0.0,63.0,63,54,0,9,9,4,4,1
MJPM89UGYLAR,0.0,0.0,0,0,0,0,0,0,0,0
MJPM89UGYMED,0.0,0.0,0,0,0,0,0,0,0,0
MJPM89UGYXLR,0.0,27.0,27,23,0,4,4,2,2,0
MJPM90LTBXLR,0.0,0.0,0,0,0,0,0,0,0,0
MJPM91ASH2XL,0.0,1.0,1,1,0,0,0,0,0,0
MJPM91ASHLAR,0.0,0.0,0,0,0,0,0,0,0,0
MJPM91ASHMED,0.0,0.0,0,0,0,0,0,0,0,0
MJPM91ASHXLR,0.0,0.0,0,0,0,0,0,0,0,0
MJPM91BLE2XL,0.0,0.0,0,0,0,0,0,0,0,0
MJPM91BLELAR,0.0,4.0,4,4,0,0,0,0,0,0
MJPM91BLEMED,0.0,1.0,1,1,0,0,0,0,0,0
MJPM91BLEXLR,0.0,0.0,0,0,0,0,0,0,0,0
MJPM91BLK2XL,0.0,0.0,0,0,0,0,0,0,0,0
MJPM91BLK2XL005,331.0,439.0,770,493,166,111,277,131,108,38
MJPM91BLKLAR,0.0,0.0,0,0,0,0,0,0,0,0
MJPM91BLKLAR005,0.0,792.0,792,678,0,114,114,54,44,16
MJPM91BLKMED,0.0,0.0,0,0,0,0,0,0,0,0
MJPM91BLKMED005,593.0,245.0,838,536,181,121,302,143,117,42
MJPM91BLKXLR,0.0,0.0,0,0,0,0,0,0,0,0
MJPM91BLKXLR005,301.0,175.0,476,305,103,68,171,81,66,24
MJPM91BTE2XL,0.0,0.0,0,0,0,0,0,0,0,0
MJPM91BTE2XL006949,5.0,17.0,22,22,0,0,0,0,0,0
MJPM91BTELAR006949,151.0,170.0,321,205,70,46,116,55,45,16
MJPM91BTEMED006949,46.0,20.0,66,52,14,0,14,7,5,2
MJPM91BTEXLR006949,0.0,79.0,79,68,0,11,11,5,4,2
MJPM91CNG2XL,0.0,0.0,0,0,0,0,0,0,0,0
MJPM91CNGLAR,0.0,0.0,0,0,0,0,0,0,0,0
MJPM91CNGMED,0.0,0.0,0,0,0,0,0,0,0,0
MJPM91CNGXLR,0.0,0.0,0,0,0,0,0,0,0,0
MJPM91GFT2XL006949,115.0,480.0,595,424,85,86,171,81,66,24
MJPM91GFTLAR006949,274.0,73.0,347,222,75,50,125,59,49,17
MJPM91GFTMED006949,154.0,66.0,220,141,47,32,79,37,31,11
MJPM91GFTXLR006949,246.0,342.0,588,376,127,85,212,100,82,30
MJPM91IRG2XL,0.0,2.0,2,2,0,0,0,0,0,0
MJPM91IRGXLR,0.0,0.0,0,0,0,0,0,0,0,0
MJPM91NVYMED,0.0,0.0,0,0,0,0,0,0,0,0
MJPM91NVYXLR,0.0,0.0,0,0,0,0,0,0,0,0
MJPM91NYB2XL005,21.0,27.0,48,41,0,7,7,3,3,1
MJPM91NYBLAR005,171.0,902.0,1073,778,141,154,295,139,115,41
MJPM91NYBMED005,341.0,135.0,476,305,103,68,171,81,66,24
MJPM91NYBXLR005,476.0,207.0,683,437,148,98,246,116,96,34
MJPM91SKO2XL,0.0,1.0,1,1,0,0,0,0,0,0
MJPM91SKO2XL005,0.0,0.0,0,0,0,0,0,0,0,0
MJPM91SKOLAR,0.0,2.0,2,2,0,0,0,0,0,0
MJPM91SKOLAR005,0.0,0.0,0,0,0,0,0,0,0,0
MJPM91SKOMED,0.0,1.0,1,1,0,0,0,0,0,0
MJPM91SKOMED005,0.0,1.0,1,1,0,0,0,0,0,0
MJPM91SKOXLR,0.0,0.0,0,0,0,0,0,0,0,0
MJPM91SKOXLR005,0.0,0.0,0,0,0,0,0,0,0,0
MJPM91TRN2XL005,0.0,0.0,0,0,0,0,0,0,0,0
MJPM91TRNLAR005,0.0,0.0,0,0,0,0,0,0,0,0
MJPM91TRNMED005,0.0,61.0,61,52,0,9,9,4,4,1
MJPM91TRNXLR005,0.0,0.0,0,0,0,0,0,0,0,0
MJPM91UGY2XL,0.0,4.0,4,4,0,0,0,0,0,0
MJPM91UGYMED,0.0,1.0,1,1,0,0,0,0,0,0
MJPM91UGYXLR,0.0,1.0,1,1,0,0,0,0,0,0
MJPM91VIOLAR005,0.0,0.0,0,0,0,0,0,0,0,0
MJPM91VIOXLR005,0.0,1.0,1,1,0,0,0,0,0,0
MJPM91WLG2XL006,101.0,26.0,127,93,28,6,34,16,13,5
MJPM91WLGLAR006,171.0,23.0,194,149,42,3,45,21,18,6
MJPM91WLGMED006,175.0,61.0,236,151,51,34,85,40,33,12
MJPM91WLGXLR006,186.0,40.0,226,157,49,20,69,33,27,9
MJPM92BCLMED,0.0,1.0,1,1,0,0,0,0,0,0
MJPM92BCS2XL004,0.0,6.0,6,6,0,0,0,0,0,0
MJPM92BCSLAR004,0.0,5.0,5,5,0,0,0,0,0,0
MJPM92BCSMED004,0.0,47.0,47,40,0,7,7,3,3,1
MJPM92BCSXLR004,0.0,10.0,10,10,0,0,0,0,0,0
MJPM92BEB2XL003,0.0,2.0,2,2,0,0,0,0,0,0
MJPM92BEBLAR003,12.0,19.0,31,31,0,0,0,0,0,0
MJPM92BEBMED003,12.0,22.0,34,32,0,2,2,1,1,0
MJPM92BEBXLR003,0.0,0.0,0,0,0,0,0,0,0,0
MJPM92BSEMED,0.0,0.0,0,0,0,0,0,0,0,0
MJPM92BSEXLR,0.0,0.0,0,0,0,0,0,0,0,0
MJPM92BSL2XL004,0.0,20.0,20,20,0,0,0,0,0,0
MJPM92BSLLAR004,0.0,1.0,1,1,0,0,0,0,0,0
MJPM92BSLMED004,0.0,14.0,14,14,0,0,0,0,0,0
MJPM92BSLXLR004,0.0,5.0,5,5,0,0,0,0,0,0
MJPM92BSMLAR,0.0,0.0,0,0,0,0,0,0,0,0
MJPM92BWS2XL,0.0,0.0,0,0,0,0,0,0,0,0
MJPM92BWSMED,0.0,5.0,5,5,0,0,0,0,0,0
MJPM92CTS2XL005,0.0,1.0,1,1,0,0,0,0,0,0
MJPM92CTSLAR005,0.0,1.0,1,1,0,0,0,0,0,0
MJPM92CTSMED005,0.0,0.0,0,0,0,0,0,0,0,0
MJPM92DFS2XL005,0.0,0.0,0,0,0,0,0,0,0,0
MJPM92DFSLAR005,0.0,0.0,0,0,0,0,0,0,0,0
MJPM92DFSMED005,0.0,10.0,10,10,0,0,0,0,0,0
MJPM92DMTMED003,0.0,0.0,0,0,0,0,0,0,0,0
MJPM92GBELAR003,0.0,1.0,1,1,0,0,0,0,0,0
MJPM92GBEMED003,0.0,2.0,2,2,0,0,0,0,0,0
MJPM92GME2XL,0.0,0.0,0,0,0,0,0,0,0,0
MJPM92GMELAR,0.0,1.0,1,1,0,0,0,0,0,0
MJPM92GMEMED,0.0,4.0,4,4,0,0,0,0,0,0
MJPM92GMI2XL003,0.0,9.0,9,9,0,0,0,0,0,0
MJPM92GMILAR003,0.0,5.0,5,5,0,0,0,0,0,0
MJPM92GMIMED003,0.0,13.0,13,13,0,0,0,0,0,0
MJPM92GNB2XL003,0.0,2.0,2,2,0,0,0,0,0,0
MJPM92GNBLAR003,0.0,1.0,1,1,0,0,0,0,0,0
MJPM92GNBMED,0.0,0.0,0,0,0,0,0,0,0,0
MJPM92GNBMED003,0.0,3.0,3,3,0,0,0,0,0,0
MJPM92GNBXLR003,0.0,3.0,3,3,0,0,0,0,0,0
MJPM92GNM2XL003,0.0,14.0,14,14,0,0,0,0,0,0
MJPM92GNMLAR003,7.0,12.0,19,19,0,0,0,0,0,0
MJPM92GNMMED003,0.0,1.0,1,1,0,0,0,0,0,0
MJPM92GNMXLR003,0.0,6.0,6,6,0,0,0,0,0,0
MJPM92GPN2XL005,0.0,1.0,1,1,0,0,0,0,0,0
MJPM92GPNLAR005,0.0,2.0,2,2,0,0,0,0,0,0
MJPM92GPNMED005,0.0,9.0,9,9,0,0,0,0,0,0
MJPM92GPNXLR005,0.0,1.0,1,1,0,0,0,0,0,0
MJPM92GSL2XL004,6.0,13.0,19,19,0,0,0,0,0,0
MJPM92GSLLAR004,7.0,12.0,19,19,0,0,0,0,0,0
MJPM92GSLMED004,30.0,19.0,49,49,0,0,0,0,0,0
MJPM92GSLXLR004,0.0,9.0,9,9,0,0,0,0,0,0
MJPM92KHI2XL006,9.0,29.0,38,32,0,6,6,3,2,1
MJPM92KHILAR006,0.0,1.0,1,1,0,0,0,0,0,0
MJPM92KHIMED006,0.0,13.0,13,13,0,0,0,0,0,0
MJPM92KHIXLR006,0.0,10.0,10,10,0,0,0,0,0,0
MJPM92MGR2XL004,0.0,8.0,8,8,0,0,0,0,0,0
MJPM92MGRLAR004,0.0,0.0,0,0,0,0,0,0,0,0
MJPM92MGRMED004,0.0,28.0,28,24,0,4,4,2,2,0
MJPM92MYD2XL004,0.0,0.0,0,0,0,0,0,0,0,0
MJPM92MYDLAR004,0.0,0.0,0,0,0,0,0,0,0,0
MJPM92MYDMED004,0.0,0.0,0,0,0,0,0,0,0,0
MJPM92MYDXLR004,0.0,0.0,0,0,0,0,0,0,0,0
MJPM92MYI2XL004,10.0,15.0,25,25,0,0,0,0,0,0
MJPM92MYILAR004,0.0,13.0,13,13,0,0,0,0,0,0
MJPM92MYIMED004,37.0,14.0,51,44,7,0,7,3,3,1
MJPM92MYIXLR004,0.0,1.0,1,1,0,0,0,0,0,0
MJPM92SKO2XL006,9.0,55.0,64,55,0,9,9,4,4,1
MJPM92SKOLAR006,0.0,3.0,3,3,0,0,0,0,0,0
MJPM92SKOMED006,0.0,8.0,8,8,0,0,0,0,0,0
MJPM92SKOXLR006,0.0,8.0,8,8,0,0,0,0,0,0
MJPM92SSN2XL005,0.0,1.0,1,1,0,0,0,0,0,0
MJPM92SSNMED005,0.0,20.0,20,20,0,0,0,0,0,0
MJPM92SSNXLR005,0.0,3.0,3,3,0,0,0,0,0,0
MJPM92SYP2XL005,0.0,2.0,2,2,0,0,0,0,0,0
MJPM92SYPLAR005,0.0,1.0,1,1,0,0,0,0,0,0
MJPM92SYPMED005,0.0,3.0,3,3,0,0,0,0,0,0
MJPM92SYPXLR005,0.0,0.0,0,0,0,0,0,0,0,0
MJPM92TRN2XL006,4.0,16.0,20,20,0,0,0,0,0,0
MJPM92TRNLAR006,8.0,10.0,18,18,0,0,0,0,0,0
MJPM92TRNMED006,4.0,10.0,14,14,0,0,0,0,0,0
MJPM92TRNXLR006,9.0,10.0,19,19,0,0,0,0,0,0
MJPM92UGY2XL006,0.0,15.0,15,15,0,0,0,0,0,0
MJPM92UGYLAR006,0.0,4.0,4,4,0,0,0,0,0,0
MJPM92UGYMED006,0.0,8.0,8,8,0,0,0,0,0,0
MJPM92UGYXLR006,0.0,9.0,9,9,0,0,0,0,0,0
MJPM92VIO2XL006,14.0,16.0,30,30,0,0,0,0,0,0
MJPM92VIOLAR006,1.0,10.0,11,11,0,0,0,0,0,0
MJPM92VIOMED006,4.0,10.0,14,14,0,0,0,0,0,0
MJPM92VIOXLR006,0.0,10.0,10,10,0,0,0,0,0,0
MJPM92WFS2XL005,0.0,8.0,8,8,0,0,0,0,0,0
MJPM92WFSLAR005,0.0,2.0,2,2,0,0,0,0,0,0
MJPM92WFSMED005,8.0,12.0,20,20,0,0,0,0,0,0
MJPM92WFSXLR005,0.0,1.0,1,1,0,0,0,0,0,0
MJPM92WLG2XL006,6.0,10.0,16,16,0,0,0,0,0,0
MJPM92WLGLAR006,3.0,10.0,13,13,0,0,0,0,0,0
MJPM92WLGMED006,4.0,10.0,14,14,0,0,0,0,0,0
MJPM92WLGXLR006,0.0,10.0,10,10,0,0,0,0,0,0
MJPM94BLK2XL,0.0,4.0,4,4,0,0,0,0,0,0
MJPM94BLKLAR,0.0,0.0,0,0,0,0,0,0,0,0
MJPM94BLKMED,0.0,33.0,33,28,0,5,5,2,2,1
MJPM94BLKXLR,0.0,0.0,0,0,0,0,0,0,0,0
MJPM94BTE2XL,0.0,1.0,1,1,0,0,0,0,0,0
MJPM94BTELAR,0.0,7.0,7,7,0,0,0,0,0,0
MJPM94BTEMED,0.0,10.0,10,10,0,0,0,0,0,0
MJPM94BTEXLR,0.0,2.0,2,2,0,0,0,0,0,0
MJPM94NVY2XL,0.0,2.0,2,2,0,0,0,0,0,0
MJPM94NVYLAR,0.0,14.0,14,14,0,0,0,0,0,0
MJPM94NVYMED,4.0,14.0,18,18,0,0,0,0,0,0
MJPM94NVYXLR,0.0,0.0,0,0,0,0,0,0,0,0
MJPM96BLK2XL,0.0,0.0,0,0,0,0,0,0,0,0
MJPM96BLKLAR,0.0,0.0,0,0,0,0,0,0,0,0
MJPM96BLKMED,0.0,0.0,0,0,0,0,0,0,0,0
MJPM96BLKXLR,0.0,0.0,0,0,0,0,0,0,0,0
MJPM96NVY2XL,0.0,0.0,0,0,0,0,0,0,0,0
MJPM96NVYLAR,0.0,0.0,0,0,0,0,0,0,0,0
MJPM96NVYMED,0.0,0.0,0,0,0,0,0,0,0,0
MJPM96NVYXLR,0.0,0.0,0,0,0,0,0,0,0,0
MJPM96TLE2XL,0.0,0.0,0,0,0,0,0,0,0,0
MJPM98AGY2XL949,63.0,117.0,180,121,33,26,59,28,23,8
MJPM98AGYLAR949,219.0,139.0,358,229,77,52,129,61,50,18
MJPM98AGYMED949,327.0,140.0,467,299,101,67,168,79,65,24
MJPM98AGYXLR949,25.0,137.0,162,139,0,23,23,11,9,3
MJPM98BLK2XL,0.0,220.0,220,188,0,32,32,15,12,5
MJPM98BLKLAR,13.0,112.0,125,107,0,18,18,8,7,3
MJPM98BLKMED,83.0,83.0,166,106,36,24,60,28,23,9
MJPM98BLKXLR,7.0,245.0,252,216,0,36,36,17,14,5
MJPM98IRGMED,0.0,0.0,0,0,0,0,0,0,0,0
MJPM98NYB2XL,1.0,18.0,19,19,0,0,0,0,0,0
MJPM98NYBLAR,0.0,190.0,190,163,0,27,27,13,10,4
MJPM98NYBMED,3.0,282.0,285,244,0,41,41,19,16,6
MJPM98NYBXLR,8.0,262.0,270,231,0,39,39,18,15,6
MJPM98SKO2XL,1.0,573.0,574,491,0,83,83,39,32,12
MJPM98SKOLAR,0.0,145.0,145,124,0,21,21,10,8,3
MJPM98SKOMED,11.0,158.0,169,145,0,24,24,11,9,4
MJPM98SKOXLR,1.0,359.0,360,308,0,52,52,25,20,7
MJPM98TRN2XL,0.0,2.0,2,2,0,0,0,0,0,0
MJPM98TRNLAR,0.0,0.0,0,0,0,0,0,0,0,0
MJPM98TRNMED,0.0,5.0,5,5,0,0,0,0,0,0
MJPM98TRNXLR,0.0,0.0,0,0,0,0,0,0,0,0
MJPM98VIO2XL,228.0,101.0,329,211,71,47,118,56,46,16
MJPM98VIOLAR,430.0,200.0,630,403,136,91,227,107,88,32
MJPM98VIOMED,200.0,243.0,443,284,95,64,159,75,62,22
MJPM98VIOXLR,294.0,128.0,422,270,91,61,152,72,59,21
MJPM98WLG2XL,73.0,300.0,373,276,43,54,97,46,38,13
MJPM98WLGLAR,21.0,246.0,267,229,0,38,38,18,15,5
MJPM98WLGMED,74.0,84.0,158,101,34,23,57,27,22,8
MJPM98WLGXLR,247.0,242.0,489,313,106,70,176,83,68,25
MJPM99BLK2XL,0.0,0.0,0,0,0,0,0,0,0,0
MJPM99BLK2XL1019,68.0,61.0,129,83,28,18,46,22,18,6
MJPM99BLKLAR,0.0,0.0,0,0,0,0,0,0,0,0
MJPM99BLKLAR1019,88.0,83.0,171,109,37,25,62,29,24,9
MJPM99BLKMED1019,65.0,247.0,312,232,35,45,80,38,31,11
MJPM99BLKXLR,0.0,0.0,0,0,0,0,0,0,0,0
MJPM99BLKXLR1019,181.0,128.0,309,198,67,44,111,52,43,16
MJPM99GFT2XL1019,70.0,69.0,139,89,30,20,50,24,19,7
MJPM99GFTLAR1019,94.0,92.0,186,119,40,27,67,32,26,9
MJPM99GFTMED1019,50.0,71.0,121,83,20,18,38,18,15,5
MJPM99GFTXLR1019,185.0,147.0,332,212,72,48,120,57,47,16
MJPM99NYB2XL,0.0,0.0,0,0,0,0,0,0,0,0
MJPM99NYB2XL1019,70.0,67.0,137,88,29,20,49,23,19,7
MJPM99NYBLAR1019,90.0,82.0,172,110,37,25,62,29,24,9
MJPM99NYBMED,0.0,0.0,0,0,0,0,0,0,0,0
MJPM99NYBMED1019,67.0,158.0,225,156,37,32,69,33,27,9
MJPM99NYBXLR1019,185.0,139.0,324,207,70,47,117,55,46,16
MJPM99TRN2XL,0.0,4.0,4,4,0,0,0,0,0,0
MJPM99TRNLAR,0.0,1.0,1,1,0,0,0,0,0,0
MJPM99TRNMED1019,0.0,122.0,122,104,0,18,18,8,7,3
MPOR15BLK2XL,0.0,3.0,3,3,0,0,0,0,0,0
MPOR15BLK2XL749,24.0,52.0,76,65,0,11,11,5,4,2
MPOR15BLK3XL,0.0,1.0,1,1,0,0,0,0,0,0
MPOR15BLKLAR,0.0,6.0,6,6,0,0,0,0,0,0
MPOR15BLKLAR749,17.0,100.0,117,100,0,17,17,8,7,2
MPOR15BLKMED,0.0,3.0,3,3,0,0,0,0,0,0
MPOR15BLKMED749,41.0,32.0,73,52,11,10,21,10,8,3
MPOR15BLKXLR,0.0,4.0,4,4,0,0,0,0,0,0
MPOR15BLKXLR749,18.0,11.0,29,29,0,0,0,0,0,0
MPOR15BTE2XL,19.0,11.0,30,30,0,0,0,0,0,0
MPOR15BTELAR,0.0,1.0,1,1,0,0,0,0,0,0
MPOR15BTEMED,0.0,11.0,11,11,0,0,0,0,0,0
MPOR15BTEXLR,0.0,1.0,1,1,0,0,0,0,0,0
MPOR15CHA2XL749,53.0,45.0,98,63,21,14,35,17,14,4
MPOR15CHALAR749,69.0,66.0,135,86,29,20,49,23,19,7
MPOR15CHAMED749,70.0,55.0,125,80,27,18,45,21,18,6
MPOR15CHAXLR749,41.0,50.0,91,67,11,13,24,11,9,4
MPOR15CNGLAR,0.0,0.0,0,0,0,0,0,0,0,0
MPOR15CNGMED,0.0,15.0,15,15,0,0,0,0,0,0
MPOR15CNGXLR,0.0,6.0,6,6,0,0,0,0,0,0
MPOR15DCN2XL,11.0,11.0,22,22,0,0,0,0,0,0
MPOR15DCN2XL749,16.0,21.0,37,36,0,1,1,0,0,1
MPOR15DCN3XL,0.0,0.0,0,0,0,0,0,0,0,0
MPOR15DCNLAR,6.0,12.0,18,18,0,0,0,0,0,0
MPOR15DCNLAR749,0.0,31.0,31,27,0,4,4,2,2,0
MPOR15DCNMED,0.0,10.0,10,10,0,0,0,0,0,0
MPOR15DCNMED749,0.0,33.0,33,28,0,5,5,2,2,1
MPOR15DCNXLR,4.0,12.0,16,16,0,0,0,0,0,0
MPOR15DCNXLR749,0.0,23.0,23,20,0,3,3,1,1,1
MPOR15HBE2XL,0.0,1.0,1,1,0,0,0,0,0,0
MPOR15HBELAR,0.0,8.0,8,8,0,0,0,0,0,0
MPOR15HBEXLR,0.0,1.0,1,1,0,0,0,0,0,0
MPOR15IRG2XL749,51.0,45.0,96,61,21,14,35,17,14,4
MPOR15IRGLAR749,63.0,36.0,99,63,22,14,36,17,14,5
MPOR15IRGMED749,71.0,55.0,126,81,27,18,45,21,18,6
MPOR15IRGXLR749,33.0,47.0,80,65,3,12,15,7,6,2
MPOR15KHI2XL,0.0,7.0,7,7,0,0,0,0,0,0
MPOR15KHI2XL749,85.0,27.0,112,81,24,7,31,15,12,4
MPOR15KHILAR,0.0,1.0,1,1,0,0,0,0,0,0
MPOR15KHILAR749,33.0,20.0,53,50,3,0,3,1,1,1
MPOR15KHIMED,2.0,20.0,22,22,0,0,0,0,0,0
MPOR15KHIMED749,28.0,23.0,51,48,0,3,3,1,1,1
MPOR15KHIXLR,5.0,12.0,17,17,0,0,0,0,0,0
MPOR15KHIXLR749,36.0,10.0,46,40,6,0,6,3,2,1
MPOR15LRG2XL,0.0,40.0,40,34,0,6,6,3,2,1
MPOR15LRG3XL,0.0,3.0,3,3,0,0,0,0,0,0
MPOR15LRGLAR,0.0,0.0,0,0,0,0,0,0,0,0
MPOR15LRGMED,0.0,1.0,1,1,0,0,0,0,0,0
MPOR15LRGXLR,0.0,2.0,2,2,0,0,0,0,0,0
MPOR15LTG2XL,23.0,11.0,34,34,0,0,0,0,0,0
MPOR15LTG2XL749,30.0,47.0,77,66,0,11,11,5,4,2
MPOR15LTGLAR749,28.0,63.0,91,78,0,13,13,6,5,2
MPOR15LTGMED,0.0,11.0,11,11,0,0,0,0,0,0
MPOR15LTGMED749,41.0,49.0,90,66,11,13,24,11,9,4
MPOR15LTGXLR,0.0,3.0,3,3,0,0,0,0,0,0
MPOR15LTGXLR749,4.0,51.0,55,47,0,8,8,4,3,1
MPOR15NVY2XL,0.0,1.0,1,1,0,0,0,0,0,0
MPOR15NVY3XL,0.0,0.0,0,0,0,0,0,0,0,0
MPOR15NVYLAR,3.0,10.0,13,13,0,0,0,0,0,0
MPOR15NVYMED,31.0,19.0,50,49,1,0,1,0,0,1
MPOR15NVYXLR,32.0,17.0,49,47,2,0,2,1,1,0
MPOR15NYB2XL,77.0,42.0,119,76,26,17,43,20,17,6
MPOR15NYB2XL749,73.0,50.0,123,79,26,18,44,21,17,6
MPOR15NYBLAR,23.0,33.0,56,48,0,8,8,4,3,1
MPOR15NYBLAR749,26.0,24.0,50,46,0,4,4,2,2,0
MPOR15NYBMED,0.0,9.0,9,9,0,0,0,0,0,0
MPOR15NYBMED749,0.0,2.0,2,2,0,0,0,0,0,0
MPOR15NYBXLR,46.0,36.0,82,54,16,12,28,13,11,4
MPOR15NYBXLR749,35.0,49.0,84,67,5,12,17,8,7,2
MPOR15PGN2XL,0.0,5.0,5,5,0,0,0,0,0,0
MPOR15PGNMED,0.0,1.0,1,1,0,0,0,0,0,0
MPOR15PGNXLR,0.0,2.0,2,2,0,0,0,0,0,0
MPOR15TRN2XL,0.0,1.0,1,1,0,0,0,0,0,0
MPOR15TRNMED,0.0,1.0,1,1,0,0,0,0,0,0
MPOR15WLG2XL,0.0,13.0,13,13,0,0,0,0,0,0
MPOR15WLGLAR,0.0,4.0,4,4,0,0,0,0,0,0
MPOR15WLGXLR,0.0,1.0,1,1,0,0,0,0,0,0
MPOR19BLM2XL,0.0,4.0,4,4,0,0,0,0,0,0
MPOR19BLM2XL659,0.0,3.0,3,3,0,0,0,0,0,0
MPOR19BLM4XL,0.0,0.0,0,0,0,0,0,0,0,0
MPOR19BLMED659,0.0,1.0,1,1,0,0,0,0,0,0
MPOR19BLMLAR,0.0,7.0,7,7,0,0,0,0,0,0
MPOR19BLMLAR659,0.0,11.0,11,11,0,0,0,0,0,0
MPOR19BLMMED,6.0,18.0,24,24,0,0,0,0,0,0
MPOR19BLMMED659,0.0,14.0,14,14,0,0,0,0,0,0
MPOR19BLMSML,2.0,16.0,18,18,0,0,0,0,0,0
MPOR19BLMXLR,0.0,7.0,7,7,0,0,0,0,0,0
MPOR19BLMXLR659,0.0,11.0,11,11,0,0,0,0,0,0
MPOR19BOM2XL,24.0,16.0,40,40,0,0,0,0,0,0
MPOR19BOM2XL659,0.0,5.0,5,5,0,0,0,0,0,0
MPOR19BOMLAR,0.0,9.0,9,9,0,0,0,0,0,0
MPOR19BOMLAR659,0.0,0.0,0,0,0,0,0,0,0,0
MPOR19BOMMED,2.0,1.0,3,3,0,0,0,0,0,0
MPOR19BOMMED659,0.0,7.0,7,7,0,0,0,0,0,0
MPOR19BOMSML,5.0,16.0,21,21,0,0,0,0,0,0
MPOR19BOMXLR,0.0,6.0,6,6,0,0,0,0,0,0
MPOR19BOMXLR659,0.0,6.0,6,6,0,0,0,0,0,0
MPOR19CGM2XL,0.0,2.0,2,2,0,0,0,0,0,0
MPOR19CGMLAR,0.0,5.0,5,5,0,0,0,0,0,0
MPOR19CGMMED,0.0,1.0,1,1,0,0,0,0,0,0
MPOR19CGMXLR,0.0,1.0,1,1,0,0,0,0,0,0
MPOR19DCM2XL,0.0,0.0,0,0,0,0,0,0,0,0
MPOR19DCMLAR,5.0,1.0,6,6,0,0,0,0,0,0
MPOR19DCMMED,2.0,0.0,2,2,0,0,0,0,0,0
MPOR19DCMSML,6.0,13.0,19,19,0,0,0,0,0,0
MPOR19DCMXLR,0.0,3.0,3,3,0,0,0,0,0,0
MPOR19DMM2XL630,0.0,0.0,0,0,0,0,0,0,0,0
MPOR19DMMMED,0.0,2.0,2,2,0,0,0,0,0,0
MPOR19DMMMED630,0.0,1.0,1,1,0,0,0,0,0,0
MPOR19GCM2XL,0.0,11.0,11,11,0,0,0,0,0,0
MPOR19GCMMED,0.0,1.0,1,1,0,0,0,0,0,0
MPOR19GCMXLR,0.0,3.0,3,3,0,0,0,0,0,0
MPOR19GCMXLR659,0.0,0.0,0,0,0,0,0,0,0,0
MPOR19HBM2XL,28.0,10.0,38,38,0,0,0,0,0,0
MPOR19HBMLAR,74.0,50.0,124,79,27,18,45,21,18,6
MPOR19HBMMED,7.0,10.0,17,17,0,0,0,0,0,0
MPOR19HBMXLR,0.0,1.0,1,1,0,0,0,0,0,0
MPOR19HTMMED,0.0,1.0,1,1,0,0,0,0,0,0
MPOR19HTMXLR,0.0,0.0,0,0,0,0,0,0,0,0
MPOR19IGM2XL,0.0,4.0,4,4,0,0,0,0,0,0
MPOR19IGMLAR,0.0,2.0,2,2,0,0,0,0,0,0
MPOR19IGMMED,0.0,2.0,2,2,0,0,0,0,0,0
MPOR19IGMSML,0.0,5.0,5,5,0,0,0,0,0,0
MPOR19IGMXLR,0.0,7.0,7,7,0,0,0,0,0,0
MPOR19LCM2XL,0.0,1.0,1,1,0,0,0,0,0,0
MPOR19LCM4XL,0.0,0.0,0,0,0,0,0,0,0,0
MPOR19LCMMED,0.0,1.0,1,1,0,0,0,0,0,0
MPOR19LCMXLR,0.0,0.0,0,0,0,0,0,0,0,0
MPOR19LGM2XL,4.0,24.0,28,24,0,4,4,2,2,0
MPOR19LGM2XL659,0.0,5.0,5,5,0,0,0,0,0,0
MPOR19LGMLAR,0.0,9.0,9,9,0,0,0,0,0,0
MPOR19LGMLAR659,0.0,0.0,0,0,0,0,0,0,0,0
MPOR19LGMMED,0.0,9.0,9,9,0,0,0,0,0,0
MPOR19LGMMED659,0.0,11.0,11,11,0,0,0,0,0,0
MPOR19LGMSML,0.0,13.0,13,13,0,0,0,0,0,0
MPOR19LGMXLR,13.0,15.0,28,28,0,0,0,0,0,0
MPOR19LGMXLR659,6.0,44.0,50,43,0,7,7,3,3,1
MPOR19LNMMED,0.0,0.0,0,0,0,0,0,0,0,0
MPOR19NBM2XL,0.0,33.0,33,28,0,5,5,2,2,1
MPOR19NBMLAR,0.0,1.0,1,1,0,0,0,0,0,0
MPOR19NBMMED,0.0,7.0,7,7,0,0,0,0,0,0
MPOR19NBMSML,0.0,0.0,0,0,0,0,0,0,0,0
MPOR19NBMXLR,0.0,23.0,23,20,0,3,3,1,1,1
MPOR19NBMXLR659,0.0,3.0,3,3,0,0,0,0,0,0
MPOR19SGMLAR,3.0,10.0,13,13,0,0,0,0,0,0
MPOR19SGMMED,87.0,39.0,126,81,27,18,45,21,18,6
MPOR19SGMXLR,26.0,10.0,36,36,0,0,0,0,0,0
MPOR19SYMLAR659,0.0,10.0,10,10,0,0,0,0,0,0
MPOR19SYMMED659,0.0,4.0,4,4,0,0,0,0,0,0
MPOR19SYMXLR659,0.0,72.0,72,62,0,10,10,5,4,1
MPOR19TGM2XL,0.0,4.0,4,4,0,0,0,0,0,0
MPOR19TGM2XL659,0.0,6.0,6,6,0,0,0,0,0,0
MPOR19TGMLAR,0.0,9.0,9,9,0,0,0,0,0,0
MPOR19TGMLAR659,2.0,20.0,22,22,0,0,0,0,0,0
MPOR19TGMMED,20.0,11.0,31,31,0,0,0,0,0,0
MPOR19TGMMED659,0.0,8.0,8,8,0,0,0,0,0,0
MPOR19TGMSML,0.0,13.0,13,13,0,0,0,0,0,0
MPOR19TGMXLR,5.0,18.0,23,23,0,0,0,0,0,0
MPOR19TGMXLR659,8.0,19.0,27,27,0,0,0,0,0,0
MPOR19VIM2XL,0.0,6.0,6,6,0,0,0,0,0,0
MPOR19VIMLAR,0.0,3.0,3,3,0,0,0,0,0,0
MPOR19VIMMED,1.0,12.0,13,13,0,0,0,0,0,0
MPOR19VIMSML,0.0,0.0,0,0,0,0,0,0,0,0
MPOR19VIMXLR,28.0,10.0,38,38,0,0,0,0,0,0
MPOR19VIMXLR659,27.0,23.0,50,47,0,3,3,1,1,1
MPOR19WDM2XL,0.0,4.0,4,4,0,0,0,0,0,0
MPOR19WDMLAR,0.0,11.0,11,11,0,0,0,0,0,0
MPOR19WDMMED,6.0,19.0,25,25,0,0,0,0,0,0
MPOR19WDMXLR,0.0,14.0,14,14,0,0,0,0,0,0
MPOR19WDMXLR659,7.0,12.0,19,19,0,0,0,0,0,0
MPOR209BLK2XL,0.0,5.0,5,5,0,0,0,0,0,0
MPOR209BLKLAR,0.0,1.0,1,1,0,0,0,0,0,0
MPOR209BLKMED,0.0,0.0,0,0,0,0,0,0,0,0
MPOR209BLKXLR,0.0,2.0,2,2,0,0,0,0,0,0
MPOR209BTELAR,0.0,1.0,1,1,0,0,0,0,0,0
MPOR209DCN2XL,14.0,19.0,33,33,0,0,0,0,0,0
MPOR209DCNLAR,16.0,12.0,28,28,0,0,0,0,0,0
MPOR209DCNMED,0.0,0.0,0,0,0,0,0,0,0,0
MPOR209DCNXLR,19.0,11.0,30,30,0,0,0,0,0,0
MPOR209IRGLAR,0.0,0.0,0,0,0,0,0,0,0,0
MPOR209IRGMED,0.0,0.0,0,0,0,0,0,0,0,0
MPOR209IRGXLR,0.0,1.0,1,1,0,0,0,0,0,0
MPOR209KHI2XL,0.0,3.0,3,3,0,0,0,0,0,0
MPOR209KHIMED,0.0,1.0,1,1,0,0,0,0,0,0
MPOR209NVYLAR,0.0,1.0,1,1,0,0,0,0,0,0
MPOR209NYB2XL,0.0,1.0,1,1,0,0,0,0,0,0
MPOR209NYBMED,0.0,2.0,2,2,0,0,0,0,0,0
MPOR219BLK2XL,0.0,0.0,0,0,0,0,0,0,0,0
MPOR219BLK2XL999,138.0,141.0,279,179,60,40,100,47,39,14
MPOR219BLKLAR,0.0,2.0,2,2,0,0,0,0,0,0
MPOR219BLKLAR999,618.0,49.0,667,494,144,29,173,82,67,24
MPOR219BLKMED,0.0,0.0,0,0,0,0,0,0,0,0
MPOR219BLKMED999,350.0,154.0,504,323,109,72,181,85,70,26
MPOR219BLKXLR,0.0,2.0,2,2,0,0,0,0,0,0
MPOR219BLKXLR999,512.0,86.0,598,403,129,66,195,92,76,27
MPOR219BTE2XL,0.0,1.0,1,1,0,0,0,0,0,0
MPOR219BTELAR,0.0,1.0,1,1,0,0,0,0,0,0
MPOR219BTEMED,0.0,6.0,6,6,0,0,0,0,0,0
MPOR219BTEXLR,0.0,0.0,0,0,0,0,0,0,0,0
MPOR219CNG2XL,0.0,0.0,0,0,0,0,0,0,0,0
MPOR219CNG2XL999,49.0,28.0,77,52,17,8,25,12,10,3
MPOR219CNGLAR,0.0,4.0,4,4,0,0,0,0,0,0
MPOR219CNGLAR999,202.0,30.0,232,172,50,10,60,28,23,9
MPOR219CNGMED,0.0,7.0,7,7,0,0,0,0,0,0
MPOR219CNGMED999,112.0,41.0,153,99,33,21,54,26,21,7
MPOR219CNGXLR,0.0,0.0,0,0,0,0,0,0,0,0
MPOR219CNGXLR999,124.0,42.0,166,108,36,22,58,27,23,8
MPOR219IRGLAR,0.0,0.0,0,0,0,0,0,0,0,0
MPOR219IRGXLR,0.0,1.0,1,1,0,0,0,0,0,0
MPOR219KHI2XL,0.0,3.0,3,3,0,0,0,0,0,0
MPOR219KHI2XL999,34.0,42.0,76,61,4,11,15,7,6,2
MPOR219KHILAR,0.0,3.0,3,3,0,0,0,0,0,0
MPOR219KHILAR999,7.0,230.0,237,203,0,34,34,16,13,5
MPOR219KHIMED,0.0,1.0,1,1,0,0,0,0,0,0
MPOR219KHIMED999,155.0,30.0,185,135,40,10,50,24,19,7
MPOR219KHIXLR,0.0,1.0,1,1,0,0,0,0,0,0
MPOR219KHIXLR999,145.0,34.0,179,127,38,14,52,25,20,7
MPOR219SKO2XL999,53.0,55.0,108,69,23,16,39,18,15,6
MPOR219SKOLAR999,172.0,185.0,357,228,77,52,129,61,50,18
MPOR219SKOMED999,63.0,204.0,267,196,33,38,71,34,28,9
MPOR219SKOXLR999,27.0,268.0,295,253,0,42,42,20,16,6
MPOR219WLG2XL999,63.0,63.0,126,81,27,18,45,21,18,6
MPOR219WLGLAR999,188.0,211.0,399,255,86,58,144,68,56,20
MPOR219WLGMED999,74.0,202.0,276,192,44,40,84,40,33,11
MPOR219WLGXLR999,42.0,281.0,323,265,12,46,58,27,23,8
MPOR229BLK2XL,0.0,8.0,8,8,0,0,0,0,0,0
MPOR229BLKLAR,0.0,0.0,0,0,0,0,0,0,0,0
MPOR229BLKMED,0.0,1.0,1,1,0,0,0,0,0,0
MPOR229BLKXLR,0.0,2.0,2,2,0,0,0,0,0,0
MPOR229CHAMED,0.0,0.0,0,0,0,0,0,0,0,0
MPOR229GFT2XL,0.0,16.0,16,16,0,0,0,0,0,0
MPOR229GFTLAR,0.0,0.0,0,0,0,0,0,0,0,0
MPOR229GFTMED,0.0,10.0,10,10,0,0,0,0,0,0
MPOR229GFTXLR,0.0,0.0,0,0,0,0,0,0,0,0
MPOR229KHI2XL,0.0,0.0,0,0,0,0,0,0,0,0
MPOR229KHILAR,0.0,0.0,0,0,0,0,0,0,0,0
MPOR229KHIMED,0.0,0.0,0,0,0,0,0,0,0,0
MPOR229KHIXLR,0.0,1.0,1,1,0,0,0,0,0,0
MPOR229LTG2XL,0.0,32.0,32,27,0,5,5,2,2,1
MPOR229LTGLAR,0.0,0.0,0,0,0,0,0,0,0,0
MPOR229LTGMED,0.0,0.0,0,0,0,0,0,0,0,0
MPOR229LTGXLR,0.0,0.0,0,0,0,0,0,0,0,0
MPOR229NYB2XL,0.0,1.0,1,1,0,0,0,0,0,0
MPOR229NYBLAR,0.0,1.0,1,1,0,0,0,0,0,0
MPOR229NYBMED,0.0,0.0,0,0,0,0,0,0,0,0
MPOR229NYBXLR,0.0,0.0,0,0,0,0,0,0,0,0
MPOR229SKO2XL,0.0,0.0,0,0,0,0,0,0,0,0
MPOR229SKOLAR,0.0,0.0,0,0,0,0,0,0,0,0
MPOR229SKOMED,0.0,0.0,0,0,0,0,0,0,0,0
MPOR229SKOXLR,0.0,0.0,0,0,0,0,0,0,0,0
MPOR229WLG2XL,0.0,1.0,1,1,0,0,0,0,0,0
MPOR229WLGLAR,0.0,0.0,0,0,0,0,0,0,0,0
MPOR229WLGMED,0.0,0.0,0,0,0,0,0,0,0,0
MPOR229WLGXLR,0.0,0.0,0,0,0,0,0,0,0,0
MPOR23OFW2XL,0.0,0.0,0,0,0,0,0,0,0,0
MPOR23OFWLAR,0.0,3.0,3,3,0,0,0,0,0,0
MPOR23OFWMED,0.0,16.0,16,16,0,0,0,0,0,0
MPOR23OFWSML,0.0,2.0,2,2,0,0,0,0,0,0
MPOR23OFWXLR,0.0,1.0,1,1,0,0,0,0,0,0
MPOR245BLK2XL,215.0,29.0,244,182,53,9,62,29,24,9
MPOR245BLKLAR,237.0,10.0,247,194,53,0,53,25,21,7
MPOR245BLKMED,302.0,30.0,332,250,72,10,82,39,32,11
MPOR245BLKXLR,173.0,37.0,210,147,46,17,63,30,24,9
MPOR245CHA2XL,36.0,14.0,50,44,6,0,6,3,2,1
MPOR245CHALAR,33.0,14.0,47,44,3,0,3,1,1,1
MPOR245CHAMED,114.0,28.0,142,103,31,8,39,18,15,6
MPOR245CHAXLR,20.0,48.0,68,58,0,10,10,5,4,1
MPOR245GFT2XL,68.0,15.0,83,65,18,0,18,8,7,3
MPOR245GFTLAR,81.0,46.0,127,81,28,18,46,22,18,6
MPOR245GFTMED,161.0,50.0,211,135,46,30,76,36,30,10
MPOR245GFTXLR,66.0,49.0,115,74,25,16,41,19,16,6
MPOR245KHI2XL,50.0,25.0,75,54,16,5,21,10,8,3
MPOR245KHILAR,61.0,42.0,103,66,22,15,37,17,14,6
MPOR245KHIMED,148.0,34.0,182,128,40,14,54,26,21,7
MPOR245KHIXLR,53.0,47.0,100,64,22,14,36,17,14,5
MPOR245NYB2XL,47.0,20.0,67,53,14,0,14,7,5,2
MPOR245NYBLAR,62.0,37.0,99,63,22,14,36,17,14,5
MPOR245NYBMED,133.0,63.0,196,125,43,28,71,34,28,9
MPOR245NYBXLR,69.0,40.0,109,70,23,16,39,18,15,6
MPOR25BLK2XL,0.0,0.0,0,0,0,0,0,0,0,0
MPOR25BLK2XL679,249.0,57.0,306,203,66,37,103,49,40,14
MPOR25BLK2XL719,473.0,789.0,1262,808,272,182,454,214,177,63
MPOR25BLK3XL,1.0,20.0,21,21,0,0,0,0,0,0
MPOR25BLK3XL759,0.0,0.0,0,0,0,0,0,0,0,0
MPOR25BLK4XL,0.0,0.0,0,0,0,0,0,0,0,0
MPOR25BLK4XL759,0.0,47.0,47,40,0,7,7,3,3,1
MPOR25BLK5XL,0.0,0.0,0,0,0,0,0,0,0,0
MPOR25BLK5XL759,0.0,34.0,34,29,0,5,5,2,2,1
MPOR25BLKLAR,0.0,3.0,3,3,0,0,0,0,0,0
MPOR25BLKLAR679,324.0,152.0,476,305,103,68,171,81,66,24
MPOR25BLKLAR719,1557.0,2210.0,3767,2411,814,542,1356,640,527,189
MPOR25BLKMED,2.0,0.0,2,2,0,0,0,0,0,0
MPOR25BLKMED679,206.0,152.0,358,229,77,52,129,61,50,18
MPOR25BLKMED719,1173.0,1921.0,3094,1980,668,446,1114,526,433,155
MPOR25BLKXLR,8.0,0.0,8,8,0,0,0,0,0,0
MPOR25BLKXLR679,365.0,225.0,590,378,127,85,212,100,82,30
MPOR25BLKXLR719,995.0,1362.0,2357,1508,509,340,849,401,330,118
MPOR25BOE2XL,0.0,0.0,0,0,0,0,0,0,0,0
MPOR25BOE2XL679,8.0,21.0,29,28,0,1,1,0,0,1
MPOR25BOE2XL719,113.0,50.0,163,104,35,24,59,28,23,8
MPOR25BOE3XL,0.0,2.0,2,2,0,0,0,0,0,0
MPOR25BOE5XL,0.0,1.0,1,1,0,0,0,0,0,0
MPOR25BOELAR,0.0,0.0,0,0,0,0,0,0,0,0
MPOR25BOELAR679,14.0,33.0,47,40,0,7,7,3,3,1
MPOR25BOELAR719,379.0,195.0,574,367,124,83,207,98,80,29
MPOR25BOEMED,0.0,0.0,0,0,0,0,0,0,0,0
MPOR25BOEMED679,14.0,28.0,42,36,0,6,6,3,2,1
MPOR25BOEMED719,255.0,99.0,354,227,76,51,127,60,49,18
MPOR25BOEXLR,0.0,0.0,0,0,0,0,0,0,0,0
MPOR25BOEXLR679,0.0,42.0,42,36,0,6,6,3,2,1
MPOR25BOEXLR719,232.0,146.0,378,242,82,54,136,64,53,19
MPOR25BTE2XL,0.0,1.0,1,1,0,0,0,0,0,0
MPOR25BTE2XL719,298.0,232.0,530,339,115,76,191,90,74,27
MPOR25BTELAR,0.0,0.0,0,0,0,0,0,0,0,0
MPOR25BTELAR719,592.0,613.0,1205,771,260,174,434,205,169,60
MPOR25BTEMED,6.0,0.0,6,6,0,0,0,0,0,0
MPOR25BTEMED719,471.0,462.0,933,597,202,134,336,159,131,46
MPOR25BTEXLR,0.0,1.0,1,1,0,0,0,0,0,0
MPOR25BTEXLR719,467.0,472.0,939,601,203,135,338,160,131,47
MPOR25CGYMED,0.0,0.0,0,0,0,0,0,0,0,0
MPOR25CNG2XL,0.0,0.0,0,0,0,0,0,0,0,0
MPOR25CNGLAR,0.0,15.0,15,15,0,0,0,0,0,0
MPOR25CNGMED,0.0,7.0,7,7,0,0,0,0,0,0
MPOR25CNGXLR,0.0,0.0,0,0,0,0,0,0,0,0
MPOR25DCN2XL,0.0,0.0,0,0,0,0,0,0,0,0
MPOR25DCNLAR,0.0,0.0,0,0,0,0,0,0,0,0
MPOR25DCNMED,0.0,0.0,0,0,0,0,0,0,0,0
MPOR25DCNXLR,0.0,1.0,1,1,0,0,0,0,0,0
MPOR25GFT2XL679,3.0,15.0,18,18,0,0,0,0,0,0
MPOR25GFT2XL719,23.0,10.0,33,33,0,0,0,0,0,0
MPOR25GFT3XL,0.0,7.0,7,7,0,0,0,0,0,0
MPOR25GFT3XL759,0.0,0.0,0,0,0,0,0,0,0,0
MPOR25GFT4XL,0.0,0.0,0,0,0,0,0,0,0,0
MPOR25GFT4XL759,0.0,0.0,0,0,0,0,0,0,0,0
MPOR25GFT5XL,0.0,1.0,1,1,0,0,0,0,0,0
MPOR25GFT5XL759,0.0,1.0,1,1,0,0,0,0,0,0
MPOR25GFTLAR679,8.0,27.0,35,30,0,5,5,2,2,1
MPOR25GFTLAR719,345.0,163.0,508,325,110,73,183,86,71,26
MPOR25GFTMED679,2.0,15.0,17,17,0,0,0,0,0,0
MPOR25GFTMED719,288.0,40.0,328,237,71,20,91,43,35,13
MPOR25GFTXLR679,11.0,24.0,35,31,0,4,4,2,2,0
MPOR25GFTXLR719,121.0,42.0,163,106,35,22,57,27,22,8
MPOR25IRG2XL,0.0,0.0,0,0,0,0,0,0,0,0
MPOR25IRG2XL719,149.0,164.0,313,200,68,45,113,53,44,16
MPOR25IRG3XL,0.0,1.0,1,1,0,0,0,0,0,0
MPOR25IRG5XL,0.0,0.0,0,0,0,0,0,0,0,0
MPOR25IRGLAR,0.0,0.0,0,0,0,0,0,0,0,0
MPOR25IRGLAR719,535.0,278.0,813,520,176,117,293,138,114,41
MPOR25IRGMED,30.0,3.0,33,33,0,0,0,0,0,0
MPOR25IRGMED719,169.0,378.0,547,350,118,79,197,93,77,27
MPOR25IRGXLR,0.0,0.0,0,0,0,0,0,0,0,0
MPOR25IRGXLR719,95.0,441.0,536,394,65,77,142,67,55,20
MPOR25LTG2XL,0.0,0.0,0,0,0,0,0,0,0,0
MPOR25LTG2XL679,36.0,13.0,49,43,6,0,6,3,2,1
MPOR25LTG2XL719,45.0,78.0,123,90,15,18,33,16,13,4
MPOR25LTG3XL,0.0,17.0,17,17,0,0,0,0,0,0
MPOR25LTG3XL759,0.0,14.0,14,14,0,0,0,0,0,0
MPOR25LTG4XL,0.0,3.0,3,3,0,0,0,0,0,0
MPOR25LTG4XL759,0.0,0.0,0,0,0,0,0,0,0,0
MPOR25LTG5XL,0.0,1.0,1,1,0,0,0,0,0,0
MPOR25LTG5XL759,0.0,5.0,5,5,0,0,0,0,0,0
MPOR25LTGLAR,0.0,0.0,0,0,0,0,0,0,0,0
MPOR25LTGLAR679,180.0,70.0,250,160,54,36,90,42,35,13
MPOR25LTGLAR719,379.0,397.0,776,497,167,112,279,132,108,39
MPOR25LTGMED,0.0,0.0,0,0,0,0,0,0,0,0
MPOR25LTGMED679,88.0,75.0,163,104,35,24,59,28,23,8
MPOR25LTGMED719,189.0,335.0,524,335,113,76,189,89,74,26
MPOR25LTGXLR,0.0,2.0,2,2,0,0,0,0,0,0
MPOR25LTGXLR679,139.0,76.0,215,138,46,31,77,36,30,11
MPOR25LTGXLR719,167.0,265.0,432,276,94,62,156,74,61,21
MPOR25LTN2XL,0.0,0.0,0,0,0,0,0,0,0,0
MPOR25NVY2XL,0.0,1.0,1,1,0,0,0,0,0,0
MPOR25NVY3XL,0.0,0.0,0,0,0,0,0,0,0,0
MPOR25NVYLAR,0.0,0.0,0,0,0,0,0,0,0,0
MPOR25NVYMED,0.0,0.0,0,0,0,0,0,0,0,0
MPOR25NVYXLR,0.0,0.0,0,0,0,0,0,0,0,0
MPOR25NYB2XL,0.0,0.0,0,0,0,0,0,0,0,0
MPOR25NYB2XL679,1.0,17.0,18,18,0,0,0,0,0,0
MPOR25NYB2XL719,325.0,241.0,566,362,122,82,204,96,79,29
MPOR25NYB3XL,0.0,38.0,38,32,0,6,6,3,2,1
MPOR25NYB3XL759,0.0,48.0,48,41,0,7,7,3,3,1
MPOR25NYB4XL,0.0,25.0,25,21,0,4,4,2,2,0
MPOR25NYB4XL759,0.0,53.0,53,45,0,8,8,4,3,1
MPOR25NYB5XL,0.0,41.0,41,35,0,6,6,3,2,1
MPOR25NYB5XL759,0.0,44.0,44,38,0,6,6,3,2,1
MPOR25NYBLAR,0.0,0.0,0,0,0,0,0,0,0,0
MPOR25NYBLAR679,44.0,15.0,59,46,13,0,13,6,5,2
MPOR25NYBLAR719,1485.0,397.0,1882,1204,407,271,678,320,264,94
MPOR25NYBMED679,62.0,24.0,86,63,19,4,23,11,9,3
MPOR25NYBMED719,993.0,409.0,1402,897,303,202,505,238,196,71
MPOR25NYBXLR679,45.0,12.0,57,44,13,0,13,6,5,2
MPOR25NYBXLR719,786.0,380.0,1166,746,252,168,420,198,163,59
MPOR25SEG2XL,0.0,0.0,0,0,0,0,0,0,0,0
MPOR25SKO2XL,0.0,3.0,3,3,0,0,0,0,0,0
MPOR25SKO2XL679,66.0,50.0,116,74,25,17,42,20,16,6
MPOR25SKO2XL719,141.0,77.0,218,140,47,31,78,37,30,11
MPOR25SKO3XL,0.0,0.0,0,0,0,0,0,0,0,0
MPOR25SKO3XL759,0.0,7.0,7,7,0,0,0,0,0,0
MPOR25SKO4XL,0.0,7.0,7,7,0,0,0,0,0,0
MPOR25SKO4XL759,0.0,1.0,1,1,0,0,0,0,0,0
MPOR25SKO5XL,0.0,0.0,0,0,0,0,0,0,0,0
MPOR25SKO5XL759,0.0,13.0,13,13,0,0,0,0,0,0
MPOR25SKOLAR,1.0,10.0,11,11,0,0,0,0,0,0
MPOR25SKOLAR679,220.0,51.0,271,181,59,31,90,42,35,13
MPOR25SKOLAR719,500.0,437.0,937,600,202,135,337,159,131,47
MPOR25SKOMED,0.0,7.0,7,7,0,0,0,0,0,0
MPOR25SKOMED679,137.0,50.0,187,120,40,27,67,32,26,9
MPOR25SKOMED719,380.0,189.0,569,364,123,82,205,97,80,28
MPOR25SKOXLR,0.0,2.0,2,2,0,0,0,0,0,0
MPOR25SKOXLR679,192.0,50.0,242,160,52,30,82,39,32,11
MPOR25SKOXLR719,327.0,244.0,571,365,124,82,206,97,80,29
MPOR25TLE2XL,0.0,1.0,1,1,0,0,0,0,0,0
MPOR25TLELAR,0.0,6.0,6,6,0,0,0,0,0,0
MPOR25TLEMED,0.0,0.0,0,0,0,0,0,0,0,0
MPOR25TLEXLR,0.0,0.0,0,0,0,0,0,0,0,0
MPOR25TRN2XL,0.0,1.0,1,1,0,0,0,0,0,0
MPOR25TRN3XL,0.0,11.0,11,11,0,0,0,0,0,0
MPOR25TRN4XL,0.0,7.0,7,7,0,0,0,0,0,0
MPOR25TRN5XL,0.0,8.0,8,8,0,0,0,0,0,0
MPOR25TRNLAR,4.0,10.0,14,14,0,0,0,0,0,0
MPOR25TRNMED,0.0,2.0,2,2,0,0,0,0,0,0
MPOR25TRNXLR,0.0,4.0,4,4,0,0,0,0,0,0
MPOR25VIO2XL,0.0,1.0,1,1,0,0,0,0,0,0
MPOR25VIOXLR,0.0,1.0,1,1,0,0,0,0,0,0
MPOR25WLG2XL679,0.0,42.0,42,36,0,6,6,3,2,1
MPOR25WLG2XL719,169.0,150.0,319,204,69,46,115,54,45,16
MPOR25WLG3XL,0.0,1.0,1,1,0,0,0,0,0,0
MPOR25WLG4XL,0.0,6.0,6,6,0,0,0,0,0,0
MPOR25WLG5XL,0.0,3.0,3,3,0,0,0,0,0,0
MPOR25WLGLAR679,0.0,48.0,48,41,0,7,7,3,3,1
MPOR25WLGLAR719,514.0,218.0,732,468,158,106,264,125,103,36
MPOR25WLGMED679,0.0,40.0,40,34,0,6,6,3,2,1
MPOR25WLGMED719,302.0,200.0,502,321,109,72,181,85,70,26
MPOR25WLGXLR679,0.0,48.0,48,41,0,7,7,3,3,1
MPOR25WLGXLR719,212.0,149.0,361,231,78,52,130,61,51,18
MPOR299BLK2XL,54.0,33.0,87,56,19,12,31,15,12,4
MPOR299BLKLAR,38.0,16.0,54,46,8,0,8,4,3,1
MPOR299BLKMED,0.0,8.0,8,8,0,0,0,0,0,0
MPOR299BLKXLR,44.0,19.0,63,49,14,0,14,7,5,2
MPOR299KHI2XL,0.0,0.0,0,0,0,0,0,0,0,0
MPOR299KHILAR,0.0,7.0,7,7,0,0,0,0,0,0
MPOR299KHIMED,0.0,18.0,18,18,0,0,0,0,0,0
MPOR299KHIXLR,0.0,0.0,0,0,0,0,0,0,0,0
MPOR299LTG2XL,0.0,6.0,6,6,0,0,0,0,0,0
MPOR299LTGLAR,0.0,0.0,0,0,0,0,0,0,0,0
MPOR299LTGMED,0.0,1.0,1,1,0,0,0,0,0,0
MPOR299LTGXLR,0.0,13.0,13,13,0,0,0,0,0,0
MPOR299NYB2XL,0.0,0.0,0,0,0,0,0,0,0,0
MPOR299NYBLAR,0.0,2.0,2,2,0,0,0,0,0,0
MPOR299NYBMED,0.0,35.0,35,30,0,5,5,2,2,1
MPOR299NYBXLR,0.0,0.0,0,0,0,0,0,0,0,0
MPOR299WLG2XL,1.0,14.0,15,15,0,0,0,0,0,0
MPOR299WLGLAR,0.0,0.0,0,0,0,0,0,0,0,0
MPOR299WLGMED,7.0,11.0,18,18,0,0,0,0,0,0
MPOR299WLGXLR,0.0,12.0,12,12,0,0,0,0,0,0
MPOR29BLK2XL,0.0,1.0,1,1,0,0,0,0,0,0
MPOR29BLK2XL769,2.0,16.0,18,18,0,0,0,0,0,0
MPOR29BLKLAR,0.0,1.0,1,1,0,0,0,0,0,0
MPOR29BLKLAR769,0.0,0.0,0,0,0,0,0,0,0,0
MPOR29BLKMED769,0.0,5.0,5,5,0,0,0,0,0,0
MPOR29BLKXLR,0.0,1.0,1,1,0,0,0,0,0,0
MPOR29BLKXLR769,20.0,9.0,29,29,0,0,0,0,0,0
MPOR29BTE2XL769,0.0,9.0,9,9,0,0,0,0,0,0
MPOR29BTELAR769,0.0,0.0,0,0,0,0,0,0,0,0
MPOR29BTEMED769,0.0,0.0,0,0,0,0,0,0,0,0
MPOR29BTEXLR,0.0,1.0,1,1,0,0,0,0,0,0
MPOR29BTEXLR769,0.0,1.0,1,1,0,0,0,0,0,0
MPOR29CNG2XL769,0.0,18.0,18,18,0,0,0,0,0,0
MPOR29CNGLAR769,0.0,0.0,0,0,0,0,0,0,0,0
MPOR29CNGMED769,0.0,0.0,0,0,0,0,0,0,0,0
MPOR29CNGXLR,0.0,6.0,6,6,0,0,0,0,0,0
MPOR29CNGXLR769,0.0,1.0,1,1,0,0,0,0,0,0
MPOR29KHI2XL769,0.0,0.0,0,0,0,0,0,0,0,0
MPOR29KHILAR769,0.0,0.0,0,0,0,0,0,0,0,0
MPOR29KHIMED769,0.0,0.0,0,0,0,0,0,0,0,0
MPOR29KHIXLR769,0.0,0.0,0,0,0,0,0,0,0,0
MPOR29LTG2XL769,0.0,30.0,30,26,0,4,4,2,2,0
MPOR29LTGLAR769,0.0,0.0,0,0,0,0,0,0,0,0
MPOR29LTGMED769,0.0,0.0,0,0,0,0,0,0,0,0
MPOR29LTGXLR769,0.0,1.0,1,1,0,0,0,0,0,0
MPOR29LTNXLR,0.0,36.0,36,31,0,5,5,2,2,1
MPOR29NYB2XL769,0.0,24.0,24,20,0,4,4,2,2,0
MPOR29NYBLAR769,0.0,0.0,0,0,0,0,0,0,0,0
MPOR29NYBMED769,0.0,3.0,3,3,0,0,0,0,0,0
MPOR29NYBXLR769,0.0,3.0,3,3,0,0,0,0,0,0
MPOR29WLG2XL769,0.0,21.0,21,20,0,1,1,0,0,1
MPOR29WLGLAR769,0.0,0.0,0,0,0,0,0,0,0,0
MPOR29WLGMED769,0.0,1.0,1,1,0,0,0,0,0,0
MPOR29WLGXLR769,0.0,0.0,0,0,0,0,0,0,0,0
MPOR39BLE2XL,0.0,25.0,25,21,0,4,4,2,2,0
MPOR39BLELAR,88.0,132.0,220,141,47,32,79,37,31,11
MPOR39BLEMED,87.0,33.0,120,81,26,13,39,18,15,6
MPOR39BLEXLR,43.0,42.0,85,60,13,12,25,12,10,3
MPOR39BLK2XL,0.0,0.0,0,0,0,0,0,0,0,0
MPOR39BLK2XL749,0.0,9.0,9,9,0,0,0,0,0,0
MPOR39BLK2XL779,0.0,0.0,0,0,0,0,0,0,0,0
MPOR39BLKLAR,0.0,0.0,0,0,0,0,0,0,0,0
MPOR39BLKLAR749,0.0,5.0,5,5,0,0,0,0,0,0
MPOR39BLKLAR779,91.0,84.0,175,112,38,25,63,30,24,9
MPOR39BLKMED,0.0,0.0,0,0,0,0,0,0,0,0
MPOR39BLKMED749,0.0,3.0,3,3,0,0,0,0,0,0
MPOR39BLKMED779,85.0,20.0,105,82,23,0,23,11,9,3
MPOR39BLKXLR,0.0,0.0,0,0,0,0,0,0,0,0
MPOR39BLKXLR749,0.0,19.0,19,19,0,0,0,0,0,0
MPOR39BLKXLR779,65.0,30.0,95,65,20,10,30,14,12,4
MPOR39BOEMED,0.0,0.0,0,0,0,0,0,0,0,0
MPOR39BTE2XL,0.0,0.0,0,0,0,0,0,0,0,0
MPOR39BTEMED,0.0,0.0,0,0,0,0,0,0,0,0
MPOR39CNG2XL,0.0,1.0,1,1,0,0,0,0,0,0
MPOR39CNGMED,0.0,0.0,0,0,0,0,0,0,0,0
MPOR39CNGXLR,0.0,0.0,0,0,0,0,0,0,0,0
MPOR39IRG2XL,0.0,37.0,37,32,0,5,5,2,2,1
MPOR39KHI2XL,0.0,0.0,0,0,0,0,0,0,0,0
MPOR39KHI2XL749,0.0,10.0,10,10,0,0,0,0,0,0
MPOR39KHI2XL779,27.0,10.0,37,37,0,0,0,0,0,0
MPOR39KHILAR,0.0,1.0,1,1,0,0,0,0,0,0
MPOR39KHILAR749,0.0,15.0,15,15,0,0,0,0,0,0
MPOR39KHILAR779,117.0,35.0,152,104,33,15,48,23,19,6
MPOR39KHIMED,1.0,0.0,1,1,0,0,0,0,0,0
MPOR39KHIMED749,0.0,15.0,15,15,0,0,0,0,0,0
MPOR39KHIMED779,97.0,63.0,160,102,35,23,58,27,23,8
MPOR39KHIXLR,0.0,0.0,0,0,0,0,0,0,0,0
MPOR39KHIXLR749,0.0,10.0,10,10,0,0,0,0,0,0
MPOR39KHIXLR779,46.0,25.0,71,50,16,5,21,10,8,3
MPOR39LTG2XL,0.0,34.0,34,29,0,5,5,2,2,1
MPOR39LTG2XL749,0.0,39.0,39,33,0,6,6,3,2,1
MPOR39LTGLAR,0.0,1.0,1,1,0,0,0,0,0,0
MPOR39LTGLAR749,0.0,0.0,0,0,0,0,0,0,0,0
MPOR39LTGMED,0.0,5.0,5,5,0,0,0,0,0,0
MPOR39LTGMED749,0.0,0.0,0,0,0,0,0,0,0,0
MPOR39LTGXLR749,0.0,0.0,0,0,0,0,0,0,0,0
MPOR39NYB2XL749,0.0,1.0,1,1,0,0,0,0,0,0
MPOR39NYB2XL779,0.0,0.0,0,0,0,0,0,0,0,0
MPOR39NYBLAR,0.0,8.0,8,8,0,0,0,0,0,0
MPOR39NYBLAR749,0.0,33.0,33,28,0,5,5,2,2,1
MPOR39NYBLAR779,0.0,59.0,59,51,0,8,8,4,3,1
MPOR39NYBMED,0.0,0.0,0,0,0,0,0,0,0,0
MPOR39NYBMED749,0.0,32.0,32,27,0,5,5,2,2,1
MPOR39NYBMED779,0.0,36.0,36,31,0,5,5,2,2,1
MPOR39NYBXLR749,0.0,11.0,11,11,0,0,0,0,0,0
MPOR39NYBXLR779,0.0,0.0,0,0,0,0,0,0,0,0
MPOR39SKO2XL,0.0,0.0,0,0,0,0,0,0,0,0
MPOR39SKO2XL749,0.0,1.0,1,1,0,0,0,0,0,0
MPOR39SKOLAR,0.0,0.0,0,0,0,0,0,0,0,0
MPOR39SKOLAR749,0.0,0.0,0,0,0,0,0,0,0,0
MPOR39SKOMED749,0.0,0.0,0,0,0,0,0,0,0,0
MPOR39SKOXLR749,0.0,0.0,0,0,0,0,0,0,0,0
MPOR39TRN2XL,0.0,2.0,2,2,0,0,0,0,0,0
MPOR39TRN2XL749,0.0,7.0,7,7,0,0,0,0,0,0
MPOR39TRNLAR749,0.0,1.0,1,1,0,0,0,0,0,0
MPOR39TRNMED749,0.0,0.0,0,0,0,0,0,0,0,0
MPOR39TRNXLR,0.0,0.0,0,0,0,0,0,0,0,0
MPOR39TRNXLR749,0.0,1.0,1,1,0,0,0,0,0,0
MPOR39VIO2XL,0.0,1.0,1,1,0,0,0,0,0,0
MPOR39VIOLAR,0.0,0.0,0,0,0,0,0,0,0,0
MPOR39VIOMED,0.0,5.0,5,5,0,0,0,0,0,0
MPOR39VIOXLR,0.0,3.0,3,3,0,0,0,0,0,0
MPOR39WLG2XL779,0.0,0.0,0,0,0,0,0,0,0,0
MPOR39WLGLAR779,0.0,57.0,57,49,0,8,8,4,3,1
MPOR39WLGMED779,0.0,0.0,0,0,0,0,0,0,0,0
MPOR39WLGXLR779,0.0,0.0,0,0,0,0,0,0,0,0
MPOR45BLK2XL,0.0,2.0,2,2,0,0,0,0,0,0
MPOR45BLKXLR,0.0,2.0,2,2,0,0,0,0,0,0
MPOR45BTEMED,0.0,0.0,0,0,0,0,0,0,0,0
MPOR45BTEXLR,0.0,0.0,0,0,0,0,0,0,0,0
MPOR45CGY2XL,0.0,2.0,2,2,0,0,0,0,0,0
MPOR45CGYLAR,0.0,1.0,1,1,0,0,0,0,0,0
MPOR45CGYMED,0.0,1.0,1,1,0,0,0,0,0,0
MPOR45CGYXLR,0.0,1.0,1,1,0,0,0,0,0,0
MPOR45DCN2XL,0.0,10.0,10,10,0,0,0,0,0,0
MPOR45DCNLAR,0.0,36.0,36,31,0,5,5,2,2,1
MPOR45DCNMED,0.0,0.0,0,0,0,0,0,0,0,0
MPOR45DCNXLR,0.0,0.0,0,0,0,0,0,0,0,0
MPOR45HBE2XL,0.0,1.0,1,1,0,0,0,0,0,0
MPOR45HBELAR,0.0,7.0,7,7,0,0,0,0,0,0
MPOR45HBEMED,0.0,1.0,1,1,0,0,0,0,0,0
MPOR45HBEXLR,0.0,3.0,3,3,0,0,0,0,0,0
MPOR45LRGMED,0.0,0.0,0,0,0,0,0,0,0,0
MPOR45LRGXLR,0.0,1.0,1,1,0,0,0,0,0,0
MPOR45LTG2XL,0.0,3.0,3,3,0,0,0,0,0,0
MPOR45LTGLAR,0.0,0.0,0,0,0,0,0,0,0,0
MPOR45LTGMED,0.0,0.0,0,0,0,0,0,0,0,0
MPOR45LTGXLR,0.0,2.0,2,2,0,0,0,0,0,0
MPOR45LTNLAR,0.0,1.0,1,1,0,0,0,0,0,0
MPOR45LTNMED,0.0,1.0,1,1,0,0,0,0,0,0
MPOR45NVY2XL,0.0,2.0,2,2,0,0,0,0,0,0
MPOR45NVYLAR,0.0,1.0,1,1,0,0,0,0,0,0
MPOR45NVYMED,27.0,19.0,46,46,0,0,0,0,0,0
MPOR45NVYXLR,0.0,6.0,6,6,0,0,0,0,0,0
MPOR55BLK2XL,0.0,0.0,0,0,0,0,0,0,0,0
MPOR55BLK3XL,0.0,0.0,0,0,0,0,0,0,0,0
MPOR55BLKLAR,0.0,0.0,0,0,0,0,0,0,0,0
MPOR55BLKMED,92.0,23.0,115,87,25,3,28,13,11,4
MPOR55BLKSML,70.0,22.0,92,70,20,2,22,10,9,3
MPOR55BLKXLR,0.0,1.0,1,1,0,0,0,0,0,0
MPOR55DCN2XL,0.0,0.0,0,0,0,0,0,0,0,0
MPOR55DCNLAR,0.0,88.0,88,75,0,13,13,6,5,2
MPOR55DCNMED,0.0,150.0,150,128,0,22,22,10,9,3
MPOR55DCNSML,0.0,57.0,57,49,0,8,8,4,3,1
MPOR55DCNXLR,0.0,3.0,3,3,0,0,0,0,0,0
MPOR55NVY2XL,0.0,0.0,0,0,0,0,0,0,0,0
MPOR55NVYLAR,0.0,0.0,0,0,0,0,0,0,0,0
MPOR55NVYMED,0.0,0.0,0,0,0,0,0,0,0,0
MPOR55NVYXLR,0.0,0.0,0,0,0,0,0,0,0,0
MPOR55NYB2XL,0.0,0.0,0,0,0,0,0,0,0,0
MPOR55NYBLAR,57.0,55.0,112,72,24,16,40,19,16,5
MPOR55NYBMED,156.0,61.0,217,139,47,31,78,37,30,11
MPOR55NYBSML,10.0,10.0,20,20,0,0,0,0,0,0
MPOR55NYBXLR,26.0,49.0,75,64,0,11,11,5,4,2
MPOR69BLK2XL,112.0,50.0,162,104,35,23,58,27,23,8
MPOR69BLKLAR,598.0,133.0,731,468,158,105,263,124,102,37
MPOR69BLKMED,363.0,110.0,473,303,102,68,170,80,66,24
MPOR69BLKXLR,279.0,149.0,428,274,92,62,154,73,60,21
MPOR69CNG2XL559,116.0,72.0,188,120,41,27,68,32,26,10
MPOR69CNGLAR559,337.0,429.0,766,490,166,110,276,130,107,39
MPOR69CNGMED559,213.0,235.0,448,287,97,64,161,76,63,22
MPOR69CNGXLR559,337.0,150.0,487,312,105,70,175,83,68,24
MPOR69DCNLAR,0.0,2.0,2,2,0,0,0,0,0,0
MPOR69DCNMED,0.0,12.0,12,12,0,0,0,0,0,0
MPOR69KHI2XL,130.0,73.0,203,130,44,29,73,34,28,11
MPOR69KHILAR,360.0,469.0,829,531,179,119,298,141,116,41
MPOR69KHIMED,230.0,181.0,411,263,89,59,148,70,58,20
MPOR69KHIXLR,210.0,196.0,406,260,88,58,146,69,57,20
MPOR69LTG2XL559,116.0,103.0,219,140,47,32,79,37,31,11
MPOR69LTGLAR559,337.0,502.0,839,537,181,121,302,143,117,42
MPOR69LTGMED559,363.0,168.0,531,340,115,76,191,90,74,27
MPOR69LTGXLR559,337.0,160.0,497,318,107,72,179,85,70,24
MPOR69NVY2XL,179.0,30.0,209,154,45,10,55,26,21,8
MPOR69NVYLAR,598.0,219.0,817,523,176,118,294,139,114,41
MPOR69NVYMED,336.0,180.0,516,330,112,74,186,88,72,26
MPOR69NVYXLR,332.0,87.0,419,268,91,60,151,71,59,21
MPOR85BLK2XL,0.0,5.0,5,5,0,0,0,0,0,0
MPOR85BLK2XL589,0.0,1.0,1,1,0,0,0,0,0,0
MPOR85BLK3XL,0.0,0.0,0,0,0,0,0,0,0,0
MPOR85BLKLAR,0.0,2.0,2,2,0,0,0,0,0,0
MPOR85BLKLAR589,23.0,10.0,33,33,0,0,0,0,0,0
MPOR85BLKMED,0.0,5.0,5,5,0,0,0,0,0,0
MPOR85BLKMED589,0.0,0.0,0,0,0,0,0,0,0,0
MPOR85BLKXLR,0.0,16.0,16,16,0,0,0,0,0,0
MPOR85BLKXLR589,0.0,0.0,0,0,0,0,0,0,0,0
MPOR85BOE2XL,0.0,2.0,2,2,0,0,0,0,0,0
MPOR85BOE2XL589,0.0,13.0,13,13,0,0,0,0,0,0
MPOR85BOELAR,0.0,1.0,1,1,0,0,0,0,0,0
MPOR85BOELAR589,28.0,11.0,39,39,0,0,0,0,0,0
MPOR85BOEMED,7.0,12.0,19,19,0,0,0,0,0,0
MPOR85BOEMED589,22.0,17.0,39,39,0,0,0,0,0,0
MPOR85BOEXLR,0.0,0.0,0,0,0,0,0,0,0,0
MPOR85BOEXLR589,2.0,19.0,21,21,0,0,0,0,0,0
MPOR85BTE2XL,0.0,2.0,2,2,0,0,0,0,0,0
MPOR85BTELAR,0.0,0.0,0,0,0,0,0,0,0,0
MPOR85BTEMED,0.0,4.0,4,4,0,0,0,0,0,0
MPOR85BTEXLR,0.0,1.0,1,1,0,0,0,0,0,0
MPOR85CNG2XL,0.0,1.0,1,1,0,0,0,0,0,0
MPOR85CNG2XL589,0.0,50.0,50,43,0,7,7,3,3,1
MPOR85CNGLAR,0.0,2.0,2,2,0,0,0,0,0,0
MPOR85CNGLAR589,55.0,10.0,65,51,14,0,14,7,5,2
MPOR85CNGMED,0.0,4.0,4,4,0,0,0,0,0,0
MPOR85CNGMED589,70.0,25.0,95,70,20,5,25,12,10,3
MPOR85CNGXLR,0.0,0.0,0,0,0,0,0,0,0,0
MPOR85CNGXLR589,23.0,45.0,68,58,0,10,10,5,4,1
MPOR85DCN2XL,0.0,1.0,1,1,0,0,0,0,0,0
MPOR85DCNLAR,0.0,0.0,0,0,0,0,0,0,0,0
MPOR85DCNMED,0.0,3.0,3,3,0,0,0,0,0,0
MPOR85DCNXLR,0.0,0.0,0,0,0,0,0,0,0,0
MPOR85GFT2XL589,0.0,51.0,51,44,0,7,7,3,3,1
MPOR85GFTLAR589,74.0,21.0,95,74,20,1,21,10,8,3
MPOR85GFTMED589,76.0,19.0,95,75,20,0,20,9,8,3
MPOR85GFTXLR589,35.0,23.0,58,50,5,3,8,4,3,1
MPOR85IRG2XL,0.0,2.0,2,2,0,0,0,0,0,0
MPOR85IRGLAR,0.0,0.0,0,0,0,0,0,0,0,0
MPOR85IRGMED,0.0,0.0,0,0,0,0,0,0,0,0
MPOR85IRGXLR,0.0,0.0,0,0,0,0,0,0,0,0
MPOR85KHI2XL589,0.0,18.0,18,18,0,0,0,0,0,0
MPOR85KHILAR,0.0,2.0,2,2,0,0,0,0,0,0
MPOR85KHILAR589,45.0,49.0,94,65,15,14,29,14,11,4
MPOR85KHIMED,0.0,1.0,1,1,0,0,0,0,0,0
MPOR85KHIMED589,22.0,43.0,65,56,0,9,9,4,4,1
MPOR85KHIXLR,0.0,2.0,2,2,0,0,0,0,0,0
MPOR85KHIXLR589,47.0,52.0,99,68,17,14,31,15,12,4
MPOR85LTG2XL589,8.0,64.0,72,62,0,10,10,5,4,1
MPOR85LTGLAR,0.0,6.0,6,6,0,0,0,0,0,0
MPOR85LTGLAR589,101.0,141.0,242,155,52,35,87,41,34,12
MPOR85LTGMED,0.0,9.0,9,9,0,0,0,0,0,0
MPOR85LTGMED589,96.0,32.0,128,88,28,12,40,19,16,5
MPOR85LTGXLR,0.0,3.0,3,3,0,0,0,0,0,0
MPOR85LTGXLR589,152.0,19.0,171,134,37,0,37,17,14,6
MPOR85NVY2XL,0.0,0.0,0,0,0,0,0,0,0,0
MPOR85NVY3XL,0.0,0.0,0,0,0,0,0,0,0,0
MPOR85NVYLAR,0.0,43.0,43,37,0,6,6,3,2,1
MPOR85NVYMED,0.0,1.0,1,1,0,0,0,0,0,0
MPOR85NVYXLR,0.0,0.0,0,0,0,0,0,0,0,0
MPOR85NYB2XL,0.0,5.0,5,5,0,0,0,0,0,0
MPOR85NYBLAR,0.0,1.0,1,1,0,0,0,0,0,0
MPOR85NYBMED,0.0,5.0,5,5,0,0,0,0,0,0
MPOR85NYBXLR,0.0,1.0,1,1,0,0,0,0,0,0
MPOR85TRN2XL,0.0,1.0,1,1,0,0,0,0,0,0
MPOR85TRN2XL589,0.0,11.0,11,11,0,0,0,0,0,0
MPOR85TRNLAR,0.0,6.0,6,6,0,0,0,0,0,0
MPOR85TRNLAR589,0.0,68.0,68,58,0,10,10,5,4,1
MPOR85TRNMED,0.0,0.0,0,0,0,0,0,0,0,0
MPOR85TRNMED589,0.0,3.0,3,3,0,0,0,0,0,0
MPOR85TRNXLR,0.0,1.0,1,1,0,0,0,0,0,0
MPOR85TRNXLR589,0.0,0.0,0,0,0,0,0,0,0,0
MPOR85VIOLAR,0.0,0.0,0,0,0,0,0,0,0,0
MPOR85WLG2XL589,16.0,19.0,35,35,0,0,0,0,0,0
MPOR85WLGLAR,0.0,3.0,3,3,0,0,0,0,0,0
MPOR85WLGLAR589,51.0,61.0,112,75,21,16,37,17,14,6
MPOR85WLGMED,0.0,2.0,2,2,0,0,0,0,0,0
MPOR85WLGMED589,0.0,80.0,80,68,0,12,12,6,5,1
MPOR85WLGXLR589,41.0,12.0,53,42,11,0,11,5,4,2
MPOR89BLK2XL,769.0,69.0,838,608,181,49,230,109,89,32
MPOR89BLK2XL725,142.0,91.0,233,149,50,34,84,40,33,11
MPOR89BLK3XL,0.0,11.0,11,11,0,0,0,0,0,0
MPOR89BLK4XL,199.0,160.0,359,230,77,52,129,61,50,18
MPOR89BLK5XL,122.0,115.0,237,152,51,34,85,40,33,12
MPOR89BLKLAR,295.0,42.0,337,242,73,22,95,45,37,13
MPOR89BLKLAR725,176.0,340.0,516,330,112,74,186,88,72,26
MPOR89BLKMED,213.0,37.0,250,179,54,17,71,34,28,9
MPOR89BLKMED725,159.0,286.0,445,285,96,64,160,76,62,22
MPOR89BLKXLR,447.0,25.0,472,365,102,5,107,51,42,14
MPOR89BLKXLR725,87.0,451.0,538,403,57,78,135,64,52,19
MPOR89BOE2XL,0.0,0.0,0,0,0,0,0,0,0,0
MPOR89BOE2XL725,193.0,31.0,224,164,49,11,60,28,23,9
MPOR89BOELAR,0.0,0.0,0,0,0,0,0,0,0,0
MPOR89BOELAR725,381.0,149.0,530,339,115,76,191,90,74,27
MPOR89BOEMED,0.0,1.0,1,1,0,0,0,0,0,0
MPOR89BOEMED725,314.0,63.0,377,252,82,43,125,59,49,17
MPOR89BOEXLR,0.0,1.0,1,1,0,0,0,0,0,0
MPOR89BOEXLR725,353.0,104.0,457,292,99,66,165,78,64,23
MPOR89BTE2XL725,396.0,147.0,543,348,117,78,195,92,76,27
MPOR89BTELAR,0.0,1.0,1,1,0,0,0,0,0,0
MPOR89BTELAR725,1169.0,185.0,1354,897,292,165,457,216,178,63
MPOR89BTEMED,0.0,1.0,1,1,0,0,0,0,0,0
MPOR89BTEMED725,659.0,43.0,702,527,152,23,175,83,68,24
MPOR89BTEXLR,0.0,1.0,1,1,0,0,0,0,0,0
MPOR89BTEXLR725,990.0,91.0,1081,777,233,71,304,144,118,42
MPOR89CNG2XL,0.0,2.0,2,2,0,0,0,0,0,0
MPOR89CNG3XL,0.0,1.0,1,1,0,0,0,0,0,0
MPOR89CNG4XL,0.0,1.0,1,1,0,0,0,0,0,0
MPOR89CNG5XL,0.0,1.0,1,1,0,0,0,0,0,0
MPOR89CNGLAR,0.0,0.0,0,0,0,0,0,0,0,0
MPOR89CNGMED,0.0,331.0,331,283,0,48,48,23,19,6
MPOR89CNGXLR,0.0,0.0,0,0,0,0,0,0,0,0
MPOR89GFT3XL,0.0,43.0,43,37,0,6,6,3,2,1
MPOR89GFT4XL,0.0,137.0,137,117,0,20,20,9,8,3
MPOR89GFT5XL,0.0,107.0,107,91,0,16,16,8,6,2
MPOR89IRG2XL,0.0,1.0,1,1,0,0,0,0,0,0
MPOR89IRG2XL725,286.0,116.0,402,257,87,58,145,68,56,21
MPOR89IRGLAR,3.0,12.0,15,15,0,0,0,0,0,0
MPOR89IRGLAR725,1111.0,25.0,1136,886,245,5,250,118,97,35
MPOR89IRGMED,20.0,11.0,31,31,0,0,0,0,0,0
MPOR89IRGMED725,742.0,64.0,806,588,174,44,218,103,85,30
MPOR89IRGXLR,0.0,0.0,0,0,0,0,0,0,0,0
MPOR89IRGXLR725,838.0,19.0,857,672,185,0,185,87,72,26
MPOR89KHI2XL,0.0,3.0,3,3,0,0,0,0,0,0
MPOR89KHI2XL725,113.0,47.0,160,102,35,23,58,27,23,8
MPOR89KHI3XL,0.0,38.0,38,32,0,6,6,3,2,1
MPOR89KHI4XL,20.0,47.0,67,57,0,10,10,5,4,1
MPOR89KHI5XL,9.0,52.0,61,52,0,9,9,4,4,1
MPOR89KHILAR,23.0,18.0,41,41,0,0,0,0,0,0
MPOR89KHILAR725,292.0,155.0,447,286,97,64,161,76,63,22
MPOR89KHIMED,0.0,1.0,1,1,0,0,0,0,0,0
MPOR89KHIMED725,283.0,62.0,345,229,74,42,116,55,45,16
MPOR89KHIXLR,0.0,6.0,6,6,0,0,0,0,0,0
MPOR89KHIXLR725,278.0,118.0,396,253,86,57,143,68,56,19
MPOR89LTG2XL,35.0,11.0,46,41,5,0,5,2,2,1
MPOR89LTG2XL725,182.0,57.0,239,153,52,34,86,41,33,12
MPOR89LTG3XL,0.0,0.0,0,0,0,0,0,0,0,0
MPOR89LTG4XL,0.0,21.0,21,20,0,1,1,0,0,1
MPOR89LTG5XL,0.0,0.0,0,0,0,0,0,0,0,0
MPOR89LTGLAR,55.0,18.0,73,57,16,0,16,8,6,2
MPOR89LTGLAR725,339.0,181.0,520,333,112,75,187,88,73,26
MPOR89LTGMED,28.0,16.0,44,44,0,0,0,0,0,0
MPOR89LTGMED725,237.0,99.0,336,215,73,48,121,57,47,17
MPOR89LTGXLR,145.0,33.0,178,127,38,13,51,24,20,7
MPOR89LTGXLR725,265.0,134.0,399,255,86,58,144,68,56,20
MPOR89LTNLAR,0.0,0.0,0,0,0,0,0,0,0,0
MPOR89LTNMED,0.0,78.0,78,67,0,11,11,5,4,2
MPOR89LTNXLR,0.0,0.0,0,0,0,0,0,0,0,0
MPOR89NVY2XL,0.0,0.0,0,0,0,0,0,0,0,0
MPOR89NVY5XL,0.0,0.0,0,0,0,0,0,0,0,0
MPOR89NVYLAR,0.0,0.0,0,0,0,0,0,0,0,0
MPOR89NVYMED,0.0,1.0,1,1,0,0,0,0,0,0
MPOR89NVYXLR,0.0,0.0,0,0,0,0,0,0,0,0
MPOR89NYB2XL,8.0,17.0,25,25,0,0,0,0,0,0
MPOR89NYB2XL725,368.0,186.0,554,355,119,80,199,94,77,28
MPOR89NYB3XL,0.0,53.0,53,45,0,8,8,4,3,1
MPOR89NYB4XL,0.0,56.0,56,48,0,8,8,4,3,1
MPOR89NYB5XL,0.0,50.0,50,43,0,7,7,3,3,1
MPOR89NYBLAR,45.0,28.0,73,50,15,8,23,11,9,3
MPOR89NYBLAR725,1694.0,91.0,1785,1328,386,71,457,216,178,63
MPOR89NYBMED,5.0,24.0,29,25,0,4,4,2,2,0
MPOR89NYBMED725,1149.0,135.0,1284,892,277,115,392,185,152,55
MPOR89NYBSML725,376.0,118.0,494,316,107,71,178,84,69,25
MPOR89NYBXLR,78.0,22.0,100,76,22,2,24,11,9,4
MPOR89NYBXLR725,1115.0,147.0,1262,863,272,127,399,188,155,56
MPOR89SKO2XL,371.0,161.0,532,340,115,77,192,91,75,26
MPOR89SKOLAR,560.0,164.0,724,463,157,104,261,123,102,36
MPOR89SKOMED,404.0,127.0,531,340,115,76,191,90,74,27
MPOR89SKOXLR,504.0,194.0,698,447,151,100,251,119,98,34
MPOR89TRN2XL,0.0,0.0,0,0,0,0,0,0,0,0
MPOR89TRN3XL,0.0,1.0,1,1,0,0,0,0,0,0
MPOR89TRN4XL,0.0,1.0,1,1,0,0,0,0,0,0
MPOR89TRN5XL,0.0,5.0,5,5,0,0,0,0,0,0
MPOR89TRNLAR,0.0,7.0,7,7,0,0,0,0,0,0
MPOR89TRNMED,0.0,80.0,80,68,0,12,12,6,5,1
MPOR89TRNXLR,0.0,0.0,0,0,0,0,0,0,0,0
MPOR89VIO3XL,0.0,0.0,0,0,0,0,0,0,0,0
MPOR89VIO4XL,0.0,0.0,0,0,0,0,0,0,0,0
MPOR89VIO5XL,0.0,3.0,3,3,0,0,0,0,0,0
MPOR89WLG2XL,358.0,155.0,513,328,111,74,185,87,72,26
MPOR89WLG4XL,0.0,0.0,0,0,0,0,0,0,0,0
MPOR89WLG5XL,0.0,0.0,0,0,0,0,0,0,0,0
MPOR89WLGLAR,616.0,30.0,646,496,140,10,150,71,58,21
MPOR89WLGMED,270.0,142.0,412,264,89,59,148,70,58,20
MPOR89WLGXLR,410.0,161.0,571,365,124,82,206,97,80,29
MPOR95BLD2XL,0.0,0.0,0,0,0,0,0,0,0,0
MPOR95BLD3XL,0.0,57.0,57,49,0,8,8,4,3,1
MPOR95BLDLAR,0.0,0.0,0,0,0,0,0,0,0,0
MPOR95BLG2XL,0.0,4.0,4,4,0,0,0,0,0,0
MPOR95BLGLAR,0.0,1.0,1,1,0,0,0,0,0,0
MPOR95BLGMED,0.0,2.0,2,2,0,0,0,0,0,0
MPOR95BLGXLR,0.0,5.0,5,5,0,0,0,0,0,0
MPOR95BLK2XL,0.0,1.0,1,1,0,0,0,0,0,0
MPOR95BLK2XL002,0.0,2.0,2,2,0,0,0,0,0,0
MPOR95BLKLAR,0.0,0.0,0,0,0,0,0,0,0,0
MPOR95BLKMED002,0.0,0.0,0,0,0,0,0,0,0,0
MPOR95BLL2XL,0.0,1.0,1,1,0,0,0,0,0,0
MPOR95BLSMED,0.0,0.0,0,0,0,0,0,0,0,0
MPOR95BTE2XL002,25.0,16.0,41,41,0,0,0,0,0,0
MPOR95BTELAR002,0.0,7.0,7,7,0,0,0,0,0,0
MPOR95BTEMED002,70.0,14.0,84,66,18,0,18,8,7,3
MPOR95BTEXLR002,0.0,7.0,7,7,0,0,0,0,0,0
MPOR95NVY2XL002,0.0,3.0,3,3,0,0,0,0,0,0
MPOR95NVY3XL,0.0,1.0,1,1,0,0,0,0,0,0
MPOR95NVYLAR002,0.0,2.0,2,2,0,0,0,0,0,0
MPOR95NVYMED,0.0,1.0,1,1,0,0,0,0,0,0
MPOR95NVYMED002,0.0,3.0,3,3,0,0,0,0,0,0
MPOR95NVYXLR,0.0,0.0,0,0,0,0,0,0,0,0
MPOR99BLK2XL,0.0,0.0,0,0,0,0,0,0,0,0
MPOR99BLK2XL729,246.0,132.0,378,242,82,54,136,64,53,19
MPOR99BLK3XL799,167.0,320.0,487,312,105,70,175,83,68,24
MPOR99BLK4XL799,225.0,130.0,355,227,77,51,128,60,50,18
MPOR99BLK5XL799,25.0,175.0,200,171,0,29,29,14,11,4
MPOR99BLKLAR,0.0,0.0,0,0,0,0,0,0,0,0
MPOR99BLKLAR729,632.0,164.0,796,509,172,115,287,136,112,39
MPOR99BLKMED,0.0,1.0,1,1,0,0,0,0,0,0
MPOR99BLKMED729,458.0,70.0,528,364,114,50,164,77,64,23
MPOR99BLKSML,0.0,0.0,0,0,0,0,0,0,0,0
MPOR99BLKXLR,20.0,11.0,31,31,0,0,0,0,0,0
MPOR99BLKXLR729,354.0,126.0,480,307,104,69,173,82,67,24
MPOR99BOELAR,0.0,0.0,0,0,0,0,0,0,0,0
MPOR99BOEMED,0.0,0.0,0,0,0,0,0,0,0,0
MPOR99BOEXLR,0.0,0.0,0,0,0,0,0,0,0,0
MPOR99BTE2XL,0.0,1.0,1,1,0,0,0,0,0,0
MPOR99BTE2XL729,106.0,40.0,146,94,32,20,52,25,20,7
MPOR99BTE3XL,0.0,0.0,0,0,0,0,0,0,0,0
MPOR99BTELAR,0.0,1.0,1,1,0,0,0,0,0,0
MPOR99BTELAR729,183.0,61.0,244,156,53,35,88,42,34,12
MPOR99BTEMED,0.0,2.0,2,2,0,0,0,0,0,0
MPOR99BTEMED729,340.0,94.0,434,278,94,62,156,74,61,21
MPOR99BTEXLR,0.0,1.0,1,1,0,0,0,0,0,0
MPOR99BTEXLR729,147.0,44.0,191,126,41,24,65,31,25,9
MPOR99CNGLAR,0.0,0.0,0,0,0,0,0,0,0,0
MPOR99CNGMED,0.0,0.0,0,0,0,0,0,0,0,0
MPOR99CNGXLR,0.0,0.0,0,0,0,0,0,0,0,0
MPOR99DCN2XL,0.0,1.0,1,1,0,0,0,0,0,0
MPOR99DCNMED,0.0,0.0,0,0,0,0,0,0,0,0
MPOR99GFT2XL,0.0,0.0,0,0,0,0,0,0,0,0
MPOR99GFT3XL799,0.0,193.0,193,165,0,28,28,13,11,4
MPOR99GFT4XL799,0.0,114.0,114,98,0,16,16,8,6,2
MPOR99GFT5XL799,0.0,86.0,86,74,0,12,12,6,5,1
MPOR99GFTLAR,0.0,4.0,4,4,0,0,0,0,0,0
MPOR99GFTMED,0.0,9.0,9,9,0,0,0,0,0,0
MPOR99GFTXLR,0.0,0.0,0,0,0,0,0,0,0,0
MPOR99IRG2XL,0.0,0.0,0,0,0,0,0,0,0,0
MPOR99IRG2XL729,213.0,33.0,246,180,53,13,66,31,26,9
MPOR99IRGLAR,0.0,0.0,0,0,0,0,0,0,0,0
MPOR99IRGLAR729,451.0,160.0,611,391,132,88,220,104,86,30
MPOR99IRGMED,0.0,0.0,0,0,0,0,0,0,0,0
MPOR99IRGMED729,75.0,33.0,108,72,23,13,36,17,14,5
MPOR99IRGSML,0.0,7.0,7,7,0,0,0,0,0,0
MPOR99IRGXLR,0.0,0.0,0,0,0,0,0,0,0,0
MPOR99IRGXLR729,232.0,47.0,279,192,60,27,87,41,34,12
MPOR99KHI2XL,0.0,1.0,1,1,0,0,0,0,0,0
MPOR99KHI2XL729,0.0,4.0,4,4,0,0,0,0,0,0
MPOR99KHI3XL799,0.0,184.0,184,158,0,26,26,12,10,4
MPOR99KHI4XL799,0.0,106.0,106,91,0,15,15,7,6,2
MPOR99KHI5XL799,0.0,80.0,80,68,0,12,12,6,5,1
MPOR99KHILAR,0.0,1.0,1,1,0,0,0,0,0,0
MPOR99KHILAR729,236.0,52.0,288,194,62,32,94,44,37,13
MPOR99KHIMED,0.0,3.0,3,3,0,0,0,0,0,0
MPOR99KHIMED729,133.0,51.0,184,118,40,26,66,31,26,9
MPOR99KHIXLR,0.0,0.0,0,0,0,0,0,0,0,0
MPOR99KHIXLR729,0.0,6.0,6,6,0,0,0,0,0,0
MPOR99LRGXLR,0.0,1.0,1,1,0,0,0,0,0,0
MPOR99LTG2XL,0.0,2.0,2,2,0,0,0,0,0,0
MPOR99LTGLAR,0.0,0.0,0,0,0,0,0,0,0,0
MPOR99LTGMED,0.0,0.0,0,0,0,0,0,0,0,0
MPOR99LTGXLR,0.0,0.0,0,0,0,0,0,0,0,0
MPOR99LTN2XL,0.0,0.0,0,0,0,0,0,0,0,0
MPOR99NVY3XL799,0.0,175.0,175,150,0,25,25,12,10,3
MPOR99NVY4XL799,0.0,106.0,106,91,0,15,15,7,6,2
MPOR99NVY5XL799,0.0,78.0,78,67,0,11,11,5,4,2
MPOR99NVYLAR,0.0,0.0,0,0,0,0,0,0,0,0
MPOR99NVYXLR,0.0,1.0,1,1,0,0,0,0,0,0
MPOR99NYB2XL,0.0,2.0,2,2,0,0,0,0,0,0
MPOR99NYB2XL729,63.0,10.0,73,57,16,0,16,8,6,2
MPOR99NYBLAR,0.0,0.0,0,0,0,0,0,0,0,0
MPOR99NYBLAR729,35.0,33.0,68,53,5,10,15,7,6,2
MPOR99NYBMED,0.0,0.0,0,0,0,0,0,0,0,0
MPOR99NYBMED729,38.0,21.0,59,50,8,1,9,4,4,1
MPOR99NYBXLR,13.0,11.0,24,24,0,0,0,0,0,0
MPOR99NYBXLR729,163.0,23.0,186,143,40,3,43,20,17,6
MPOR99OGY2XL729,2.0,82.0,84,72,0,12,12,6,5,1
MPOR99OGYLAR729,73.0,42.0,115,74,25,16,41,19,16,6
MPOR99OGYMED,0.0,1.0,1,1,0,0,0,0,0,0
MPOR99OGYMED729,21.0,28.0,49,42,0,7,7,3,3,1
MPOR99OGYXLR729,114.0,57.0,171,109,37,25,62,29,24,9
MPOR99SKO2XL,0.0,1.0,1,1,0,0,0,0,0,0
MPOR99SKOLAR,0.0,0.0,0,0,0,0,0,0,0,0
MPOR99SKOMED,0.0,0.0,0,0,0,0,0,0,0,0
MPOR99SKOXLR,0.0,0.0,0,0,0,0,0,0,0,0
MPOR99TRN2XL,0.0,2.0,2,2,0,0,0,0,0,0
MPOR99TRNLAR,0.0,0.0,0,0,0,0,0,0,0,0
MPOR99TRNMED,0.0,1.0,1,1,0,0,0,0,0,0
MPOR99TRNSML,0.0,13.0,13,13,0,0,0,0,0,0
MPOR99TRNXLR,0.0,0.0,0,0,0,0,0,0,0,0
MPOR99VIO2XL,0.0,2.0,2,2,0,0,0,0,0,0
MPOR99VIOLAR,0.0,0.0,0,0,0,0,0,0,0,0
MPOR99VIOMED,0.0,15.0,15,15,0,0,0,0,0,0
MPOR99VIOSML,0.0,5.0,5,5,0,0,0,0,0,0
MPOR99VIOXLR,0.0,0.0,0,0,0,0,0,0,0,0
MPOR99WLG2XL,0.0,3.0,3,3,0,0,0,0,0,0
MPOR99WLG3XL799,0.0,186.0,186,159,0,27,27,13,10,4
MPOR99WLG4XL799,0.0,108.0,108,92,0,16,16,8,6,2
MPOR99WLG5XL799,0.0,80.0,80,68,0,12,12,6,5,1
MPOR99WLGLAR,0.0,0.0,0,0,0,0,0,0,0,0
MPOR99WLGMED,0.0,0.0,0,0,0,0,0,0,0,0
MPOR99WLGXLR,0.0,16.0,16,16,0,0,0,0,0,0
MPP533DMMMED,0.0,1.0,1,1,0,0,0,0,0,0
MPP590BLGLAR,0.0,1.0,1,1,0,0,0,0,0,0
MPP590BLGLAR699,0.0,3.0,3,3,0,0,0,0,0,0
MPP590BLGMED,0.0,15.0,15,15,0,0,0,0,0,0
MPP590BLGMED699,0.0,19.0,19,19,0,0,0,0,0,0
MPP590BLGXLR699,0.0,0.0,0,0,0,0,0,0,0,0
MPP590BLK2XL,8.0,12.0,20,20,0,0,0,0,0,0
MPP590BLKLAR,0.0,1.0,1,1,0,0,0,0,0,0
MPP590BLKMED,0.0,5.0,5,5,0,0,0,0,0,0
MPP590BLKXLR,0.0,1.0,1,1,0,0,0,0,0,0
MPP590BOE2XL,0.0,1.0,1,1,0,0,0,0,0,0
MPP590BOELAR,0.0,0.0,0,0,0,0,0,0,0,0
MPP590BOELAR699,0.0,1.0,1,1,0,0,0,0,0,0
MPP590BOEMED,0.0,0.0,0,0,0,0,0,0,0,0
MPP590BOEMED699,0.0,1.0,1,1,0,0,0,0,0,0
MPP590BOEXLR,0.0,0.0,0,0,0,0,0,0,0,0
MPP590BSO2XL,0.0,1.0,1,1,0,0,0,0,0,0
MPP590BSOLAR,0.0,1.0,1,1,0,0,0,0,0,0
MPP590BSOMED,0.0,2.0,2,2,0,0,0,0,0,0
MPP590BTELAR,0.0,2.0,2,2,0,0,0,0,0,0
MPP590BTEMED,31.0,11.0,42,41,1,0,1,0,0,1
MPP590BTEXLR,0.0,2.0,2,2,0,0,0,0,0,0
MPP590BTG2XL,0.0,2.0,2,2,0,0,0,0,0,0
MPP590BTGLAR,0.0,0.0,0,0,0,0,0,0,0,0
MPP590BTGMED,0.0,1.0,1,1,0,0,0,0,0,0
MPP590BTGXLR,0.0,1.0,1,1,0,0,0,0,0,0
MPP590BWG2XL,0.0,2.0,2,2,0,0,0,0,0,0
MPP590BWGLAR,27.0,16.0,43,43,0,0,0,0,0,0
MPP590BWGLAR699,2.0,10.0,12,12,0,0,0,0,0,0
MPP590BWGMED,51.0,23.0,74,55,16,3,19,9,7,3
MPP590BWGMED699,15.0,10.0,25,25,0,0,0,0,0,0
MPP590CGY2XL,0.0,1.0,1,1,0,0,0,0,0,0
MPP590CNGLAR,0.0,7.0,7,7,0,0,0,0,0,0
MPP590CNGLAR699,0.0,0.0,0,0,0,0,0,0,0,0
MPP590CNGMED,0.0,19.0,19,19,0,0,0,0,0,0
MPP590CNGMED699,0.0,28.0,28,24,0,4,4,2,2,0
MPP590CNGXLR,0.0,1.0,1,1,0,0,0,0,0,0
MPP590DCN2XL,0.0,4.0,4,4,0,0,0,0,0,0
MPP590DCNLAR,0.0,0.0,0,0,0,0,0,0,0,0
MPP590DCNMED,0.0,63.0,63,54,0,9,9,4,4,1
MPP590DCNXLR,0.0,0.0,0,0,0,0,0,0,0,0
MPP590HTG2XL,0.0,0.0,0,0,0,0,0,0,0,0
MPP590IRG2XL,0.0,2.0,2,2,0,0,0,0,0,0
MPP590IRGLAR,0.0,4.0,4,4,0,0,0,0,0,0
MPP590IRGMED,58.0,34.0,92,59,20,13,33,16,13,4
MPP590KHIXLR,0.0,3.0,3,3,0,0,0,0,0,0
MPP590LTG2XL,0.0,0.0,0,0,0,0,0,0,0,0
MPP590LTGLAR,0.0,3.0,3,3,0,0,0,0,0,0
MPP590LTGLAR699,0.0,0.0,0,0,0,0,0,0,0,0
MPP590LTGMED,0.0,10.0,10,10,0,0,0,0,0,0
MPP590LTGMED699,0.0,5.0,5,5,0,0,0,0,0,0
MPP590LTGXLR,0.0,0.0,0,0,0,0,0,0,0,0
MPP590NVY2XL,0.0,3.0,3,3,0,0,0,0,0,0
MPP590NVYLAR,0.0,0.0,0,0,0,0,0,0,0,0
MPP590NVYMED,0.0,102.0,102,87,0,15,15,7,6,2
MPP590NVYXLR,0.0,0.0,0,0,0,0,0,0,0,0
MPP590NYB2XL,0.0,1.0,1,1,0,0,0,0,0,0
MPP590NYBLAR,0.0,2.0,2,2,0,0,0,0,0,0
MPP590NYBLAR699,0.0,15.0,15,15,0,0,0,0,0,0
MPP590NYBMED,0.0,0.0,0,0,0,0,0,0,0,0
MPP590NYBMED699,4.0,16.0,20,20,0,0,0,0,0,0
MPP590NYBXLR,0.0,1.0,1,1,0,0,0,0,0,0
MPP590NYBXLR699,0.0,1.0,1,1,0,0,0,0,0,0
MPP590SKO2XL,0.0,0.0,0,0,0,0,0,0,0,0
MPP590SKOLAR,0.0,0.0,0,0,0,0,0,0,0,0
MPP590SKOLAR699,0.0,2.0,2,2,0,0,0,0,0,0
MPP590SKOMED,0.0,19.0,19,19,0,0,0,0,0,0
MPP590SKOMED699,0.0,27.0,27,23,0,4,4,2,2,0
MPP590SKOXLR,0.0,0.0,0,0,0,0,0,0,0,0
MPP590TRN2XL,0.0,2.0,2,2,0,0,0,0,0,0
MPP590TRNLAR,0.0,1.0,1,1,0,0,0,0,0,0
MPP590TRNMED,0.0,7.0,7,7,0,0,0,0,0,0
MPP590TRNXLR,0.0,0.0,0,0,0,0,0,0,0,0
MPP590VIO2XL,25.0,10.0,35,35,0,0,0,0,0,0
MPP590VIOLAR,0.0,2.0,2,2,0,0,0,0,0,0
MPP590VIOMED,0.0,2.0,2,2,0,0,0,0,0,0
MPP590VIOXLR,0.0,1.0,1,1,0,0,0,0,0,0
MPP590WLG2XL,0.0,5.0,5,5,0,0,0,0,0,0
MPP590WLGLAR,0.0,5.0,5,5,0,0,0,0,0,0
MPP590WLGLAR699,0.0,14.0,14,14,0,0,0,0,0,0
MPP590WLGMED,0.0,18.0,18,18,0,0,0,0,0,0
MPP590WLGMED699,21.0,14.0,35,35,0,0,0,0,0,0
MPP590WLGXLR,0.0,3.0,3,3,0,0,0,0,0,0
MPP604CNGMED,0.0,0.0,0,0,0,0,0,0,0,0
MPP636HTMMED,0.0,1.0,1,1,0,0,0,0,0,0
MPP643LTGLAR,0.0,0.0,0,0,0,0,0,0,0,0
MPP644ASHLAR,0.0,3.0,3,3,0,0,0,0,0,0
MPP644ASHMED,0.0,4.0,4,4,0,0,0,0,0,0
MPP644BLK2XL,0.0,1.0,1,1,0,0,0,0,0,0
MPP644BLKMED,0.0,0.0,0,0,0,0,0,0,0,0
MPP644CNG2XL,0.0,4.0,4,4,0,0,0,0,0,0
MPP644CNGLAR,0.0,3.0,3,3,0,0,0,0,0,0
MPP644CNGMED,0.0,0.0,0,0,0,0,0,0,0,0
MPP644IRGMED,0.0,0.0,0,0,0,0,0,0,0,0
MPP663BTELAR,0.0,0.0,0,0,0,0,0,0,0,0
MPP663DCN2XL,0.0,0.0,0,0,0,0,0,0,0,0
MPP663LTNLAR,0.0,1.0,1,1,0,0,0,0,0,0
MPP663NVY2XL,0.0,0.0,0,0,0,0,0,0,0,0
MPP664ASH2XL,0.0,0.0,0,0,0,0,0,0,0,0
MPP664ASHLAR,0.0,0.0,0,0,0,0,0,0,0,0
MPP664ASHMED,0.0,0.0,0,0,0,0,0,0,0,0
MPP664ASHXLR,0.0,1.0,1,1,0,0,0,0,0,0
MPP664BLK2XL,0.0,0.0,0,0,0,0,0,0,0,0
MPP664BLK2XL739,169.0,81.0,250,160,54,36,90,42,35,13
MPP664BLKLAR,0.0,1.0,1,1,0,0,0,0,0,0
MPP664BLKLAR739,336.0,341.0,677,433,146,98,244,115,95,34
MPP664BLKMED,3.0,14.0,17,17,0,0,0,0,0,0
MPP664BLKMED739,328.0,122.0,450,288,97,65,162,76,63,23
MPP664BLKXLR,0.0,2.0,2,2,0,0,0,0,0,0
MPP664BLKXLR739,377.0,188.0,565,362,122,81,203,96,79,28
MPP664CHA2XL739,30.0,48.0,78,67,0,11,11,5,4,2
MPP664CHALAR739,156.0,118.0,274,175,59,40,99,47,38,14
MPP664CHAMED739,66.0,137.0,203,138,36,29,65,31,25,9
MPP664CHAXLR739,112.0,99.0,211,135,46,30,76,36,30,10
MPP664DCN2XL739,34.0,35.0,69,55,4,10,14,7,5,2
MPP664DCNLAR739,133.0,118.0,251,161,54,36,90,42,35,13
MPP664DCNMED739,110.0,82.0,192,123,41,28,69,33,27,9
MPP664DCNXLR739,89.0,99.0,188,120,41,27,68,32,26,10
MPP664HTGXLR,0.0,0.0,0,0,0,0,0,0,0,0
MPP664IRG2XL739,13.0,43.0,56,48,0,8,8,4,3,1
MPP664IRGLAR739,113.0,109.0,222,142,48,32,80,38,31,11
MPP664IRGMED739,91.0,84.0,175,112,38,25,63,30,24,9
MPP664IRGXLR739,88.0,75.0,163,104,35,24,59,28,23,8
MPP664KHI2XL739,0.0,31.0,31,27,0,4,4,2,2,0
MPP664KHILAR739,74.0,100.0,174,111,38,25,63,30,24,9
MPP664KHIMED739,56.0,76.0,132,87,26,19,45,21,18,6
MPP664KHIXLR739,77.0,35.0,112,73,24,15,39,18,15,6
MPP664LRG2XL,0.0,0.0,0,0,0,0,0,0,0,0
MPP664LRGMED,0.0,0.0,0,0,0,0,0,0,0,0
MPP664LTG2XL,0.0,1.0,1,1,0,0,0,0,0,0
MPP664LTG2XL739,0.0,35.0,35,30,0,5,5,2,2,1
MPP664LTGLAR739,70.0,95.0,165,106,35,24,59,28,23,8
MPP664LTGMED739,62.0,73.0,135,86,29,20,49,23,19,7
MPP664LTGXLR739,30.0,74.0,104,89,0,15,15,7,6,2
MPP664NVYMED,0.0,1.0,1,1,0,0,0,0,0,0
MPP664NYB2XL,0.0,0.0,0,0,0,0,0,0,0,0
MPP664NYB2XL739,45.0,14.0,59,46,13,0,13,6,5,2
MPP664NYBLAR,17.0,14.0,31,31,0,0,0,0,0,0
MPP664NYBLAR739,154.0,94.0,248,159,53,36,89,42,35,12
MPP664NYBMED,1.0,13.0,14,14,0,0,0,0,0,0
MPP664NYBMED739,68.0,96.0,164,105,35,24,59,28,23,8
MPP664NYBXLR,2.0,11.0,13,13,0,0,0,0,0,0
MPP664NYBXLR739,96.0,99.0,195,125,42,28,70,33,27,10
MPP664PDB2XL,0.0,3.0,3,3,0,0,0,0,0,0
MPP664PDBLAR,0.0,0.0,0,0,0,0,0,0,0,0
MPP664PDBMED,22.0,10.0,32,32,0,0,0,0,0,0
MPP664PDBXLR,25.0,10.0,35,35,0,0,0,0,0,0
MPP675BLK2XL,1.0,11.0,12,12,0,0,0,0,0,0
MPP675BLK3XL,0.0,1.0,1,1,0,0,0,0,0,0
MPP675BLK3XL899,0.0,0.0,0,0,0,0,0,0,0,0
MPP675BLK4XL899,0.0,0.0,0,0,0,0,0,0,0,0
MPP675BLK5XL,0.0,1.0,1,1,0,0,0,0,0,0
MPP675BLK5XL899,0.0,6.0,6,6,0,0,0,0,0,0
MPP675BLKLAR,146.0,24.0,170,129,37,4,41,19,16,6
MPP675BLKMED,13.0,12.0,25,25,0,0,0,0,0,0
MPP675BLKXLR,0.0,0.0,0,0,0,0,0,0,0,0
MPP675BOE2XL,0.0,1.0,1,1,0,0,0,0,0,0
MPP675BOE5XL,0.0,0.0,0,0,0,0,0,0,0,0
MPP675BOELAR,0.0,3.0,3,3,0,0,0,0,0,0
MPP675BOEMED,0.0,41.0,41,35,0,6,6,3,2,1
MPP675BOEXLR,0.0,0.0,0,0,0,0,0,0,0,0
MPP675BTE2XL,0.0,12.0,12,12,0,0,0,0,0,0
MPP675BTELAR,0.0,11.0,11,11,0,0,0,0,0,0
MPP675BTEMED,0.0,17.0,17,17,0,0,0,0,0,0
MPP675BTEXLR,0.0,0.0,0,0,0,0,0,0,0,0
MPP675CNG2XL,0.0,1.0,1,1,0,0,0,0,0,0
MPP675CNG2XL829,16.0,127.0,143,123,0,20,20,9,8,3
MPP675CNG3XL,0.0,0.0,0,0,0,0,0,0,0,0
MPP675CNG4XL,0.0,3.0,3,3,0,0,0,0,0,0
MPP675CNGLAR,0.0,1.0,1,1,0,0,0,0,0,0
MPP675CNGLAR829,13.0,510.0,523,448,0,75,75,35,29,11
MPP675CNGMED,19.0,10.0,29,29,0,0,0,0,0,0
MPP675CNGMED829,67.0,327.0,394,300,37,57,94,44,37,13
MPP675CNGXLR,0.0,1.0,1,1,0,0,0,0,0,0
MPP675CNGXLR829,0.0,373.0,373,319,0,54,54,26,21,7
MPP675GFT3XL899,0.0,70.0,70,60,0,10,10,5,4,1
MPP675GFT4XL899,0.0,41.0,41,35,0,6,6,3,2,1
MPP675GFT5XL899,0.0,40.0,40,34,0,6,6,3,2,1
MPP675HTG2XL,0.0,1.0,1,1,0,0,0,0,0,0
MPP675IRG2XL,0.0,1.0,1,1,0,0,0,0,0,0
MPP675IRG3XL,0.0,0.0,0,0,0,0,0,0,0,0
MPP675IRG4XL,0.0,1.0,1,1,0,0,0,0,0,0
MPP675IRG5XL,0.0,0.0,0,0,0,0,0,0,0,0
MPP675IRGLAR,0.0,0.0,0,0,0,0,0,0,0,0
MPP675IRGMED,0.0,0.0,0,0,0,0,0,0,0,0
MPP675KHI2XL,0.0,0.0,0,0,0,0,0,0,0,0
MPP675KHI3XL,0.0,0.0,0,0,0,0,0,0,0,0
MPP675KHI3XL899,0.0,2.0,2,2,0,0,0,0,0,0
MPP675KHI4XL,0.0,0.0,0,0,0,0,0,0,0,0
MPP675KHI4XL899,0.0,9.0,9,9,0,0,0,0,0,0
MPP675KHI5XL,0.0,1.0,1,1,0,0,0,0,0,0
MPP675KHI5XL899,0.0,4.0,4,4,0,0,0,0,0,0
MPP675KHILAR,0.0,0.0,0,0,0,0,0,0,0,0
MPP675KHIMED,0.0,13.0,13,13,0,0,0,0,0,0
MPP675KHIXLR,0.0,21.0,21,20,0,1,1,0,0,1
MPP675LTG2XL,0.0,22.0,22,20,0,2,2,1,1,0
MPP675LTG3XL899,0.0,5.0,5,5,0,0,0,0,0,0
MPP675LTG4XL,0.0,2.0,2,2,0,0,0,0,0,0
MPP675LTG5XL,0.0,25.0,25,21,0,4,4,2,2,0
MPP675LTGLAR,0.0,0.0,0,0,0,0,0,0,0,0
MPP675LTGMED,0.0,12.0,12,12,0,0,0,0,0,0
MPP675LTGXLR,0.0,0.0,0,0,0,0,0,0,0,0
MPP675LTN2XL,0.0,2.0,2,2,0,0,0,0,0,0
MPP675LTNLAR,0.0,9.0,9,9,0,0,0,0,0,0
MPP675LTNXLR,0.0,1.0,1,1,0,0,0,0,0,0
MPP675NVY2XL,0.0,0.0,0,0,0,0,0,0,0,0
MPP675NVYLAR,0.0,11.0,11,11,0,0,0,0,0,0
MPP675NVYMED,0.0,0.0,0,0,0,0,0,0,0,0
MPP675NVYXLR,0.0,1.0,1,1,0,0,0,0,0,0
MPP675NYB2XL,0.0,0.0,0,0,0,0,0,0,0,0
MPP675NYB2XL829,0.0,169.0,169,145,0,24,24,11,9,4
MPP675NYB3XL,0.0,5.0,5,5,0,0,0,0,0,0
MPP675NYB4XL,0.0,0.0,0,0,0,0,0,0,0,0
MPP675NYB5XL,0.0,0.0,0,0,0,0,0,0,0,0
MPP675NYBLAR,0.0,0.0,0,0,0,0,0,0,0,0
MPP675NYBLAR829,0.0,553.0,553,473,0,80,80,38,31,11
MPP675NYBMED,0.0,0.0,0,0,0,0,0,0,0,0
MPP675NYBMED829,0.0,375.0,375,321,0,54,54,26,21,7
MPP675NYBXLR,0.0,0.0,0,0,0,0,0,0,0,0
MPP675NYBXLR829,0.0,375.0,375,321,0,54,54,26,21,7
MPP675SKO2XL,0.0,18.0,18,18,0,0,0,0,0,0
MPP675SKOLAR,0.0,6.0,6,6,0,0,0,0,0,0
MPP675SKOMED,0.0,7.0,7,7,0,0,0,0,0,0
MPP675SKOXLR,0.0,14.0,14,14,0,0,0,0,0,0
MPP675TRN2XL,0.0,6.0,6,6,0,0,0,0,0,0
MPP675TRN3XL,0.0,1.0,1,1,0,0,0,0,0,0
MPP675TRN4XL,0.0,0.0,0,0,0,0,0,0,0,0
MPP675TRNLAR,0.0,16.0,16,16,0,0,0,0,0,0
MPP675TRNMED,0.0,51.0,51,44,0,7,7,3,3,1
MPP675TRNXLR,0.0,18.0,18,18,0,0,0,0,0,0
MPP675VIO2XL,21.0,10.0,31,31,0,0,0,0,0,0
MPP675VIOLAR,2.0,10.0,12,12,0,0,0,0,0,0
MPP675VIOMED,0.0,20.0,20,20,0,0,0,0,0,0
MPP675VIOXLR,17.0,11.0,28,28,0,0,0,0,0,0
MPP675WLG2XL,0.0,0.0,0,0,0,0,0,0,0,0
MPP675WLG3XL,0.0,2.0,2,2,0,0,0,0,0,0
MPP675WLG4XL,0.0,0.0,0,0,0,0,0,0,0,0
MPP675WLG5XL,0.0,0.0,0,0,0,0,0,0,0,0
MPP675WLGLAR,0.0,1.0,1,1,0,0,0,0,0,0
MPP675WLGMED,0.0,0.0,0,0,0,0,0,0,0,0
MPP675WLGXLR,0.0,0.0,0,0,0,0,0,0,0,0
MPP676BLK2XL,0.0,1.0,1,1,0,0,0,0,0,0
MPP676BLKLAR,0.0,35.0,35,30,0,5,5,2,2,1
MPP676BLKMED,0.0,0.0,0,0,0,0,0,0,0,0
MPP676BLKXLR,0.0,12.0,12,12,0,0,0,0,0,0
MPP676BTE2XL,0.0,0.0,0,0,0,0,0,0,0,0
MPP676BTELAR,0.0,0.0,0,0,0,0,0,0,0,0
MPP676BTEMED,0.0,0.0,0,0,0,0,0,0,0,0
MPP676BTEXLR,0.0,0.0,0,0,0,0,0,0,0,0
MPP676CNG2XL,5.0,44.0,49,42,0,7,7,3,3,1
MPP676CNGLAR,0.0,1.0,1,1,0,0,0,0,0,0
MPP676CNGMED,0.0,0.0,0,0,0,0,0,0,0,0
MPP676CNGXLR,0.0,5.0,5,5,0,0,0,0,0,0
MPP676IRG2XL,0.0,2.0,2,2,0,0,0,0,0,0
MPP676IRGLAR,0.0,0.0,0,0,0,0,0,0,0,0
MPP676IRGMED,0.0,3.0,3,3,0,0,0,0,0,0
MPP676IRGXLR,0.0,0.0,0,0,0,0,0,0,0,0
MPP676LNMXLR,0.0,1.0,1,1,0,0,0,0,0,0
MPP676LTG2XL,0.0,30.0,30,26,0,4,4,2,2,0
MPP676LTGLAR,0.0,127.0,127,109,0,18,18,8,7,3
MPP676LTGMED,0.0,0.0,0,0,0,0,0,0,0,0
MPP676LTGXLR,0.0,1.0,1,1,0,0,0,0,0,0
MPP676NYB2XL,0.0,0.0,0,0,0,0,0,0,0,0
MPP676NYBLAR,0.0,5.0,5,5,0,0,0,0,0,0
MPP676NYBMED,0.0,37.0,37,32,0,5,5,2,2,1
MPP676NYBXLR,0.0,3.0,3,3,0,0,0,0,0,0
MPP696LGMMED,0.0,0.0,0,0,0,0,0,0,0,0
MPP720BTEMED,0.0,0.0,0,0,0,0,0,0,0,0
MPP720WWDMED,0.0,0.0,0,0,0,0,0,0,0,0
MPP721BCYMED,0.0,1.0,1,1,0,0,0,0,0,0
MPP721BCYXLR,0.0,0.0,0,0,0,0,0,0,0,0
MPP721BIG2XL,0.0,19.0,19,19,0,0,0,0,0,0
MPP721BIGLAR,0.0,7.0,7,7,0,0,0,0,0,0
MPP721BIGMED,0.0,7.0,7,7,0,0,0,0,0,0
MPP721BIGXLR,0.0,19.0,19,19,0,0,0,0,0,0
MPP721BLB2XL,0.0,3.0,3,3,0,0,0,0,0,0
MPP721BLBLAR,0.0,0.0,0,0,0,0,0,0,0,0
MPP721BLBMED,0.0,1.0,1,1,0,0,0,0,0,0
MPP721BLBXLR,9.0,11.0,20,20,0,0,0,0,0,0
MPP721BLG2XL,0.0,0.0,0,0,0,0,0,0,0,0
MPP721BLGLAR,0.0,0.0,0,0,0,0,0,0,0,0
MPP721BLGMED,0.0,35.0,35,30,0,5,5,2,2,1
MPP721BLGXLR,0.0,32.0,32,27,0,5,5,2,2,1
MPP721BOE2XL,0.0,1.0,1,1,0,0,0,0,0,0
MPP721BOELAR,0.0,5.0,5,5,0,0,0,0,0,0
MPP721BOEXLR,0.0,5.0,5,5,0,0,0,0,0,0
MPP721BSO2XL,0.0,0.0,0,0,0,0,0,0,0,0
MPP721BSOLAR,0.0,0.0,0,0,0,0,0,0,0,0
MPP721BSOMED,0.0,0.0,0,0,0,0,0,0,0,0
MPP721BSOXLR,0.0,27.0,27,23,0,4,4,2,2,0
MPP721BTE2XL,0.0,4.0,4,4,0,0,0,0,0,0
MPP721BTELAR,0.0,5.0,5,5,0,0,0,0,0,0
MPP721BTEMED,32.0,10.0,42,40,2,0,2,1,1,0
MPP721BTEXLR,0.0,1.0,1,1,0,0,0,0,0,0
MPP721CNG2XL,0.0,0.0,0,0,0,0,0,0,0,0
MPP721CNGLAR,0.0,9.0,9,9,0,0,0,0,0,0
MPP721CNGMED,0.0,16.0,16,16,0,0,0,0,0,0
MPP721CNGXLR,0.0,0.0,0,0,0,0,0,0,0,0
MPP721HBE2XL,0.0,14.0,14,14,0,0,0,0,0,0
MPP721HBELAR,0.0,7.0,7,7,0,0,0,0,0,0
MPP721HBEMED,0.0,1.0,1,1,0,0,0,0,0,0
MPP721HBEXLR,0.0,8.0,8,8,0,0,0,0,0,0
MPP721IRGLAR,0.0,0.0,0,0,0,0,0,0,0,0
MPP721IRGMED,0.0,1.0,1,1,0,0,0,0,0,0
MPP721IRGXLR,0.0,0.0,0,0,0,0,0,0,0,0
MPP721KHI2XL,0.0,1.0,1,1,0,0,0,0,0,0
MPP721LTG2XL,139.0,28.0,167,123,36,8,44,21,17,6
MPP721LTGLAR,186.0,45.0,231,156,50,25,75,35,29,11
MPP721LTGMED,124.0,118.0,242,155,52,35,87,41,34,12
MPP721LTGXLR,102.0,26.0,128,94,28,6,34,16,13,5
MPP721NVY2XL,0.0,1.0,1,1,0,0,0,0,0,0
MPP721NVYLAR,0.0,0.0,0,0,0,0,0,0,0,0
MPP721NVYMED,23.0,10.0,33,33,0,0,0,0,0,0
MPP721NVYXLR,21.0,9.0,30,30,0,0,0,0,0,0
MPP721NYB2XL,0.0,1.0,1,1,0,0,0,0,0,0
MPP721NYBLAR,0.0,1.0,1,1,0,0,0,0,0,0
MPP721NYBMED,0.0,0.0,0,0,0,0,0,0,0,0
MPP721NYBXLR,0.0,1.0,1,1,0,0,0,0,0,0
MPP721SKO2XL,0.0,0.0,0,0,0,0,0,0,0,0
MPP721SKOLAR,0.0,3.0,3,3,0,0,0,0,0,0
MPP721SKOMED,0.0,0.0,0,0,0,0,0,0,0,0
MPP721SKOXLR,0.0,7.0,7,7,0,0,0,0,0,0
MPP721TRNLAR,0.0,10.0,10,10,0,0,0,0,0,0
MPP721VIO2XL,78.0,26.0,104,76,22,6,28,13,11,4
MPP721VIOLAR,147.0,72.0,219,140,47,32,79,37,31,11
MPP721VIOMED,58.0,44.0,102,65,22,15,37,17,14,6
MPP721VIOXLR,118.0,62.0,180,115,39,26,65,31,25,9
MPP721WLG2XL,0.0,12.0,12,12,0,0,0,0,0,0
MPP721WLGLAR,0.0,37.0,37,32,0,5,5,2,2,1
MPP721WLGMED,0.0,0.0,0,0,0,0,0,0,0,0
MPP721WLGXLR,0.0,27.0,27,23,0,4,4,2,2,0
MPP722BLD2XL,0.0,0.0,0,0,0,0,0,0,0,0
MPP722BLDLAR,0.0,4.0,4,4,0,0,0,0,0,0
MPP722BLDMED,0.0,0.0,0,0,0,0,0,0,0,0
MPP722BLDXLR,0.0,1.0,1,1,0,0,0,0,0,0
MPP722BLK2XL,0.0,0.0,0,0,0,0,0,0,0,0
MPP722BLK3XL,0.0,0.0,0,0,0,0,0,0,0,0
MPP722BLKLAR,158.0,32.0,190,137,41,12,53,25,21,7
MPP722BLKMED,216.0,79.0,295,189,64,42,106,50,41,15
MPP722BLKXLR,0.0,6.0,6,6,0,0,0,0,0,0
MPP722BTE2XL,0.0,2.0,2,2,0,0,0,0,0,0
MPP722BTELAR,0.0,24.0,24,20,0,4,4,2,2,0
MPP722BTEMED,0.0,142.0,142,122,0,20,20,9,8,3
MPP722BTEXLR,0.0,1.0,1,1,0,0,0,0,0,0
MPP722BTG2XL,0.0,7.0,7,7,0,0,0,0,0,0
MPP722BTGLAR,348.0,221.0,569,364,123,82,205,97,80,28
MPP722BTGMED,146.0,113.0,259,166,56,37,93,44,36,13
MPP722BTGXLR,0.0,0.0,0,0,0,0,0,0,0,0
MPP722DCN3XL,0.0,0.0,0,0,0,0,0,0,0,0
MPP722IRG2XL,0.0,0.0,0,0,0,0,0,0,0,0
MPP722IRGLAR,0.0,0.0,0,0,0,0,0,0,0,0
MPP722IRGMED,0.0,1.0,1,1,0,0,0,0,0,0
MPP722IRGXLR,0.0,0.0,0,0,0,0,0,0,0,0
MPP722LNB2XL,0.0,2.0,2,2,0,0,0,0,0,0
MPP722LNBLAR,0.0,279.0,279,239,0,40,40,19,16,5
MPP722LNBMED,0.0,108.0,108,92,0,16,16,8,6,2
MPP722LNBXLR,0.0,0.0,0,0,0,0,0,0,0,0
MPP722NLB2XL,0.0,0.0,0,0,0,0,0,0,0,0
MPP722NLBLAR,0.0,400.0,400,342,0,58,58,27,23,8
MPP722NLBMED,0.0,201.0,201,172,0,29,29,14,11,4
MPP722NLBXLR,0.0,1.0,1,1,0,0,0,0,0,0
MPP722NVY2XL,0.0,1.0,1,1,0,0,0,0,0,0
MPP722NVYLAR,0.0,5.0,5,5,0,0,0,0,0,0
MPP722NVYMED,19.0,10.0,29,29,0,0,0,0,0,0
MPP722NVYXLR,0.0,0.0,0,0,0,0,0,0,0,0
MPP722NYB2XL,0.0,6.0,6,6,0,0,0,0,0,0
MPP722NYBLAR,51.0,28.0,79,54,17,8,25,12,10,3
MPP722NYBMED,63.0,16.0,79,62,17,0,17,8,7,2
MPP722NYBXLR,34.0,18.0,52,48,4,0,4,2,2,0
MPP722TRN2XL,0.0,17.0,17,17,0,0,0,0,0,0
MPP722TRNLAR,0.0,75.0,75,64,0,11,11,5,4,2
MPP722TRNMED,0.0,16.0,16,16,0,0,0,0,0,0
MPP722TRNXLR,0.0,0.0,0,0,0,0,0,0,0,0
MPP722VIO2XL,31.0,13.0,44,43,1,0,1,0,0,1
MPP722VIOLAR,57.0,17.0,74,58,16,0,16,8,6,2
MPP722VIOMED,74.0,12.0,86,67,19,0,19,9,7,3
MPP722VIOXLR,60.0,18.0,78,61,17,0,17,8,7,2
MPP734ASH2XL,0.0,1.0,1,1,0,0,0,0,0,0
MPP734ASHLAR,0.0,0.0,0,0,0,0,0,0,0,0
MPP734ASHMED,0.0,3.0,3,3,0,0,0,0,0,0
MPP734ASHXLR,0.0,1.0,1,1,0,0,0,0,0,0
MPP734BLK2XL,155.0,41.0,196,132,43,21,64,30,25,9
MPP734BLKLAR,68.0,32.0,100,66,22,12,34,16,13,5
MPP734BLKMED,142.0,102.0,244,156,53,35,88,42,34,12
MPP734BLKXLR,0.0,1.0,1,1,0,0,0,0,0,0
MPP734BOE2XL,0.0,6.0,6,6,0,0,0,0,0,0
MPP734BOELAR,0.0,1.0,1,1,0,0,0,0,0,0
MPP734BOEXLR,0.0,0.0,0,0,0,0,0,0,0,0
MPP734BTE2XL,0.0,0.0,0,0,0,0,0,0,0,0
MPP734CNG2XL,0.0,4.0,4,4,0,0,0,0,0,0
MPP734CNGLAR,0.0,0.0,0,0,0,0,0,0,0,0
MPP734CNGMED,0.0,1.0,1,1,0,0,0,0,0,0
MPP734CNGXLR,0.0,0.0,0,0,0,0,0,0,0,0
MPP734GFT2XL,16.0,33.0,49,42,0,7,7,3,3,1
MPP734GFTLAR,5.0,41.0,46,39,0,7,7,3,3,1
MPP734GFTMED,40.0,10.0,50,40,10,0,10,5,4,1
MPP734GFTXLR,5.0,41.0,46,39,0,7,7,3,3,1
MPP734IRG2XL,0.0,32.0,32,27,0,5,5,2,2,1
MPP734IRGLAR,0.0,0.0,0,0,0,0,0,0,0,0
MPP734KHI2XL,0.0,4.0,4,4,0,0,0,0,0,0
MPP734KHILAR,0.0,1.0,1,1,0,0,0,0,0,0
MPP734KHIMED,0.0,0.0,0,0,0,0,0,0,0,0
MPP734KHIXLR,0.0,1.0,1,1,0,0,0,0,0,0
MPP734LRG2XL,0.0,3.0,3,3,0,0,0,0,0,0
MPP734LRG3XL,0.0,0.0,0,0,0,0,0,0,0,0
MPP734LRGLAR,0.0,0.0,0,0,0,0,0,0,0,0
MPP734LRGMED,0.0,0.0,0,0,0,0,0,0,0,0
MPP734LTG2XL,0.0,13.0,13,13,0,0,0,0,0,0
MPP734LTGLAR,0.0,20.0,20,20,0,0,0,0,0,0
MPP734LTGMED,0.0,1.0,1,1,0,0,0,0,0,0
MPP734LTGXLR,0.0,0.0,0,0,0,0,0,0,0,0
MPP734LTNLAR,0.0,4.0,4,4,0,0,0,0,0,0
MPP734LTNMED,0.0,0.0,0,0,0,0,0,0,0,0
MPP734LTNXLR,0.0,4.0,4,4,0,0,0,0,0,0
MPP734NVYMED,0.0,0.0,0,0,0,0,0,0,0,0
MPP734NYB2XL,8.0,27.0,35,30,0,5,5,2,2,1
MPP734NYBLAR,28.0,61.0,89,76,0,13,13,6,5,2
MPP734NYBMED,6.0,14.0,20,20,0,0,0,0,0,0
MPP734NYBXLR,29.0,61.0,90,77,0,13,13,6,5,2
MPP734PDB2XL,0.0,7.0,7,7,0,0,0,0,0,0
MPP734PDBLAR,0.0,1.0,1,1,0,0,0,0,0,0
MPP734PDBMED,0.0,1.0,1,1,0,0,0,0,0,0
MPP734SEG2XL,0.0,3.0,3,3,0,0,0,0,0,0
MPP734SEGLAR,0.0,1.0,1,1,0,0,0,0,0,0
MPP734SEGMED,0.0,1.0,1,1,0,0,0,0,0,0
MPP734SEGXLR,0.0,0.0,0,0,0,0,0,0,0,0
MPP734SKO2XL,32.0,74.0,106,89,2,15,17,8,7,2
MPP734SKOLAR,0.0,11.0,11,11,0,0,0,0,0,0
MPP734SKOMED,0.0,2.0,2,2,0,0,0,0,0,0
MPP734SKOXLR,18.0,32.0,50,43,0,7,7,3,3,1
MPP734TLE2XL,0.0,0.0,0,0,0,0,0,0,0,0
MPP734TLELAR,0.0,1.0,1,1,0,0,0,0,0,0
MPP734TLEMED,0.0,0.0,0,0,0,0,0,0,0,0
MPP734TLEXLR,0.0,1.0,1,1,0,0,0,0,0,0
MPP734TRN2XL,41.0,56.0,97,72,11,14,25,12,10,3
MPP734TRNLAR,54.0,115.0,169,121,24,24,48,23,19,6
MPP734TRNMED,98.0,121.0,219,140,47,32,79,37,31,11
MPP734TRNXLR,51.0,104.0,155,112,21,22,43,20,17,6
MPP734WLG2XL,23.0,32.0,55,47,0,8,8,4,3,1
MPP734WLGLAR,29.0,56.0,85,73,0,12,12,6,5,1
MPP734WLGMED,34.0,22.0,56,50,4,2,6,3,2,1
MPP734WLGXLR,65.0,20.0,85,66,19,0,19,9,7,3
MPP735BLE2XL929,80.0,48.0,128,82,28,18,46,22,18,6
MPP735BLELAR929,110.0,132.0,242,155,52,35,87,41,34,12
MPP735BLEMED929,130.0,78.0,208,133,45,30,75,35,29,11
MPP735BLEXLR929,110.0,85.0,195,125,42,28,70,33,27,10
MPP735BLK2XL,0.0,0.0,0,0,0,0,0,0,0,0
MPP735BLK2XL899,0.0,3.0,3,3,0,0,0,0,0,0
MPP735BLK2XL929,389.0,248.0,637,408,137,92,229,108,89,32
MPP735BLKLAR,6.0,10.0,16,16,0,0,0,0,0,0
MPP735BLKLAR899,0.0,11.0,11,11,0,0,0,0,0,0
MPP735BLKLAR929,869.0,373.0,1242,795,268,179,447,211,174,62
MPP735BLKMED,0.0,2.0,2,2,0,0,0,0,0,0
MPP735BLKMED899,0.0,7.0,7,7,0,0,0,0,0,0
MPP735BLKMED929,432.0,365.0,797,510,172,115,287,136,112,39
MPP735BLKXLR,0.0,10.0,10,10,0,0,0,0,0,0
MPP735BLKXLR899,0.0,1.0,1,1,0,0,0,0,0,0
MPP735BLKXLR929,745.0,394.0,1139,729,246,164,410,194,159,57
MPP735BOE2XL,0.0,7.0,7,7,0,0,0,0,0,0
MPP735BOELAR,0.0,4.0,4,4,0,0,0,0,0,0
MPP735BOEMED,0.0,2.0,2,2,0,0,0,0,0,0
MPP735BOEXLR,0.0,8.0,8,8,0,0,0,0,0,0
MPP735BTE2XL,0.0,6.0,6,6,0,0,0,0,0,0
MPP735BTELAR,0.0,7.0,7,7,0,0,0,0,0,0
MPP735BTELAR899,0.0,0.0,0,0,0,0,0,0,0,0
MPP735BTEMED,0.0,6.0,6,6,0,0,0,0,0,0
MPP735BTEMED899,0.0,0.0,0,0,0,0,0,0,0,0
MPP735BTEXLR,0.0,9.0,9,9,0,0,0,0,0,0
MPP735CGY2XL,0.0,8.0,8,8,0,0,0,0,0,0
MPP735CGYLAR,0.0,1.0,1,1,0,0,0,0,0,0
MPP735CGYMED,0.0,1.0,1,1,0,0,0,0,0,0
MPP735CGYXLR,0.0,12.0,12,12,0,0,0,0,0,0
MPP735CNG2XL,0.0,0.0,0,0,0,0,0,0,0,0
MPP735CNG2XL899,0.0,6.0,6,6,0,0,0,0,0,0
MPP735CNG2XL929,0.0,10.0,10,10,0,0,0,0,0,0
MPP735CNGLAR,0.0,8.0,8,8,0,0,0,0,0,0
MPP735CNGLAR929,0.0,0.0,0,0,0,0,0,0,0,0
MPP735CNGMED,0.0,0.0,0,0,0,0,0,0,0,0
MPP735CNGMED899,0.0,1.0,1,1,0,0,0,0,0,0
MPP735CNGMED929,0.0,0.0,0,0,0,0,0,0,0,0
MPP735CNGXLR,0.0,5.0,5,5,0,0,0,0,0,0
MPP735CNGXLR899,0.0,5.0,5,5,0,0,0,0,0,0
MPP735CNGXLR929,0.0,0.0,0,0,0,0,0,0,0,0
MPP735GFT2XL,3.0,12.0,15,15,0,0,0,0,0,0
MPP735GFT2XL929,80.0,47.0,127,81,28,18,46,22,18,6
MPP735GFTLAR929,110.0,132.0,242,155,52,35,87,41,34,12
MPP735GFTMED929,130.0,78.0,208,133,45,30,75,35,29,11
MPP735GFTXLR929,110.0,84.0,194,124,42,28,70,33,27,10
MPP735HTG2XL,16.0,18.0,34,34,0,0,0,0,0,0
MPP735HTGLAR,0.0,1.0,1,1,0,0,0,0,0,0
MPP735HTGMED,0.0,2.0,2,2,0,0,0,0,0,0
MPP735HTGXLR,15.0,20.0,35,35,0,0,0,0,0,0
MPP735IRG2XL,52.0,14.0,66,52,14,0,14,7,5,2
MPP735IRG2XL899,0.0,0.0,0,0,0,0,0,0,0,0
MPP735IRGLAR,0.0,12.0,12,12,0,0,0,0,0,0
MPP735IRGLAR899,0.0,0.0,0,0,0,0,0,0,0,0
MPP735IRGMED,0.0,1.0,1,1,0,0,0,0,0,0
MPP735IRGXLR,18.0,15.0,33,33,0,0,0,0,0,0
MPP735KHI2XL,49.0,10.0,59,46,13,0,13,6,5,2
MPP735KHI2XL899,0.0,2.0,2,2,0,0,0,0,0,0
MPP735KHI2XL929,333.0,74.0,407,265,88,54,142,67,55,20
MPP735KHILAR,23.0,10.0,33,33,0,0,0,0,0,0
MPP735KHILAR899,0.0,3.0,3,3,0,0,0,0,0,0
MPP735KHILAR929,497.0,307.0,804,515,173,116,289,136,112,41
MPP735KHIMED,41.0,10.0,51,40,11,0,11,5,4,2
MPP735KHIMED899,0.0,2.0,2,2,0,0,0,0,0,0
MPP735KHIMED929,165.0,183.0,348,223,75,50,125,59,49,17
MPP735KHIXLR,89.0,10.0,99,77,22,0,22,10,9,3
MPP735KHIXLR899,0.0,2.0,2,2,0,0,0,0,0,0
MPP735KHIXLR929,467.0,345.0,812,520,175,117,292,138,114,40
MPP735LTG2XL,0.0,2.0,2,2,0,0,0,0,0,0
MPP735LTG2XL929,0.0,36.0,36,31,0,5,5,2,2,1
MPP735LTGLAR929,14.0,47.0,61,52,0,9,9,4,4,1
MPP735LTGMED929,6.0,51.0,57,49,0,8,8,4,3,1
MPP735LTGXLR,0.0,2.0,2,2,0,0,0,0,0,0
MPP735LTGXLR929,32.0,44.0,76,63,2,11,13,6,5,2
MPP735LTN2XL,4.0,14.0,18,18,0,0,0,0,0,0
MPP735LTNMED,0.0,2.0,2,2,0,0,0,0,0,0
MPP735LTNXLR,0.0,7.0,7,7,0,0,0,0,0,0
MPP735NYB2XL,0.0,14.0,14,14,0,0,0,0,0,0
MPP735NYB2XL929,79.0,49.0,128,82,28,18,46,22,18,6
MPP735NYBLAR,0.0,3.0,3,3,0,0,0,0,0,0
MPP735NYBLAR929,192.0,50.0,242,160,52,30,82,39,32,11
MPP735NYBMED,0.0,0.0,0,0,0,0,0,0,0,0
MPP735NYBMED929,158.0,50.0,208,133,45,30,75,35,29,11
MPP735NYBXLR,0.0,10.0,10,10,0,0,0,0,0,0
MPP735NYBXLR929,115.0,50.0,165,106,35,24,59,28,23,8
MPP735PDB2XL,0.0,1.0,1,1,0,0,0,0,0,0
MPP735PDBLAR,0.0,0.0,0,0,0,0,0,0,0,0
MPP735PDBMED,0.0,0.0,0,0,0,0,0,0,0,0
MPP735PDBXLR,0.0,0.0,0,0,0,0,0,0,0,0
MPP735SKO2XL,0.0,24.0,24,20,0,4,4,2,2,0
MPP735SKOLAR,0.0,1.0,1,1,0,0,0,0,0,0
MPP735SKOMED,0.0,10.0,10,10,0,0,0,0,0,0
MPP735SKOXLR,0.0,0.0,0,0,0,0,0,0,0,0
MPP735TLE2XL,0.0,1.0,1,1,0,0,0,0,0,0
MPP735TLELAR,0.0,0.0,0,0,0,0,0,0,0,0
MPP735TRN2XL,0.0,2.0,2,2,0,0,0,0,0,0
MPP735TRNMED,0.0,7.0,7,7,0,0,0,0,0,0
MPP735TRNXLR,0.0,1.0,1,1,0,0,0,0,0,0
MPP735VIOMED,0.0,1.0,1,1,0,0,0,0,0,0
MPP735VIOXLR,0.0,1.0,1,1,0,0,0,0,0,0
MPP735WLG2XL,0.0,2.0,2,2,0,0,0,0,0,0
MPP735WLG2XL929,78.0,45.0,123,79,26,18,44,21,17,6
MPP735WLGLAR,0.0,7.0,7,7,0,0,0,0,0,0
MPP735WLGLAR929,192.0,50.0,242,160,52,30,82,39,32,11
MPP735WLGMED,0.0,0.0,0,0,0,0,0,0,0,0
MPP735WLGMED929,158.0,47.0,205,134,44,27,71,34,28,9
MPP735WLGXLR,0.0,16.0,16,16,0,0,0,0,0,0
MPP735WLGXLR929,145.0,50.0,195,125,42,28,70,33,27,10
MPP779BLK2XL,0.0,0.0,0,0,0,0,0,0,0,0
MPP779BLKLAR,0.0,1.0,1,1,0,0,0,0,0,0
MPP779BLKMED,0.0,0.0,0,0,0,0,0,0,0,0
MPP779BLKXLR,0.0,0.0,0,0,0,0,0,0,0,0
MPP779IRG2XL,0.0,0.0,0,0,0,0,0,0,0,0
MPP779IRGLAR,0.0,0.0,0,0,0,0,0,0,0,0
MPP779IRGMED,0.0,0.0,0,0,0,0,0,0,0,0
MPP779IRGXLR,0.0,0.0,0,0,0,0,0,0,0,0
MPP779KHI2XL,0.0,1.0,1,1,0,0,0,0,0,0
MPP779KHILAR,0.0,0.0,0,0,0,0,0,0,0,0
MPP779KHIMED,0.0,1.0,1,1,0,0,0,0,0,0
MPP779KHIXLR,0.0,1.0,1,1,0,0,0,0,0,0
MPP779LRGMED,0.0,0.0,0,0,0,0,0,0,0,0
MPP779NVYMED,0.0,0.0,0,0,0,0,0,0,0,0
MPP779NYB2XL,0.0,0.0,0,0,0,0,0,0,0,0
MPP779NYBLAR,0.0,0.0,0,0,0,0,0,0,0,0
MPP779NYBMED,0.0,0.0,0,0,0,0,0,0,0,0
MPP779TRN2XL,0.0,0.0,0,0,0,0,0,0,0,0
MPP779TRNLAR,0.0,0.0,0,0,0,0,0,0,0,0
MPP779TRNMED,0.0,0.0,0,0,0,0,0,0,0,0
MPP779TRNXLR,0.0,1.0,1,1,0,0,0,0,0,0
MPP779VIO2XL,0.0,3.0,3,3,0,0,0,0,0,0
MPP779VIOLAR,0.0,9.0,9,9,0,0,0,0,0,0
MPP779VIOMED,0.0,26.0,26,22,0,4,4,2,2,0
MPP779VIOXLR,0.0,8.0,8,8,0,0,0,0,0,0
MPP779WLG2XL,0.0,0.0,0,0,0,0,0,0,0,0
MPP779WLGLAR,0.0,1.0,1,1,0,0,0,0,0,0
MPP779WLGMED,0.0,22.0,22,20,0,2,2,1,1,0
MPP779WLGXLR,0.0,1.0,1,1,0,0,0,0,0,0
MPP831BLK2XL,0.0,1.0,1,1,0,0,0,0,0,0
MPP831BLK2XL679,34.0,44.0,78,63,4,11,15,7,6,2
MPP831BLKLAR,0.0,5.0,5,5,0,0,0,0,0,0
MPP831BLKLAR649,0.0,0.0,0,0,0,0,0,0,0,0
MPP831BLKLAR679,170.0,126.0,296,189,64,43,107,51,42,14
MPP831BLKMED,0.0,3.0,3,3,0,0,0,0,0,0
MPP831BLKMED649,0.0,7.0,7,7,0,0,0,0,0,0
MPP831BLKMED679,143.0,74.0,217,139,47,31,78,37,30,11
MPP831BLKXLR,2.0,11.0,13,13,0,0,0,0,0,0
MPP831BLKXLR649,30.0,10.0,40,40,0,0,0,0,0,0
MPP831BLKXLR679,178.0,118.0,296,189,64,43,107,51,42,14
MPP831BOE2XL,0.0,1.0,1,1,0,0,0,0,0,0
MPP831BOELAR,0.0,0.0,0,0,0,0,0,0,0,0
MPP831BOEMED,0.0,2.0,2,2,0,0,0,0,0,0
MPP831BOEXLR,0.0,7.0,7,7,0,0,0,0,0,0
MPP831CNG2XL679,43.0,27.0,70,50,13,7,20,9,8,3
MPP831CNGLAR649,0.0,31.0,31,27,0,4,4,2,2,0
MPP831CNGLAR679,101.0,66.0,167,107,36,24,60,28,23,9
MPP831CNGMED649,0.0,34.0,34,29,0,5,5,2,2,1
MPP831CNGMED679,77.0,44.0,121,77,26,18,44,21,17,6
MPP831CNGXLR649,0.0,29.0,29,25,0,4,4,2,2,0
MPP831CNGXLR679,99.0,64.0,163,104,35,24,59,28,23,8
MPP831GFT2XL649,0.0,1.0,1,1,0,0,0,0,0,0
MPP831GFT2XL679,43.0,31.0,74,50,13,11,24,11,9,4
MPP831GFTLAR649,0.0,31.0,31,27,0,4,4,2,2,0
MPP831GFTLAR679,99.0,64.0,163,104,35,24,59,28,23,8
MPP831GFTMED649,0.0,34.0,34,29,0,5,5,2,2,1
MPP831GFTMED679,79.0,46.0,125,80,27,18,45,21,18,6
MPP831GFTXLR649,0.0,29.0,29,25,0,4,4,2,2,0
MPP831GFTXLR679,99.0,66.0,165,106,35,24,59,28,23,8
MPP831IRG2XL649,0.0,1.0,1,1,0,0,0,0,0,0
MPP831IRGLAR649,0.0,32.0,32,27,0,5,5,2,2,1
MPP831IRGMED649,0.0,41.0,41,35,0,6,6,3,2,1
MPP831IRGXLR649,0.0,36.0,36,31,0,5,5,2,2,1
MPP831KHI2XL649,0.0,1.0,1,1,0,0,0,0,0,0
MPP831KHI2XL679,42.0,30.0,72,50,12,10,22,10,9,3
MPP831KHILAR649,0.0,29.0,29,25,0,4,4,2,2,0
MPP831KHILAR679,99.0,66.0,165,106,35,24,59,28,23,8
MPP831KHIMED649,0.0,32.0,32,27,0,5,5,2,2,1
MPP831KHIMED679,76.0,45.0,121,77,26,18,44,21,17,6
MPP831KHIXLR649,0.0,27.0,27,23,0,4,4,2,2,0
MPP831KHIXLR679,100.0,64.0,164,105,35,24,59,28,23,8
MPP831LTG2XL,0.0,4.0,4,4,0,0,0,0,0,0
MPP831LTG2XL679,25.0,29.0,54,46,0,8,8,4,3,1
MPP831LTGLAR,0.0,3.0,3,3,0,0,0,0,0,0
MPP831LTGLAR679,32.0,40.0,72,60,2,10,12,6,5,1
MPP831LTGMED,0.0,4.0,4,4,0,0,0,0,0,0
MPP831LTGMED679,28.0,20.0,48,48,0,0,0,0,0,0
MPP831LTGXLR,29.0,20.0,49,49,0,0,0,0,0,0
MPP831LTGXLR679,56.0,63.0,119,76,26,17,43,20,17,6
MPP831NYB2XL,7.0,11.0,18,18,0,0,0,0,0,0
MPP831NYB2XL679,7.0,23.0,30,27,0,3,3,1,1,1
MPP831NYBLAR,0.0,4.0,4,4,0,0,0,0,0,0
MPP831NYBLAR679,17.0,26.0,43,37,0,6,6,3,2,1
MPP831NYBMED,0.0,18.0,18,18,0,0,0,0,0,0
MPP831NYBMED649,0.0,1.0,1,1,0,0,0,0,0,0
MPP831NYBMED679,26.0,17.0,43,43,0,0,0,0,0,0
MPP831NYBXLR,0.0,23.0,23,20,0,3,3,1,1,1
MPP831NYBXLR649,0.0,4.0,4,4,0,0,0,0,0,0
MPP831NYBXLR679,24.0,20.0,44,44,0,0,0,0,0,0
MPP831SKO2XL,0.0,16.0,16,16,0,0,0,0,0,0
MPP831SKOLAR,0.0,4.0,4,4,0,0,0,0,0,0
MPP831SKOLAR649,0.0,5.0,5,5,0,0,0,0,0,0
MPP831SKOMED,0.0,3.0,3,3,0,0,0,0,0,0
MPP831SKOXLR,0.0,5.0,5,5,0,0,0,0,0,0
MPP831SKOXLR649,0.0,3.0,3,3,0,0,0,0,0,0
MPP831TRN2XL,4.0,15.0,19,19,0,0,0,0,0,0
MPP831TRNLAR,23.0,11.0,34,34,0,0,0,0,0,0
MPP831TRNMED,0.0,0.0,0,0,0,0,0,0,0,0
MPP831TRNXLR,0.0,5.0,5,5,0,0,0,0,0,0
MPP831WLG2XL,7.0,17.0,24,24,0,0,0,0,0,0
MPP831WLG2XL679,15.0,19.0,34,34,0,0,0,0,0,0
MPP831WLGLAR,0.0,11.0,11,11,0,0,0,0,0,0
MPP831WLGLAR679,43.0,42.0,85,60,13,12,25,12,10,3
MPP831WLGMED,0.0,1.0,1,1,0,0,0,0,0,0
MPP831WLGMED679,10.0,12.0,22,22,0,0,0,0,0,0
MPP831WLGXLR,1.0,18.0,19,19,0,0,0,0,0,0
MPP831WLGXLR679,36.0,32.0,68,52,6,10,16,8,6,2
MPP839BEBLAR,0.0,0.0,0,0,0,0,0,0,0,0
MPP839BEBMED,0.0,5.0,5,5,0,0,0,0,0,0
MPP839BEBXLR,0.0,0.0,0,0,0,0,0,0,0,0
MPP839CTS2XL002,2.0,10.0,12,12,0,0,0,0,0,0
MPP839CTSLAR002,0.0,11.0,11,11,0,0,0,0,0,0
MPP839CTSMED002,0.0,1.0,1,1,0,0,0,0,0,0
MPP839CTSXLR002,0.0,8.0,8,8,0,0,0,0,0,0
MPP839DFS2XL002,0.0,1.0,1,1,0,0,0,0,0,0
MPP839DFSMED002,0.0,0.0,0,0,0,0,0,0,0,0
MPP839DMT2XL,0.0,0.0,0,0,0,0,0,0,0,0
MPP839DMTLAR,0.0,0.0,0,0,0,0,0,0,0,0
MPP839DMTMED,0.0,17.0,17,17,0,0,0,0,0,0
MPP839DMTXLR,0.0,1.0,1,1,0,0,0,0,0,0
MPP839GBEXLR,0.0,0.0,0,0,0,0,0,0,0,0
MPP839GMI2XL,0.0,0.0,0,0,0,0,0,0,0,0
MPP839GMILAR,0.0,0.0,0,0,0,0,0,0,0,0
MPP839GMIXLR,0.0,0.0,0,0,0,0,0,0,0,0
MPP839GNM2XL,0.0,12.0,12,12,0,0,0,0,0,0
MPP839GNMLAR,0.0,7.0,7,7,0,0,0,0,0,0
MPP839GNMMED,0.0,10.0,10,10,0,0,0,0,0,0
MPP839GNMXLR,0.0,5.0,5,5,0,0,0,0,0,0
MPP839GPN2XL002,0.0,6.0,6,6,0,0,0,0,0,0
MPP839GPNMED002,0.0,0.0,0,0,0,0,0,0,0,0
MPP839GPNXLR002,0.0,4.0,4,4,0,0,0,0,0,0
MPP839KHI2XL003,0.0,0.0,0,0,0,0,0,0,0,0
MPP839KHI2XL003899,0.0,0.0,0,0,0,0,0,0,0,0
MPP839KHILAR003,0.0,0.0,0,0,0,0,0,0,0,0
MPP839KHILAR003899,0.0,0.0,0,0,0,0,0,0,0,0
MPP839KHIMED003899,0.0,0.0,0,0,0,0,0,0,0,0
MPP839KHIXLR003,0.0,0.0,0,0,0,0,0,0,0,0
MPP839KHIXLR003899,0.0,0.0,0,0,0,0,0,0,0,0
MPP839SKO2XL003899,0.0,0.0,0,0,0,0,0,0,0,0
MPP839SKOLAR003,0.0,0.0,0,0,0,0,0,0,0,0
MPP839SKOLAR003899,0.0,0.0,0,0,0,0,0,0,0,0
MPP839SKOMED003,0.0,0.0,0,0,0,0,0,0,0,0
MPP839SKOMED003899,0.0,0.0,0,0,0,0,0,0,0,0
MPP839SKOXLR003899,0.0,0.0,0,0,0,0,0,0,0,0
MPP839SSNLAR002,0.0,0.0,0,0,0,0,0,0,0,0
MPP839SSNXLR002,0.0,1.0,1,1,0,0,0,0,0,0
MPP839SYP2XL002,0.0,3.0,3,3,0,0,0,0,0,0
MPP839SYPLAR002,0.0,0.0,0,0,0,0,0,0,0,0
MPP839SYPMED002,0.0,1.0,1,1,0,0,0,0,0,0
MPP839SYPXLR002,0.0,0.0,0,0,0,0,0,0,0,0
MPP839TRN2XL003,0.0,0.0,0,0,0,0,0,0,0,0
MPP839TRN2XL003899,0.0,0.0,0,0,0,0,0,0,0,0
MPP839TRNLAR003,0.0,0.0,0,0,0,0,0,0,0,0
MPP839TRNLAR003899,0.0,0.0,0,0,0,0,0,0,0,0
MPP839TRNMED003,0.0,0.0,0,0,0,0,0,0,0,0
MPP839TRNMED003899,0.0,0.0,0,0,0,0,0,0,0,0
MPP839TRNXLR003,0.0,0.0,0,0,0,0,0,0,0,0
MPP839TRNXLR003899,0.0,0.0,0,0,0,0,0,0,0,0
MPP839UGY2XL003,0.0,0.0,0,0,0,0,0,0,0,0
MPP839UGY2XL003899,0.0,0.0,0,0,0,0,0,0,0,0
MPP839UGYLAR003899,0.0,0.0,0,0,0,0,0,0,0,0
MPP839UGYMED003,0.0,0.0,0,0,0,0,0,0,0,0
MPP839UGYMED003899,0.0,0.0,0,0,0,0,0,0,0,0
MPP839UGYXLR003,0.0,0.0,0,0,0,0,0,0,0,0
MPP839UGYXLR003899,0.0,0.0,0,0,0,0,0,0,0,0
MPP839VIO2XL003,0.0,0.0,0,0,0,0,0,0,0,0
MPP839VIO2XL003899,0.0,0.0,0,0,0,0,0,0,0,0
MPP839VIOLAR003,0.0,0.0,0,0,0,0,0,0,0,0
MPP839VIOLAR003899,0.0,0.0,0,0,0,0,0,0,0,0
MPP839VIOMED003,0.0,0.0,0,0,0,0,0,0,0,0
MPP839VIOMED003899,0.0,0.0,0,0,0,0,0,0,0,0
MPP839VIOXLR003,0.0,0.0,0,0,0,0,0,0,0,0
MPP839VIOXLR003899,0.0,0.0,0,0,0,0,0,0,0,0
MPP839WFS2XL002,0.0,6.0,6,6,0,0,0,0,0,0
MPP839WFSLAR002,0.0,0.0,0,0,0,0,0,0,0,0
MPP839WFSXLR002,0.0,2.0,2,2,0,0,0,0,0,0
MPP839WLG2XL003,0.0,0.0,0,0,0,0,0,0,0,0
MPP839WLG2XL003899,0.0,0.0,0,0,0,0,0,0,0,0
MPP839WLGLAR003,0.0,0.0,0,0,0,0,0,0,0,0
MPP839WLGLAR003899,0.0,0.0,0,0,0,0,0,0,0,0
MPP839WLGMED003899,0.0,0.0,0,0,0,0,0,0,0,0
MPP839WLGXLR003899,0.0,0.0,0,0,0,0,0,0,0,0
MPP842BLK2XL,0.0,85.0,85,73,0,12,12,6,5,1
MPP842BLKLAR,0.0,1.0,1,1,0,0,0,0,0,0
MPP842BLKMED,0.0,1.0,1,1,0,0,0,0,0,0
MPP842BLKXLR,0.0,0.0,0,0,0,0,0,0,0,0
MPP842BTE2XL,0.0,20.0,20,20,0,0,0,0,0,0
MPP842BTELAR,0.0,7.0,7,7,0,0,0,0,0,0
MPP842BTEMED,0.0,0.0,0,0,0,0,0,0,0,0
MPP842BTEXLR,0.0,0.0,0,0,0,0,0,0,0,0
MPP842CNGXLR,0.0,0.0,0,0,0,0,0,0,0,0
MPP842KHI2XL,123.0,93.0,216,138,47,31,78,37,30,11
MPP842KHILAR,0.0,0.0,0,0,0,0,0,0,0,0
MPP842KHIMED,143.0,49.0,192,123,41,28,69,33,27,9
MPP842KHIXLR,21.0,83.0,104,89,0,15,15,7,6,2
MPP842LTG2XL,0.0,4.0,4,4,0,0,0,0,0,0
MPP842LTGLAR,0.0,7.0,7,7,0,0,0,0,0,0
MPP842LTGMED,0.0,3.0,3,3,0,0,0,0,0,0
MPP842LTGXLR,0.0,0.0,0,0,0,0,0,0,0,0
MPP842TLE2XL,81.0,42.0,123,79,26,18,44,21,17,6
MPP842TLELAR,0.0,2.0,2,2,0,0,0,0,0,0
MPP842TLEMED,30.0,37.0,67,57,0,10,10,5,4,1
MPP842TLEXLR,1.0,26.0,27,23,0,4,4,2,2,0
MPP842TRN2XL,0.0,37.0,37,32,0,5,5,2,2,1
MPP842TRNLAR,0.0,28.0,28,24,0,4,4,2,2,0
MPP842TRNMED,0.0,9.0,9,9,0,0,0,0,0,0
MPP842TRNXLR,0.0,4.0,4,4,0,0,0,0,0,0
MPP842WLG2XL,0.0,20.0,20,20,0,0,0,0,0,0
MPP842WLGLAR,0.0,6.0,6,6,0,0,0,0,0,0
MPP842WLGMED,0.0,58.0,58,50,0,8,8,4,3,1
MPP844BLK2XL,38.0,20.0,58,50,8,0,8,4,3,1
MPP844BLKLAR,83.0,62.0,145,93,31,21,52,25,20,7
MPP844BLKMED,310.0,59.0,369,250,80,39,119,56,46,17
MPP844BLKXLR,0.0,0.0,0,0,0,0,0,0,0,0
MPP844CGY2XL,0.0,0.0,0,0,0,0,0,0,0,0
MPP844CGYXLR,0.0,0.0,0,0,0,0,0,0,0,0
MPP844CNGLAR,0.0,0.0,0,0,0,0,0,0,0,0
MPP844TRN2XL,0.0,1.0,1,1,0,0,0,0,0,0
MPP844TRNLAR,0.0,5.0,5,5,0,0,0,0,0,0
MPP844TRNMED,50.0,61.0,111,75,20,16,36,17,14,5
MPP844TRNXLR,0.0,0.0,0,0,0,0,0,0,0,0
MPP844WLG2XL,6.0,26.0,32,27,0,5,5,2,2,1
MPP844WLGLAR,109.0,97.0,206,132,44,30,74,35,29,10
MPP844WLGMED,17.0,14.0,31,31,0,0,0,0,0,0
MPP844WLGXLR,208.0,172.0,380,243,82,55,137,65,53,19
MPP845BLK2XL,103.0,59.0,162,104,35,23,58,27,23,8
MPP845BLKLAR,216.0,37.0,253,181,55,17,72,34,28,10
MPP845BLKMED,222.0,30.0,252,187,55,10,65,31,25,9
MPP845BLKXLR,408.0,168.0,576,369,124,83,207,98,80,29
MPP845HBE2XL,0.0,0.0,0,0,0,0,0,0,0,0
MPP845HBELAR,0.0,1.0,1,1,0,0,0,0,0,0
MPP845HBEMED,0.0,0.0,0,0,0,0,0,0,0,0
MPP845HBEXLR,0.0,0.0,0,0,0,0,0,0,0,0
MPP845IRG2XL,27.0,20.0,47,47,0,0,0,0,0,0
MPP845IRGLAR,17.0,11.0,28,28,0,0,0,0,0,0
MPP845IRGMED,3.0,10.0,13,13,0,0,0,0,0,0
MPP845IRGXLR,0.0,0.0,0,0,0,0,0,0,0,0
MPP845KBL2XL,0.0,6.0,6,6,0,0,0,0,0,0
MPP845KBLLAR,31.0,12.0,43,42,1,0,1,0,0,1
MPP845KBLMED,74.0,28.0,102,72,22,8,30,14,12,4
MPP845KBLXLR,0.0,19.0,19,19,0,0,0,0,0,0
MPP845KHILAR,0.0,0.0,0,0,0,0,0,0,0,0
MPP845TRN2XL,0.0,24.0,24,20,0,4,4,2,2,0
MPP845TRNLAR,75.0,49.0,124,79,27,18,45,21,18,6
MPP845TRNMED,174.0,51.0,225,145,49,31,80,38,31,11
MPP845TRNXLR,132.0,58.0,190,122,41,27,68,32,26,10
MPP859BLK2XL,0.0,0.0,0,0,0,0,0,0,0,0
MPP859BLKLAR,0.0,10.0,10,10,0,0,0,0,0,0
MPP859BLKMED,0.0,4.0,4,4,0,0,0,0,0,0
MPP859BOE2XL,0.0,1.0,1,1,0,0,0,0,0,0
MPP859BOELAR,0.0,3.0,3,3,0,0,0,0,0,0
MPP859BOEMED,0.0,0.0,0,0,0,0,0,0,0,0
MPP859BOEXLR,0.0,0.0,0,0,0,0,0,0,0,0
MPP859CNG2XL,0.0,3.0,3,3,0,0,0,0,0,0
MPP859CNGLAR,0.0,5.0,5,5,0,0,0,0,0,0
MPP859CNGMED,0.0,11.0,11,11,0,0,0,0,0,0
MPP859LTG2XL,0.0,1.0,1,1,0,0,0,0,0,0
MPP859LTGLAR,0.0,7.0,7,7,0,0,0,0,0,0
MPP859LTGMED,0.0,14.0,14,14,0,0,0,0,0,0
MPP859LTGXLR,0.0,0.0,0,0,0,0,0,0,0,0
MPP859OGYLAR,0.0,3.0,3,3,0,0,0,0,0,0
MPP859OGYMED,0.0,8.0,8,8,0,0,0,0,0,0
MPP859TRN2XL,0.0,5.0,5,5,0,0,0,0,0,0
MPP859TRNLAR,0.0,23.0,23,20,0,3,3,1,1,1
MPP859TRNMED,0.0,22.0,22,20,0,2,2,1,1,0
MPP878BLK2XL,0.0,14.0,14,14,0,0,0,0,0,0
MPP878BLKLAR,0.0,192.0,192,164,0,28,28,13,11,4
MPP878BLKMED,0.0,262.0,262,224,0,38,38,18,15,5
MPP878BLKXLR,0.0,0.0,0,0,0,0,0,0,0,0
MPP878BOE2XL,0.0,0.0,0,0,0,0,0,0,0,0
MPP878BOELAR,0.0,10.0,10,10,0,0,0,0,0,0
MPP878BOEMED,0.0,26.0,26,22,0,4,4,2,2,0
MPP878BOEXLR,0.0,2.0,2,2,0,0,0,0,0,0
MPP878KHI2XL,0.0,0.0,0,0,0,0,0,0,0,0
MPP878KHILAR,0.0,17.0,17,17,0,0,0,0,0,0
MPP878KHIMED,0.0,96.0,96,82,0,14,14,7,5,2
MPP878KHIXLR,0.0,4.0,4,4,0,0,0,0,0,0
MPP878LTG2XL,11.0,21.0,32,31,0,1,1,0,0,1
MPP878LTGLAR,33.0,38.0,71,58,3,10,13,6,5,2
MPP878LTGMED,41.0,39.0,80,57,11,12,23,11,9,3
MPP878LTGXLR,28.0,26.0,54,48,0,6,6,3,2,1
MPP878NYB2XL,0.0,4.0,4,4,0,0,0,0,0,0
MPP878NYBLAR,5.0,24.0,29,25,0,4,4,2,2,0
MPP878NYBMED,72.0,67.0,139,89,30,20,50,24,19,7
MPP878NYBXLR,0.0,11.0,11,11,0,0,0,0,0,0
MPP878SKO2XL,0.0,0.0,0,0,0,0,0,0,0,0
MPP878SKOLAR,0.0,1.0,1,1,0,0,0,0,0,0
MPP878SKOMED,0.0,24.0,24,20,0,4,4,2,2,0
MPP878SKOXLR,0.0,1.0,1,1,0,0,0,0,0,0
MPP878WLG2XL,0.0,0.0,0,0,0,0,0,0,0,0
MPP878WLGLAR,0.0,10.0,10,10,0,0,0,0,0,0
MPP878WLGMED,0.0,154.0,154,132,0,22,22,10,9,3
MPP878WLGXLR,0.0,5.0,5,5,0,0,0,0,0,0
MPP879BLK2XL,0.0,2.0,2,2,0,0,0,0,0,0
MPP879BLKLAR,0.0,0.0,0,0,0,0,0,0,0,0
MPP879BLKMED,0.0,0.0,0,0,0,0,0,0,0,0
MPP879BLKXLR,0.0,1.0,1,1,0,0,0,0,0,0
MPP879BOE2XL,0.0,4.0,4,4,0,0,0,0,0,0
MPP879BOELAR,0.0,1.0,1,1,0,0,0,0,0,0
MPP879BOEMED,0.0,6.0,6,6,0,0,0,0,0,0
MPP879BOEXLR,0.0,1.0,1,1,0,0,0,0,0,0
MPP879IRG2XL,0.0,16.0,16,16,0,0,0,0,0,0
MPP879IRGLAR,0.0,8.0,8,8,0,0,0,0,0,0
MPP879IRGMED,0.0,1.0,1,1,0,0,0,0,0,0
MPP879IRGXLR,0.0,1.0,1,1,0,0,0,0,0,0
MPP879LTG2XL,0.0,4.0,4,4,0,0,0,0,0,0
MPP879LTGLAR,0.0,6.0,6,6,0,0,0,0,0,0
MPP879LTGMED,0.0,0.0,0,0,0,0,0,0,0,0
MPP879LTGXLR,0.0,3.0,3,3,0,0,0,0,0,0
MPP879NVY2XL,0.0,4.0,4,4,0,0,0,0,0,0
MPP879NVYLAR,0.0,5.0,5,5,0,0,0,0,0,0
MPP879NVYMED,0.0,2.0,2,2,0,0,0,0,0,0
MPP879NVYXLR,0.0,28.0,28,24,0,4,4,2,2,0
MPP879NYB2XL,0.0,0.0,0,0,0,0,0,0,0,0
MPP879NYBLAR,0.0,3.0,3,3,0,0,0,0,0,0
MPP879NYBXLR,0.0,1.0,1,1,0,0,0,0,0,0
MPP879TRN2XL,0.0,9.0,9,9,0,0,0,0,0,0
MPP879TRNLAR,0.0,2.0,2,2,0,0,0,0,0,0
MPP879TRNMED,0.0,1.0,1,1,0,0,0,0,0,0
MPP879TRNXLR,0.0,1.0,1,1,0,0,0,0,0,0
MPP896BLK2XL,0.0,0.0,0,0,0,0,0,0,0,0
MPP896BLKLAR,0.0,0.0,0,0,0,0,0,0,0,0
MPP896BLKMED,0.0,11.0,11,11,0,0,0,0,0,0
MPP896BLKXLR,0.0,0.0,0,0,0,0,0,0,0,0
MPP896BTE2XL,0.0,37.0,37,32,0,5,5,2,2,1
MPP896BTELAR,0.0,0.0,0,0,0,0,0,0,0,0
MPP896BTEMED,0.0,0.0,0,0,0,0,0,0,0,0
MPP896BTEXLR,0.0,16.0,16,16,0,0,0,0,0,0
MPP896GFT2XL,0.0,26.0,26,22,0,4,4,2,2,0
MPP896GFTLAR,0.0,8.0,8,8,0,0,0,0,0,0
MPP896GFTMED,0.0,69.0,69,59,0,10,10,5,4,1
MPP896GFTXLR,0.0,0.0,0,0,0,0,0,0,0,0
MPP896KHI2XL,0.0,0.0,0,0,0,0,0,0,0,0
MPP896KHILAR,0.0,0.0,0,0,0,0,0,0,0,0
MPP896KHIMED,0.0,0.0,0,0,0,0,0,0,0,0
MPP896KHIXLR,0.0,0.0,0,0,0,0,0,0,0,0
MPP896NYB2XL,0.0,0.0,0,0,0,0,0,0,0,0
MPP896NYBLAR,0.0,0.0,0,0,0,0,0,0,0,0
MPP896NYBMED,0.0,36.0,36,31,0,5,5,2,2,1
MPP896NYBXLR,0.0,1.0,1,1,0,0,0,0,0,0
MPP896SKO2XL,0.0,0.0,0,0,0,0,0,0,0,0
MPP896SKOLAR,0.0,1.0,1,1,0,0,0,0,0,0
MPP896SKOMED,0.0,1.0,1,1,0,0,0,0,0,0
MPP896SKOXLR,0.0,0.0,0,0,0,0,0,0,0,0
MPP896WLG2XL,0.0,1.0,1,1,0,0,0,0,0,0
MPP896WLGLAR,0.0,0.0,0,0,0,0,0,0,0,0
MPP896WLGMED,0.0,1.0,1,1,0,0,0,0,0,0
MPP896WLGXLR,0.0,0.0,0,0,0,0,0,0,0,0
MPP899BLK2XL,0.0,0.0,0,0,0,0,0,0,0,0
MPP899BLKLAR,0.0,0.0,0,0,0,0,0,0,0,0
MPP899BLKMED,0.0,0.0,0,0,0,0,0,0,0,0
MPP899BLKXLR,0.0,0.0,0,0,0,0,0,0,0,0
MPP899NYB2XL,0.0,4.0,4,4,0,0,0,0,0,0
MPP899NYBLAR,0.0,4.0,4,4,0,0,0,0,0,0
MPP899NYBMED,0.0,0.0,0,0,0,0,0,0,0,0
MPP899NYBXLR,0.0,1.0,1,1,0,0,0,0,0,0
MPP899OGY2XL,0.0,2.0,2,2,0,0,0,0,0,0
MPP899OGYLAR,0.0,0.0,0,0,0,0,0,0,0,0
MPP899OGYXLR,0.0,0.0,0,0,0,0,0,0,0,0
MPP899TRN2XL,15.0,15.0,30,30,0,0,0,0,0,0
MPP899TRNLAR,10.0,14.0,24,24,0,0,0,0,0,0
MPP899TRNMED,0.0,3.0,3,3,0,0,0,0,0,0
MPP899TRNXLR,2.0,12.0,14,14,0,0,0,0,0,0
MPP899WLG2XL,0.0,2.0,2,2,0,0,0,0,0,0
MPP899WLGLAR,0.0,0.0,0,0,0,0,0,0,0,0
MPP899WLGXLR,0.0,0.0,0,0,0,0,0,0,0,0
MPP900BLK2XL,10.0,10.0,20,20,0,0,0,0,0,0
MPP900BLK2XL799,48.0,65.0,113,79,18,16,34,16,13,5
MPP900BLKLAR,0.0,1.0,1,1,0,0,0,0,0,0
MPP900BLKLAR799,64.0,105.0,169,111,34,24,58,27,23,8
MPP900BLKMED,0.0,0.0,0,0,0,0,0,0,0,0
MPP900BLKMED799,69.0,221.0,290,209,39,42,81,38,32,11
MPP900BLKXLR,7.0,10.0,17,17,0,0,0,0,0,0
MPP900BLKXLR799,143.0,142.0,285,182,62,41,103,49,40,14
MPP900GFT2XL799,58.0,60.0,118,76,25,17,42,20,16,6
MPP900GFTLAR799,81.0,91.0,172,110,37,25,62,29,24,9
MPP900GFTMED799,42.0,48.0,90,65,12,13,25,12,10,3
MPP900GFTXLR799,160.0,138.0,298,191,64,43,107,51,42,14
MPP900NYB2XL,0.0,0.0,0,0,0,0,0,0,0,0
MPP900NYB2XL799,52.0,71.0,123,83,22,18,40,19,16,5
MPP900NYBLAR,0.0,1.0,1,1,0,0,0,0,0,0
MPP900NYBLAR799,83.0,78.0,161,103,35,23,58,27,23,8
MPP900NYBMED,0.0,0.0,0,0,0,0,0,0,0,0
MPP900NYBMED799,112.0,112.0,224,143,49,32,81,38,32,11
MPP900NYBXLR,0.0,4.0,4,4,0,0,0,0,0,0
MPP900NYBXLR799,146.0,175.0,321,205,70,46,116,55,45,16
MPP900TRN2XL,0.0,1.0,1,1,0,0,0,0,0,0
MPP900TRNLAR,0.0,0.0,0,0,0,0,0,0,0,0
MPP900TRNMED799,83.0,10.0,93,73,20,0,20,9,8,3
MPP900TRNXLR,0.0,0.0,0,0,0,0,0,0,0,0
MPP913BLK2XL,3.0,28.0,31,27,0,4,4,2,2,0
MPP913BLKLAR,27.0,74.0,101,87,0,14,14,7,5,2
MPP913BLKMED,35.0,43.0,78,62,5,11,16,8,6,2
MPP913BLKXLR,2.0,147.0,149,127,0,22,22,10,9,3
MPP913GFT2XL,0.0,0.0,0,0,0,0,0,0,0,0
MPP913GFTLAR,0.0,0.0,0,0,0,0,0,0,0,0
MPP913GFTMED,0.0,0.0,0,0,0,0,0,0,0,0
MPP913GFTXLR,0.0,0.0,0,0,0,0,0,0,0,0
MPP913KHI2XL,0.0,1.0,1,1,0,0,0,0,0,0
MPP913KHILAR,0.0,0.0,0,0,0,0,0,0,0,0
MPP913KHIMED,0.0,8.0,8,8,0,0,0,0,0,0
MPP913KHIXLR,0.0,6.0,6,6,0,0,0,0,0,0
MPP913LTG2XL,0.0,0.0,0,0,0,0,0,0,0,0
MPP913LTGLAR,0.0,2.0,2,2,0,0,0,0,0,0
MPP913LTGMED,0.0,6.0,6,6,0,0,0,0,0,0
MPP913LTGXLR,0.0,0.0,0,0,0,0,0,0,0,0
MPP913NYB2XL,0.0,0.0,0,0,0,0,0,0,0,0
MPP913NYBLAR,0.0,76.0,76,65,0,11,11,5,4,2
MPP913NYBMED,0.0,66.0,66,56,0,10,10,5,4,1
MPP913NYBXLR,0.0,12.0,12,12,0,0,0,0,0,0
MPP913OGY2XL,0.0,1.0,1,1,0,0,0,0,0,0
MPP913OGYLAR,0.0,1.0,1,1,0,0,0,0,0,0
MPP913OGYMED,0.0,0.0,0,0,0,0,0,0,0,0
MPP913OGYXLR,0.0,3.0,3,3,0,0,0,0,0,0
MPP913TRN2XL,0.0,11.0,11,11,0,0,0,0,0,0
MPP913TRNLAR,0.0,16.0,16,16,0,0,0,0,0,0
MPP913TRNMED,0.0,7.0,7,7,0,0,0,0,0,0
MPP913TRNXLR,11.0,15.0,26,26,0,0,0,0,0,0
MPP913WLG2XL,0.0,8.0,8,8,0,0,0,0,0,0
MPP913WLGLAR,0.0,15.0,15,15,0,0,0,0,0,0
MPP913WLGMED,0.0,12.0,12,12,0,0,0,0,0,0
MPP913WLGXLR,23.0,12.0,35,35,0,0,0,0,0,0
MPP919BLE2XL,0.0,10.0,10,10,0,0,0,0,0,0
MPP919BLELAR,0.0,4.0,4,4,0,0,0,0,0,0
MPP919BLEMED,0.0,2.0,2,2,0,0,0,0,0,0
MPP919BLEXLR,0.0,6.0,6,6,0,0,0,0,0,0
MPP919BLK2XL,0.0,0.0,0,0,0,0,0,0,0,0
MPP919BLKLAR,0.0,3.0,3,3,0,0,0,0,0,0
MPP919BLKMED,0.0,213.0,213,182,0,31,31,15,12,4
MPP919BLKXLR,0.0,0.0,0,0,0,0,0,0,0,0
MPP919NYB2XL,0.0,1.0,1,1,0,0,0,0,0,0
MPP919NYBLAR,0.0,12.0,12,12,0,0,0,0,0,0
MPP919NYBMED,0.0,179.0,179,153,0,26,26,12,10,4
MPP919NYBXLR,0.0,0.0,0,0,0,0,0,0,0,0
MPP919TRN2XL,0.0,0.0,0,0,0,0,0,0,0,0
MPP919TRNLAR,0.0,0.0,0,0,0,0,0,0,0,0
MPP919TRNMED,0.0,200.0,200,171,0,29,29,14,11,4
MPP919TRNXLR,0.0,14.0,14,14,0,0,0,0,0,0
MPP919WLG2XL,0.0,0.0,0,0,0,0,0,0,0,0
MPP919WLGLAR,0.0,0.0,0,0,0,0,0,0,0,0
MPP919WLGMED,0.0,59.0,59,51,0,8,8,4,3,1
MPP919WLGXLR,0.0,0.0,0,0,0,0,0,0,0,0
MPP930BLK2XL,0.0,6.0,6,6,0,0,0,0,0,0
MPP930BLK2XL669,27.0,12.0,39,39,0,0,0,0,0,0
MPP930BLKLAR,0.0,8.0,8,8,0,0,0,0,0,0
MPP930BLKLAR669,60.0,22.0,82,62,18,2,20,9,8,3
MPP930BLKMED,0.0,7.0,7,7,0,0,0,0,0,0
MPP930BLKMED669,62.0,28.0,90,63,19,8,27,13,10,4
MPP930BLKXLR,0.0,4.0,4,4,0,0,0,0,0,0
MPP930BLKXLR669,36.0,19.0,55,49,6,0,6,3,2,1
MPP930GFT2XL,0.0,2.0,2,2,0,0,0,0,0,0
MPP930GFTLAR,0.0,4.0,4,4,0,0,0,0,0,0
MPP930GFTLAR669,0.0,13.0,13,13,0,0,0,0,0,0
MPP930GFTMED,0.0,3.0,3,3,0,0,0,0,0,0
MPP930GFTMED669,0.0,7.0,7,7,0,0,0,0,0,0
MPP930GFTXLR,0.0,2.0,2,2,0,0,0,0,0,0
MPP930NYB2XL,0.0,3.0,3,3,0,0,0,0,0,0
MPP930NYBLAR,0.0,1.0,1,1,0,0,0,0,0,0
MPP930NYBLAR669,2.0,17.0,19,19,0,0,0,0,0,0
MPP930NYBMED,0.0,5.0,5,5,0,0,0,0,0,0
MPP930NYBMED669,23.0,16.0,39,39,0,0,0,0,0,0
MPP930NYBXLR,0.0,1.0,1,1,0,0,0,0,0,0
MPP930OFW2XL,0.0,21.0,21,20,0,1,1,0,0,1
MPP930OFW2XL669,0.0,23.0,23,20,0,3,3,1,1,1
MPP930OFWLAR,0.0,0.0,0,0,0,0,0,0,0,0
MPP930OFWLAR669,0.0,0.0,0,0,0,0,0,0,0,0
MPP930OFWMED,0.0,14.0,14,14,0,0,0,0,0,0
MPP930OFWMED669,0.0,24.0,24,20,0,4,4,2,2,0
MPP930OFWXLR,0.0,76.0,76,65,0,11,11,5,4,2
MPP930OFWXLR669,0.0,27.0,27,23,0,4,4,2,2,0
MPP930RYB2XL,72.0,10.0,82,64,18,0,18,8,7,3
MPP930RYB2XL669,0.0,51.0,51,44,0,7,7,3,3,1
MPP930RYBLAR,0.0,11.0,11,11,0,0,0,0,0,0
MPP930RYBLAR669,23.0,12.0,35,35,0,0,0,0,0,0
MPP930RYBMED,0.0,9.0,9,9,0,0,0,0,0,0
MPP930RYBMED669,19.0,21.0,40,39,0,1,1,0,0,1
MPP930RYBXLR,0.0,11.0,11,11,0,0,0,0,0,0
MPP931BLK2XL,0.0,8.0,8,8,0,0,0,0,0,0
MPP931BLK2XL769,18.0,17.0,35,35,0,0,0,0,0,0
MPP931BLKLAR,0.0,8.0,8,8,0,0,0,0,0,0
MPP931BLKLAR769,0.0,10.0,10,10,0,0,0,0,0,0
MPP931BLKMED,0.0,0.0,0,0,0,0,0,0,0,0
MPP931BLKMED769,26.0,20.0,46,46,0,0,0,0,0,0
MPP931BLKXLR,0.0,1.0,1,1,0,0,0,0,0,0
MPP931BLKXLR769,3.0,12.0,15,15,0,0,0,0,0,0
MPP931GFT2XL,0.0,2.0,2,2,0,0,0,0,0,0
MPP931GFT2XL769,2.0,14.0,16,16,0,0,0,0,0,0
MPP931GFTLAR,0.0,5.0,5,5,0,0,0,0,0,0
MPP931GFTLAR769,0.0,13.0,13,13,0,0,0,0,0,0
MPP931GFTMED769,4.0,20.0,24,24,0,0,0,0,0,0
MPP931GFTXLR,0.0,2.0,2,2,0,0,0,0,0,0
MPP931GFTXLR769,2.0,17.0,19,19,0,0,0,0,0,0
MPP931NYB2XL,0.0,1.0,1,1,0,0,0,0,0,0
MPP931NYB2XL769,0.0,12.0,12,12,0,0,0,0,0,0
MPP931NYBLAR,0.0,9.0,9,9,0,0,0,0,0,0
MPP931NYBLAR769,4.0,16.0,20,20,0,0,0,0,0,0
MPP931NYBMED,18.0,11.0,29,29,0,0,0,0,0,0
MPP931NYBMED769,3.0,19.0,22,22,0,0,0,0,0,0
MPP931NYBXLR,0.0,10.0,10,10,0,0,0,0,0,0
MPP931NYBXLR769,2.0,13.0,15,15,0,0,0,0,0,0
MPP931OFW2XL,0.0,17.0,17,17,0,0,0,0,0,0
MPP931OFW2XL769,0.0,40.0,40,34,0,6,6,3,2,1
MPP931OFWLAR,0.0,4.0,4,4,0,0,0,0,0,0
MPP931OFWLAR769,0.0,13.0,13,13,0,0,0,0,0,0
MPP931OFWMED,0.0,7.0,7,7,0,0,0,0,0,0
MPP931OFWMED769,0.0,18.0,18,18,0,0,0,0,0,0
MPP931OFWXLR,0.0,13.0,13,13,0,0,0,0,0,0
MPP931OFWXLR769,0.0,6.0,6,6,0,0,0,0,0,0
MPP931RYB2XL,2.0,17.0,19,19,0,0,0,0,0,0
MPP931RYB2XL769,24.0,10.0,34,34,0,0,0,0,0,0
MPP931RYBLAR,0.0,6.0,6,6,0,0,0,0,0,0
MPP931RYBLAR769,4.0,11.0,15,15,0,0,0,0,0,0
MPP931RYBMED,0.0,8.0,8,8,0,0,0,0,0,0
MPP931RYBMED769,17.0,12.0,29,29,0,0,0,0,0,0
MPP931RYBXLR,0.0,9.0,9,9,0,0,0,0,0,0
MPP931RYBXLR769,0.0,2.0,2,2,0,0,0,0,0,0
MPP935BLK2XL,0.0,0.0,0,0,0,0,0,0,0,0
MPP935BLKLAR,0.0,0.0,0,0,0,0,0,0,0,0
MPP935BLKMED,0.0,0.0,0,0,0,0,0,0,0,0
MPP935BLKXLR,0.0,0.0,0,0,0,0,0,0,0,0
MPP935GFT2XL,0.0,0.0,0,0,0,0,0,0,0,0
MPP935GFTLAR,0.0,2.0,2,2,0,0,0,0,0,0
MPP935GFTMED,0.0,43.0,43,37,0,6,6,3,2,1
MPP935GFTXLR,0.0,0.0,0,0,0,0,0,0,0,0
MPP935NYBLAR,0.0,0.0,0,0,0,0,0,0,0,0
MPP935SKOXLR,0.0,0.0,0,0,0,0,0,0,0,0
MPP935WLG2XL,0.0,0.0,0,0,0,0,0,0,0,0
MPP935WLGLAR,0.0,0.0,0,0,0,0,0,0,0,0
MPP935WLGMED,0.0,0.0,0,0,0,0,0,0,0,0
MPP935WLGXLR,0.0,0.0,0,0,0,0,0,0,0,0
MPP936BLK2XL,0.0,0.0,0,0,0,0,0,0,0,0
MPP936BLKLAR,0.0,0.0,0,0,0,0,0,0,0,0
MPP936BLKMED,0.0,13.0,13,13,0,0,0,0,0,0
MPP936BLKXLR,0.0,5.0,5,5,0,0,0,0,0,0
MPP936KHI2XL,0.0,0.0,0,0,0,0,0,0,0,0
MPP936KHILAR,0.0,0.0,0,0,0,0,0,0,0,0
MPP936KHIMED,0.0,33.0,33,28,0,5,5,2,2,1
MPP936KHIXLR,0.0,1.0,1,1,0,0,0,0,0,0
MPP936LTGLAR,0.0,0.0,0,0,0,0,0,0,0,0
MPP936LTGMED,0.0,1.0,1,1,0,0,0,0,0,0
MPP936LTGXLR,0.0,0.0,0,0,0,0,0,0,0,0
MPP936NYBLAR,0.0,0.0,0,0,0,0,0,0,0,0
MPP936NYBMED,0.0,9.0,9,9,0,0,0,0,0,0
MPP936NYBXLR,0.0,0.0,0,0,0,0,0,0,0,0
MPP936SKOLAR,0.0,1.0,1,1,0,0,0,0,0,0
MPP936SKOMED,0.0,1.0,1,1,0,0,0,0,0,0
MPP936SKOXLR,0.0,0.0,0,0,0,0,0,0,0,0
MPP936TRNLAR,0.0,1.0,1,1,0,0,0,0,0,0
MPP936TRNMED,0.0,4.0,4,4,0,0,0,0,0,0
MPP936TRNXLR,0.0,3.0,3,3,0,0,0,0,0,0
MPP936WLGLAR,0.0,0.0,0,0,0,0,0,0,0,0
MPP936WLGMED,0.0,0.0,0,0,0,0,0,0,0,0
MPP936WLGXLR,0.0,0.0,0,0,0,0,0,0,0,0
MPP939BLK2XL,0.0,22.0,22,20,0,2,2,1,1,0
MPP939BLKLAR,0.0,4.0,4,4,0,0,0,0,0,0
MPP939BLKMED,0.0,25.0,25,21,0,4,4,2,2,0
MPP939BLKXLR,0.0,7.0,7,7,0,0,0,0,0,0
MPP939KHI2XL,0.0,21.0,21,20,0,1,1,0,0,1
MPP939KHILAR,0.0,0.0,0,0,0,0,0,0,0,0
MPP939KHIMED,0.0,1.0,1,1,0,0,0,0,0,0
MPP939KHIXLR,0.0,2.0,2,2,0,0,0,0,0,0
MPP939NYB2XL,34.0,12.0,46,42,4,0,4,2,2,0
MPP939NYBLAR,1.0,29.0,30,26,0,4,4,2,2,0
MPP939NYBMED,46.0,40.0,86,58,16,12,28,13,11,4
MPP939NYBXLR,30.0,27.0,57,50,0,7,7,3,3,1
MPP939SKO2XL,17.0,12.0,29,29,0,0,0,0,0,0
MPP939SKOLAR,13.0,10.0,23,23,0,0,0,0,0,0
MPP939SKOMED,33.0,20.0,53,50,3,0,3,1,1,1
MPP939SKOXLR,26.0,11.0,37,37,0,0,0,0,0,0
MPP939WLG2XL,19.0,19.0,38,38,0,0,0,0,0,0
MPP939WLGLAR,0.0,14.0,14,14,0,0,0,0,0,0
MPP939WLGMED,20.0,16.0,36,36,0,0,0,0,0,0
MPP939WLGXLR,8.0,14.0,22,22,0,0,0,0,0,0
MPP953BLK2XL,269.0,163.0,432,276,94,62,156,74,61,21
MPP953BLKLAR,503.0,212.0,715,458,154,103,257,121,100,36
MPP953BLKMED,411.0,174.0,585,374,127,84,211,100,82,29
MPP953BLKXLR,411.0,175.0,586,375,127,84,211,100,82,29
MPP953GFT2XL,0.0,0.0,0,0,0,0,0,0,0,0
MPP953GFTLAR,0.0,3.0,3,3,0,0,0,0,0,0
MPP953GFTMED,0.0,1.0,1,1,0,0,0,0,0,0
MPP953GFTXLR,0.0,2.0,2,2,0,0,0,0,0,0
MPP953KHI2XL,151.0,63.0,214,137,46,31,77,36,30,11
MPP953KHILAR,252.0,110.0,362,232,78,52,130,61,51,18
MPP953KHIMED,195.0,80.0,275,176,59,40,99,47,38,14
MPP953KHIXLR,204.0,87.0,291,186,63,42,105,50,41,14
MPP953LTG2XL899,151.0,65.0,216,138,47,31,78,37,30,11
MPP953LTGLAR899,256.0,110.0,366,234,79,53,132,62,51,19
MPP953LTGMED899,206.0,88.0,294,188,64,42,106,50,41,15
MPP953LTGXLR899,206.0,88.0,294,188,64,42,106,50,41,15
MPP953NVY2XL899,151.0,64.0,215,138,46,31,77,36,30,11
MPP953NVYLAR899,248.0,118.0,366,234,79,53,132,62,51,19
MPP953NVYMED899,206.0,88.0,294,188,64,42,106,50,41,15
MPP953NVYXLR899,127.0,168.0,295,189,64,42,106,50,41,15
MPP953VIO2XL,0.0,2.0,2,2,0,0,0,0,0,0
MPP953VIOLAR,0.0,2.0,2,2,0,0,0,0,0,0
MPP953VIOMED,0.0,11.0,11,11,0,0,0,0,0,0
MPP953VIOXLR,0.0,1.0,1,1,0,0,0,0,0,0
MPP953WLG2XL,157.0,66.0,223,143,48,32,80,38,31,11
MPP953WLGLAR,251.0,109.0,360,230,78,52,130,61,51,18
MPP953WLGMED,206.0,88.0,294,188,64,42,106,50,41,15
MPP953WLGXLR,198.0,88.0,286,183,62,41,103,49,40,14
MPP994BLE2XL999,2.0,64.0,66,56,0,10,10,5,4,1
MPP994BLELAR999,74.0,41.0,115,74,25,16,41,19,16,6
MPP994BLEMED999,124.0,55.0,179,115,38,26,64,30,25,9
MPP994BLEXLR999,74.0,41.0,115,74,25,16,41,19,16,6
MPP994BLK2XL999,130.0,57.0,187,120,40,27,67,32,26,9
MPP994BLKLAR999,210.0,193.0,403,258,87,58,145,68,56,21
MPP994BLKMED999,230.0,247.0,477,305,103,69,172,81,67,24
MPP994BLKXLR999,210.0,192.0,402,257,87,58,145,68,56,21
MPP994BOE2XL999,2.0,63.0,65,56,0,9,9,4,4,1
MPP994BOELAR999,74.0,41.0,115,74,25,16,41,19,16,6
MPP994BOEMED999,124.0,56.0,180,115,39,26,65,31,25,9
MPP994BOEXLR999,74.0,41.0,115,74,25,16,41,19,16,6
MPP994GFT2XL999,4.0,63.0,67,57,0,10,10,5,4,1
MPP994GFTLAR999,78.0,41.0,119,76,26,17,43,20,17,6
MPP994GFTMED999,128.0,56.0,184,118,40,26,66,31,26,9
MPP994GFTXLR999,78.0,41.0,119,76,26,17,43,20,17,6
MPP994OGY2XL999,8.0,66.0,74,63,0,11,11,5,4,2
MPP994OGYLAR999,14.0,116.0,130,111,0,19,19,9,7,3
MPP994OGYMED999,34.0,161.0,195,163,4,28,32,15,12,5
MPP994OGYXLR999,14.0,119.0,133,114,0,19,19,9,7,3
MPP995BLELAR1099,0.0,0.0,0,0,0,0,0,0,0,0
MPP995BLEMED1099,0.0,0.0,0,0,0,0,0,0,0,0
MPP995BLEXLR1099,0.0,0.0,0,0,0,0,0,0,0,0
MPP995BLK2XL1099,0.0,0.0,0,0,0,0,0,0,0,0
MPP995BLKLAR1099,0.0,220.0,220,188,0,32,32,15,12,5
MPP995BLKMED1099,0.0,40.0,40,34,0,6,6,3,2,1
MPP995BLKXLR1099,0.0,40.0,40,34,0,6,6,3,2,1
MPP995BOELAR1099,0.0,60.0,60,51,0,9,9,4,4,1
MPP995BOEMED1099,0.0,20.0,20,20,0,0,0,0,0,0
MPP995BOEXLR1099,0.0,0.0,0,0,0,0,0,0,0,0
MPP995GFT2XL1099,0.0,0.0,0,0,0,0,0,0,0,0
MPP995GFTLAR1099,0.0,0.0,0,0,0,0,0,0,0,0
MPP995GFTMED1099,0.0,0.0,0,0,0,0,0,0,0,0
MPP995GFTXLR1099,0.0,0.0,0,0,0,0,0,0,0,0
MPP995OGY2XL1099,0.0,0.0,0,0,0,0,0,0,0,0
MPP995OGYLAR1099,0.0,40.0,40,34,0,6,6,3,2,1
MPP995OGYMED1099,0.0,40.0,40,34,0,6,6,3,2,1
MPP995OGYXLR1099,0.0,0.0,0,0,0,0,0,0,0,0
MPPL86BLK2XL899,228.0,203.0,431,276,93,62,155,73,60,22
MPPL86BLKLAR899,376.0,371.0,747,478,161,108,269,127,105,37
MPPL86BLKMED899,414.0,245.0,659,422,142,95,237,112,92,33
MPPL86BLKXLR899,376.0,154.0,530,339,115,76,191,90,74,27
MPPL86BTE2XL899,78.0,20.0,98,77,21,0,21,10,8,3
MPPL86BTELAR899,76.0,70.0,146,93,32,21,53,25,21,7
MPPL86BTEMED899,114.0,92.0,206,132,44,30,74,35,29,10
MPPL86BTEXLR899,0.0,44.0,44,38,0,6,6,3,2,1
MPPL86GFT2XL899,96.0,41.0,137,88,29,20,49,23,19,7
MPPL86GFTLAR899,18.0,195.0,213,182,0,31,31,15,12,4
MPPL86GFTMED899,38.0,205.0,243,200,8,35,43,20,17,6
MPPL86GFTXLR899,18.0,91.0,109,93,0,16,16,8,6,2
MPPL86NVY2XL899,78.0,20.0,98,77,21,0,21,10,8,3
MPPL86NVYLAR899,76.0,67.0,143,92,31,20,51,24,20,7
MPPL86NVYMED899,114.0,94.0,208,133,45,30,75,35,29,11
MPPL86NVYXLR899,0.0,38.0,38,32,0,6,6,3,2,1
MPPL86WLG2XL899,108.0,27.0,135,99,29,7,36,17,14,5
MPPL86WLGLAR899,18.0,204.0,222,190,0,32,32,15,12,5
MPPL86WLGMED899,38.0,210.0,248,204,8,36,44,21,17,6
MPPL86WLGXLR899,18.0,109.0,127,109,0,18,18,8,7,3
MPPM95BLK2XL,0.0,6.0,6,6,0,0,0,0,0,0
MPPM95BLKLAR,19.0,10.0,29,29,0,0,0,0,0,0
MPPM95BLKMED,0.0,7.0,7,7,0,0,0,0,0,0
MPPM95BLKXLR,0.0,2.0,2,2,0,0,0,0,0,0
MPPM95BTE2XL,0.0,5.0,5,5,0,0,0,0,0,0
MPPM95BTELAR,0.0,4.0,4,4,0,0,0,0,0,0
MPPM95BTEMED,0.0,4.0,4,4,0,0,0,0,0,0
MPPM95BTEXLR,0.0,1.0,1,1,0,0,0,0,0,0
MPPM95NVY2XL,0.0,10.0,10,10,0,0,0,0,0,0
MPPM95NVYLAR,0.0,3.0,3,3,0,0,0,0,0,0
MPPM95NVYMED,0.0,7.0,7,7,0,0,0,0,0,0
MPPM95NVYXLR,0.0,0.0,0,0,0,0,0,0,0,0
MSOR206BLK2XL,0.0,2.0,2,2,0,0,0,0,0,0
MSOR206BLK2XL569,0.0,0.0,0,0,0,0,0,0,0,0
MSOR206BLK2XL599,175.0,149.0,324,207,70,47,117,55,46,16
MSOR206BLK3XL,0.0,202.0,202,173,0,29,29,14,11,4
MSOR206BLK4XL,0.0,130.0,130,111,0,19,19,9,7,3
MSOR206BLK5XL,0.0,99.0,99,85,0,14,14,7,5,2
MSOR206BLKLAR,0.0,0.0,0,0,0,0,0,0,0,0
MSOR206BLKLAR569,0.0,0.0,0,0,0,0,0,0,0,0
MSOR206BLKLAR599,207.0,196.0,403,258,87,58,145,68,56,21
MSOR206BLKMED,0.0,63.0,63,54,0,9,9,4,4,1
MSOR206BLKMED569,0.0,15.0,15,15,0,0,0,0,0,0
MSOR206BLKMED599,298.0,200.0,498,319,107,72,179,85,70,24
MSOR206BLKXLR,0.0,20.0,20,20,0,0,0,0,0,0
MSOR206BLKXLR569,0.0,3.0,3,3,0,0,0,0,0,0
MSOR206BLKXLR599,118.0,148.0,266,170,58,38,96,45,37,14
MSOR206BOE2XL599,80.0,96.0,176,113,38,25,63,30,24,9
MSOR206BOELAR599,110.0,102.0,212,136,46,30,76,36,30,10
MSOR206BOEMED599,130.0,122.0,252,161,55,36,91,43,35,13
MSOR206BOEXLR599,60.0,80.0,140,90,30,20,50,24,19,7
MSOR206BTEMED,0.0,2.0,2,2,0,0,0,0,0,0
MSOR206CNG2XL,0.0,12.0,12,12,0,0,0,0,0,0
MSOR206CNGLAR,0.0,0.0,0,0,0,0,0,0,0,0
MSOR206CNGXLR,0.0,0.0,0,0,0,0,0,0,0,0
MSOR206GFT2XL,0.0,6.0,6,6,0,0,0,0,0,0
MSOR206GFT3XL,0.0,96.0,96,82,0,14,14,7,5,2
MSOR206GFT4XL,0.0,57.0,57,49,0,8,8,4,3,1
MSOR206GFT5XL,0.0,37.0,37,32,0,5,5,2,2,1
MSOR206GFTLAR,0.0,0.0,0,0,0,0,0,0,0,0
MSOR206GFTMED,0.0,0.0,0,0,0,0,0,0,0,0
MSOR206KHI2XL,0.0,0.0,0,0,0,0,0,0,0,0
MSOR206KHI2XL569,0.0,9.0,9,9,0,0,0,0,0,0
MSOR206KHI2XL599,57.0,50.0,107,68,23,16,39,18,15,6
MSOR206KHI3XL,0.0,96.0,96,82,0,14,14,7,5,2
MSOR206KHI4XL,0.0,62.0,62,53,0,9,9,4,4,1
MSOR206KHI5XL,0.0,48.0,48,41,0,7,7,3,3,1
MSOR206KHILAR,0.0,3.0,3,3,0,0,0,0,0,0
MSOR206KHILAR569,0.0,4.0,4,4,0,0,0,0,0,0
MSOR206KHILAR599,42.0,49.0,91,66,12,13,25,12,10,3
MSOR206KHIMED,4.0,35.0,39,33,0,6,6,3,2,1
MSOR206KHIMED569,0.0,4.0,4,4,0,0,0,0,0,0
MSOR206KHIMED599,152.0,50.0,202,129,44,29,73,34,28,11
MSOR206KHIXLR,0.0,23.0,23,20,0,3,3,1,1,1
MSOR206KHIXLR569,0.0,7.0,7,7,0,0,0,0,0,0
MSOR206KHIXLR599,0.0,49.0,49,42,0,7,7,3,3,1
MSOR206NTC2XL,0.0,1.0,1,1,0,0,0,0,0,0
MSOR206NTCLAR,0.0,2.0,2,2,0,0,0,0,0,0
MSOR206NTCMED,13.0,17.0,30,30,0,0,0,0,0,0
MSOR206NTCXLR,18.0,19.0,37,37,0,0,0,0,0,0
MSOR206NVY3XL,0.0,96.0,96,82,0,14,14,7,5,2
MSOR206NVY4XL,0.0,61.0,61,52,0,9,9,4,4,1
MSOR206NVY5XL,0.0,44.0,44,38,0,6,6,3,2,1
MSOR206NYB2XL,0.0,1.0,1,1,0,0,0,0,0,0
MSOR206NYB2XL599,106.0,50.0,156,100,34,22,56,26,22,8
MSOR206NYBLAR,0.0,0.0,0,0,0,0,0,0,0,0
MSOR206NYBLAR599,117.0,53.0,170,109,37,24,61,29,24,8
MSOR206NYBMED,6.0,32.0,38,32,0,6,6,3,2,1
MSOR206NYBMED599,184.0,50.0,234,154,50,30,80,38,31,11
MSOR206NYBXLR,0.0,0.0,0,0,0,0,0,0,0,0
MSOR206NYBXLR599,50.0,49.0,99,65,20,14,34,16,13,5
MSOR206PDB2XL,0.0,1.0,1,1,0,0,0,0,0,0
MSOR206PDBLAR,0.0,0.0,0,0,0,0,0,0,0,0
MSOR206PDBMED,0.0,10.0,10,10,0,0,0,0,0,0
MSOR206PDBXLR,43.0,10.0,53,42,11,0,11,5,4,2
MSOR206UGY2XL,0.0,6.0,6,6,0,0,0,0,0,0
MSOR206UGYMED,0.0,0.0,0,0,0,0,0,0,0,0
MSOR206WLG2XL599,80.0,76.0,156,100,34,22,56,26,22,8
MSOR206WLG3XL,4.0,98.0,102,87,0,15,15,7,6,2
MSOR206WLG4XL,0.0,64.0,64,55,0,9,9,4,4,1
MSOR206WLG5XL,0.0,46.0,46,39,0,7,7,3,3,1
MSOR206WLGLAR599,110.0,61.0,171,109,37,25,62,29,24,9
MSOR206WLGMED599,130.0,104.0,234,150,50,34,84,40,33,11
MSOR206WLGXLR599,60.0,41.0,101,65,22,14,36,17,14,5
MSOR226BLK2XL,0.0,2.0,2,2,0,0,0,0,0,0
MSOR226BLKLAR,0.0,0.0,0,0,0,0,0,0,0,0
MSOR226BLKMED,0.0,0.0,0,0,0,0,0,0,0,0
MSOR226BLKXLR,0.0,51.0,51,44,0,7,7,3,3,1
MSOR226KHI2XL,0.0,0.0,0,0,0,0,0,0,0,0
MSOR226KHILAR,0.0,27.0,27,23,0,4,4,2,2,0
MSOR226KHIMED,0.0,0.0,0,0,0,0,0,0,0,0
MSOR226KHIXLR,0.0,72.0,72,62,0,10,10,5,4,1
MSOR226LTG2XL,0.0,0.0,0,0,0,0,0,0,0,0
MSOR226LTGXLR,0.0,0.0,0,0,0,0,0,0,0,0
MSOR226NYB2XL,0.0,0.0,0,0,0,0,0,0,0,0
MSOR226NYBLAR,0.0,52.0,52,44,0,8,8,4,3,1
MSOR226NYBMED,0.0,0.0,0,0,0,0,0,0,0,0
MSOR226NYBXLR,0.0,62.0,62,53,0,9,9,4,4,1
MSOR226SKOMED,0.0,32.0,32,27,0,5,5,2,2,1
MSOR226TRN2XL,0.0,7.0,7,7,0,0,0,0,0,0
MSOR226TRNMED,24.0,10.0,34,34,0,0,0,0,0,0
MSOR226TRNXLR,0.0,10.0,10,10,0,0,0,0,0,0
MSOR226WLG2XL,0.0,0.0,0,0,0,0,0,0,0,0
MSOR226WLGLAR,0.0,58.0,58,50,0,8,8,4,3,1
MSOR226WLGMED,0.0,0.0,0,0,0,0,0,0,0,0
MSOR226WLGXLR,0.0,42.0,42,36,0,6,6,3,2,1
MSOR26BLK2XL,37.0,13.0,50,43,7,0,7,3,3,1
MSOR26BLK2XL479,37.0,15.0,52,45,7,0,7,3,3,1
MSOR26BLK2XL499,0.0,58.0,58,50,0,8,8,4,3,1
MSOR26BLK3XL,0.0,52.0,52,44,0,8,8,4,3,1
MSOR26BLK3XL479,0.0,5.0,5,5,0,0,0,0,0,0
MSOR26BLK4XL,0.0,0.0,0,0,0,0,0,0,0,0
MSOR26BLK5XL,0.0,0.0,0,0,0,0,0,0,0,0
MSOR26BLKLAR,0.0,2.0,2,2,0,0,0,0,0,0
MSOR26BLKLAR479,0.0,24.0,24,20,0,4,4,2,2,0
MSOR26BLKLAR499,45.0,80.0,125,92,15,18,33,16,13,4
MSOR26BLKMED,15.0,14.0,29,29,0,0,0,0,0,0
MSOR26BLKMED479,0.0,5.0,5,5,0,0,0,0,0,0
MSOR26BLKMED499,54.0,51.0,105,67,23,15,38,18,15,5
MSOR26BLKSML,0.0,67.0,67,57,0,10,10,5,4,1
MSOR26BLKXLR,0.0,8.0,8,8,0,0,0,0,0,0
MSOR26BLKXLR479,0.0,5.0,5,5,0,0,0,0,0,0
MSOR26BLKXLR499,18.0,32.0,50,43,0,7,7,3,3,1
MSOR26BOELAR,1.0,14.0,15,15,0,0,0,0,0,0
MSOR26BOEMED,1.0,13.0,14,14,0,0,0,0,0,0
MSOR26BOEXLR,1.0,21.0,22,21,0,1,1,0,0,1
MSOR26BTE2XL,0.0,5.0,5,5,0,0,0,0,0,0
MSOR26BTE2XL479,0.0,13.0,13,13,0,0,0,0,0,0
MSOR26BTE3XL,0.0,2.0,2,2,0,0,0,0,0,0
MSOR26BTE3XL479,0.0,16.0,16,16,0,0,0,0,0,0
MSOR26BTELAR,0.0,2.0,2,2,0,0,0,0,0,0
MSOR26BTELAR479,29.0,10.0,39,39,0,0,0,0,0,0
MSOR26BTEMED,0.0,1.0,1,1,0,0,0,0,0,0
MSOR26BTEMED479,105.0,40.0,145,94,31,20,51,24,20,7
MSOR26BTEXLR,9.0,10.0,19,19,0,0,0,0,0,0
MSOR26BTEXLR479,0.0,0.0,0,0,0,0,0,0,0,0
MSOR26CBNLAR,0.0,0.0,0,0,0,0,0,0,0,0
MSOR26CNG2XL,0.0,1.0,1,1,0,0,0,0,0,0
MSOR26CNG2XL499,41.0,32.0,73,52,11,10,21,10,8,3
MSOR26CNG3XL,0.0,1.0,1,1,0,0,0,0,0,0
MSOR26CNG4XL,0.0,1.0,1,1,0,0,0,0,0,0
MSOR26CNGLAR499,150.0,53.0,203,130,44,29,73,34,28,11
MSOR26CNGMED499,21.0,90.0,111,95,0,16,16,8,6,2
MSOR26CNGXLR,0.0,1.0,1,1,0,0,0,0,0,0
MSOR26CNGXLR499,7.0,73.0,80,68,0,12,12,6,5,1
MSOR26DCN2XL,0.0,0.0,0,0,0,0,0,0,0,0
MSOR26DCNLAR,0.0,1.0,1,1,0,0,0,0,0,0
MSOR26DCNXLR,0.0,1.0,1,1,0,0,0,0,0,0
MSOR26DNMLAR,0.0,0.0,0,0,0,0,0,0,0,0
MSOR26DNMMED,0.0,1.0,1,1,0,0,0,0,0,0
MSOR26GFT2XL499,0.0,46.0,46,39,0,7,7,3,3,1
MSOR26GFT3XL,0.0,39.0,39,33,0,6,6,3,2,1
MSOR26GFT4XL,0.0,41.0,41,35,0,6,6,3,2,1
MSOR26GFT5XL,0.0,49.0,49,42,0,7,7,3,3,1
MSOR26GFTLAR499,9.0,95.0,104,89,0,15,15,7,6,2
MSOR26GFTMED499,73.0,24.0,97,72,21,4,25,12,10,3
MSOR26GFTXLR499,67.0,25.0,92,67,20,5,25,12,10,3
MSOR26HBELAR,0.0,12.0,12,12,0,0,0,0,0,0
MSOR26HBEMED,0.0,12.0,12,12,0,0,0,0,0,0
MSOR26HBEXLR,0.0,15.0,15,15,0,0,0,0,0,0
MSOR26IRG2XL,0.0,2.0,2,2,0,0,0,0,0,0
MSOR26IRGLAR,5.0,14.0,19,19,0,0,0,0,0,0
MSOR26IRGMED,24.0,12.0,36,36,0,0,0,0,0,0
MSOR26IRGXLR,11.0,19.0,30,30,0,0,0,0,0,0
MSOR26KHI2XL,0.0,5.0,5,5,0,0,0,0,0,0
MSOR26KHILAR,0.0,11.0,11,11,0,0,0,0,0,0
MSOR26KHIMED,0.0,12.0,12,12,0,0,0,0,0,0
MSOR26KHISML,6.0,26.0,32,27,0,5,5,2,2,1
MSOR26KHIXLR,17.0,27.0,44,38,0,6,6,3,2,1
MSOR26LTG2XL,0.0,0.0,0,0,0,0,0,0,0,0
MSOR26LTG2XL479,17.0,25.0,42,37,0,5,5,2,2,1
MSOR26LTG2XL499,12.0,21.0,33,32,0,1,1,0,0,1
MSOR26LTG3XL479,0.0,0.0,0,0,0,0,0,0,0,0
MSOR26LTGLAR,0.0,8.0,8,8,0,0,0,0,0,0
MSOR26LTGLAR479,49.0,44.0,93,61,19,13,32,15,12,5
MSOR26LTGLAR499,10.0,41.0,51,44,0,7,7,3,3,1
MSOR26LTGMED,7.0,18.0,25,25,0,0,0,0,0,0
MSOR26LTGMED479,39.0,36.0,75,55,9,11,20,9,8,3
MSOR26LTGMED499,38.0,29.0,67,50,8,9,17,8,7,2
MSOR26LTGSML,9.0,14.0,23,23,0,0,0,0,0,0
MSOR26LTGXLR,0.0,3.0,3,3,0,0,0,0,0,0
MSOR26LTGXLR479,24.0,37.0,61,52,0,9,9,4,4,1
MSOR26LTGXLR499,13.0,43.0,56,48,0,8,8,4,3,1
MSOR26LTNMED,0.0,0.0,0,0,0,0,0,0,0,0
MSOR26NTC2XL,0.0,0.0,0,0,0,0,0,0,0,0
MSOR26NTCLAR,0.0,18.0,18,18,0,0,0,0,0,0
MSOR26NTCMED,0.0,17.0,17,17,0,0,0,0,0,0
MSOR26NTCXLR,0.0,3.0,3,3,0,0,0,0,0,0
MSOR26NVY2XL,0.0,0.0,0,0,0,0,0,0,0,0
MSOR26NVYMED,0.0,0.0,0,0,0,0,0,0,0,0
MSOR26NYB2XL,0.0,4.0,4,4,0,0,0,0,0,0
MSOR26NYB2XL479,4.0,16.0,20,20,0,0,0,0,0,0
MSOR26NYB2XL499,5.0,22.0,27,25,0,2,2,1,1,0
MSOR26NYB3XL,0.0,1.0,1,1,0,0,0,0,0,0
MSOR26NYB3XL479,0.0,29.0,29,25,0,4,4,2,2,0
MSOR26NYB4XL,0.0,30.0,30,26,0,4,4,2,2,0
MSOR26NYB5XL,0.0,47.0,47,40,0,7,7,3,3,1
MSOR26NYBLAR,0.0,6.0,6,6,0,0,0,0,0,0
MSOR26NYBLAR479,48.0,20.0,68,54,14,0,14,7,5,2
MSOR26NYBLAR499,0.0,67.0,67,57,0,10,10,5,4,1
MSOR26NYBMED,1.0,11.0,12,12,0,0,0,0,0,0
MSOR26NYBMED479,53.0,20.0,73,57,16,0,16,8,6,2
MSOR26NYBMED499,28.0,69.0,97,83,0,14,14,7,5,2
MSOR26NYBSML,1.0,26.0,27,23,0,4,4,2,2,0
MSOR26NYBXLR,0.0,1.0,1,1,0,0,0,0,0,0
MSOR26NYBXLR479,55.0,21.0,76,59,16,1,17,8,7,2
MSOR26NYBXLR499,0.0,47.0,47,40,0,7,7,3,3,1
MSOR26SEGLAR,0.0,0.0,0,0,0,0,0,0,0,0
MSOR26SEGMED,0.0,4.0,4,4,0,0,0,0,0,0
MSOR26SEGXLR,0.0,0.0,0,0,0,0,0,0,0,0
MSOR26SKO2XL,0.0,6.0,6,6,0,0,0,0,0,0
MSOR26SKO2XL499,17.0,17.0,34,34,0,0,0,0,0,0
MSOR26SKO3XL,0.0,49.0,49,42,0,7,7,3,3,1
MSOR26SKO4XL,0.0,1.0,1,1,0,0,0,0,0,0
MSOR26SKO5XL,0.0,51.0,51,44,0,7,7,3,3,1
MSOR26SKOLAR,0.0,4.0,4,4,0,0,0,0,0,0
MSOR26SKOLAR499,55.0,17.0,72,56,16,0,16,8,6,2
MSOR26SKOMED,1.0,15.0,16,16,0,0,0,0,0,0
MSOR26SKOMED499,42.0,17.0,59,47,12,0,12,6,5,1
MSOR26SKOXLR,0.0,2.0,2,2,0,0,0,0,0,0
MSOR26SKOXLR499,27.0,28.0,55,47,0,8,8,4,3,1
MSOR26TRNLAR,6.0,17.0,23,23,0,0,0,0,0,0
MSOR26TRNMED,35.0,34.0,69,54,5,10,15,7,6,2
MSOR26TRNSML,3.0,36.0,39,33,0,6,6,3,2,1
MSOR26TRNXLR,0.0,15.0,15,15,0,0,0,0,0,0
MSOR26UGYXLR,0.0,0.0,0,0,0,0,0,0,0,0
MSOR26VIO2XL,0.0,4.0,4,4,0,0,0,0,0,0
MSOR26VIOLAR,0.0,3.0,3,3,0,0,0,0,0,0
MSOR26VIOMED,5.0,13.0,18,18,0,0,0,0,0,0
MSOR26VIOSML,3.0,28.0,31,27,0,4,4,2,2,0
MSOR26VIOXLR,0.0,8.0,8,8,0,0,0,0,0,0
MSOR26WLG2XL,0.0,5.0,5,5,0,0,0,0,0,0
MSOR26WLG2XL499,0.0,16.0,16,16,0,0,0,0,0,0
MSOR26WLG3XL,0.0,50.0,50,43,0,7,7,3,3,1
MSOR26WLG4XL,0.0,51.0,51,44,0,7,7,3,3,1
MSOR26WLG5XL,0.0,37.0,37,32,0,5,5,2,2,1
MSOR26WLGLAR,0.0,6.0,6,6,0,0,0,0,0,0
MSOR26WLGLAR499,0.0,34.0,34,29,0,5,5,2,2,1
MSOR26WLGMED,7.0,14.0,21,21,0,0,0,0,0,0
MSOR26WLGMED499,0.0,26.0,26,22,0,4,4,2,2,0
MSOR26WLGSML,7.0,22.0,29,27,0,2,2,1,1,0
MSOR26WLGXLR,0.0,9.0,9,9,0,0,0,0,0,0
MSOR26WLGXLR499,13.0,29.0,42,36,0,6,6,3,2,1
MSOR36DCMMED005,0.0,0.0,0,0,0,0,0,0,0,0
MSOR36DCMMEDNEW,0.0,2.0,2,2,0,0,0,0,0,0
MSOR36DMMMEDNEW,0.0,0.0,0,0,0,0,0,0,0,0
MSOR36HTMMED005,0.0,0.0,0,0,0,0,0,0,0,0
MSOR36LCMLARNEW,0.0,1.0,1,1,0,0,0,0,0,0
MSOR36LCMMEDNEW,0.0,1.0,1,1,0,0,0,0,0,0
MSOR36LGMLARNEW,0.0,1.0,1,1,0,0,0,0,0,0
MSOR46BLK2XL,0.0,2.0,2,2,0,0,0,0,0,0
MSOR46BLK2XL499,0.0,0.0,0,0,0,0,0,0,0,0
MSOR46BLK3XL,0.0,99.0,99,85,0,14,14,7,5,2
MSOR46BLK4XL559,0.0,30.0,30,26,0,4,4,2,2,0
MSOR46BLK5XL559,0.0,59.0,59,51,0,8,8,4,3,1
MSOR46BLKLAR,0.0,2.0,2,2,0,0,0,0,0,0
MSOR46BLKLAR499,0.0,0.0,0,0,0,0,0,0,0,0
MSOR46BLKMED,0.0,1.0,1,1,0,0,0,0,0,0
MSOR46BLKMED499,0.0,0.0,0,0,0,0,0,0,0,0
MSOR46BLKSML,0.0,28.0,28,24,0,4,4,2,2,0
MSOR46BLKXLR,0.0,0.0,0,0,0,0,0,0,0,0
MSOR46BLKXLR499,0.0,2.0,2,2,0,0,0,0,0,0
MSOR46BOE2XL,0.0,1.0,1,1,0,0,0,0,0,0
MSOR46BOE2XL499,0.0,0.0,0,0,0,0,0,0,0,0
MSOR46BOE3XL,0.0,0.0,0,0,0,0,0,0,0,0
MSOR46BOELAR499,0.0,0.0,0,0,0,0,0,0,0,0
MSOR46BOEMED,0.0,1.0,1,1,0,0,0,0,0,0
MSOR46BOEMED499,0.0,0.0,0,0,0,0,0,0,0,0
MSOR46BOEXLR499,0.0,0.0,0,0,0,0,0,0,0,0
MSOR46BTE2XL,0.0,0.0,0,0,0,0,0,0,0,0
MSOR46BTELAR,0.0,3.0,3,3,0,0,0,0,0,0
MSOR46BTEMED,0.0,0.0,0,0,0,0,0,0,0,0
MSOR46BTEXLR,0.0,13.0,13,13,0,0,0,0,0,0
MSOR46CNG3XL,0.0,1.0,1,1,0,0,0,0,0,0
MSOR46GFT2XL,0.0,0.0,0,0,0,0,0,0,0,0
MSOR46GFT3XL,0.0,1.0,1,1,0,0,0,0,0,0
MSOR46GFT4XL,0.0,3.0,3,3,0,0,0,0,0,0
MSOR46GFT5XL,0.0,1.0,1,1,0,0,0,0,0,0
MSOR46GFTLAR,0.0,2.0,2,2,0,0,0,0,0,0
MSOR46GFTMED,0.0,4.0,4,4,0,0,0,0,0,0
MSOR46GFTXLR,0.0,2.0,2,2,0,0,0,0,0,0
MSOR46HBE2XL,0.0,1.0,1,1,0,0,0,0,0,0
MSOR46KHI2XL,0.0,2.0,2,2,0,0,0,0,0,0
MSOR46KHI2XL499,0.0,0.0,0,0,0,0,0,0,0,0
MSOR46KHILAR,0.0,4.0,4,4,0,0,0,0,0,0
MSOR46KHILAR499,0.0,0.0,0,0,0,0,0,0,0,0
MSOR46KHIMED,5.0,12.0,17,17,0,0,0,0,0,0
MSOR46KHIMED499,0.0,4.0,4,4,0,0,0,0,0,0
MSOR46KHISML,0.0,10.0,10,10,0,0,0,0,0,0
MSOR46KHIXLR,0.0,0.0,0,0,0,0,0,0,0,0
MSOR46KHIXLR499,0.0,0.0,0,0,0,0,0,0,0,0
MSOR46LRG2XL,0.0,0.0,0,0,0,0,0,0,0,0
MSOR46LRGLAR,0.0,15.0,15,15,0,0,0,0,0,0
MSOR46LRGMED,0.0,0.0,0,0,0,0,0,0,0,0
MSOR46LRGXLR,0.0,21.0,21,20,0,1,1,0,0,1
MSOR46LTG2XL,0.0,0.0,0,0,0,0,0,0,0,0
MSOR46LTG2XL499,0.0,0.0,0,0,0,0,0,0,0,0
MSOR46LTG3XL,0.0,4.0,4,4,0,0,0,0,0,0
MSOR46LTG4XL,0.0,1.0,1,1,0,0,0,0,0,0
MSOR46LTG4XL559,0.0,7.0,7,7,0,0,0,0,0,0
MSOR46LTG5XL,0.0,1.0,1,1,0,0,0,0,0,0
MSOR46LTG5XL559,0.0,0.0,0,0,0,0,0,0,0,0
MSOR46LTGLAR,0.0,1.0,1,1,0,0,0,0,0,0
MSOR46LTGLAR499,0.0,0.0,0,0,0,0,0,0,0,0
MSOR46LTGMED,0.0,9.0,9,9,0,0,0,0,0,0
MSOR46LTGMED499,0.0,0.0,0,0,0,0,0,0,0,0
MSOR46LTGSML,0.0,5.0,5,5,0,0,0,0,0,0
MSOR46LTGXLR,0.0,0.0,0,0,0,0,0,0,0,0
MSOR46LTGXLR499,0.0,0.0,0,0,0,0,0,0,0,0
MSOR46NVYLAR,0.0,0.0,0,0,0,0,0,0,0,0
MSOR46NVYMED,0.0,12.0,12,12,0,0,0,0,0,0
MSOR46NVYXLR,0.0,0.0,0,0,0,0,0,0,0,0
MSOR46NYB2XL,0.0,0.0,0,0,0,0,0,0,0,0
MSOR46NYB2XL499,0.0,0.0,0,0,0,0,0,0,0,0
MSOR46NYB3XL,0.0,38.0,38,32,0,6,6,3,2,1
MSOR46NYB4XL,0.0,37.0,37,32,0,5,5,2,2,1
MSOR46NYB5XL,0.0,41.0,41,35,0,6,6,3,2,1
MSOR46NYBLAR,0.0,0.0,0,0,0,0,0,0,0,0
MSOR46NYBLAR499,0.0,0.0,0,0,0,0,0,0,0,0
MSOR46NYBMED,0.0,1.0,1,1,0,0,0,0,0,0
MSOR46NYBMED499,0.0,0.0,0,0,0,0,0,0,0,0
MSOR46NYBSML,0.0,12.0,12,12,0,0,0,0,0,0
MSOR46NYBXLR,0.0,0.0,0,0,0,0,0,0,0,0
MSOR46NYBXLR499,0.0,0.0,0,0,0,0,0,0,0,0
MSOR46SKO2XL,0.0,0.0,0,0,0,0,0,0,0,0
MSOR46SKO3XL,0.0,26.0,26,22,0,4,4,2,2,0
MSOR46SKO4XL,0.0,23.0,23,20,0,3,3,1,1,1
MSOR46SKO5XL,0.0,23.0,23,20,0,3,3,1,1,1
MSOR46SKOLAR,0.0,0.0,0,0,0,0,0,0,0,0
MSOR46SKOMED,0.0,0.0,0,0,0,0,0,0,0,0
MSOR46SKOXLR,0.0,1.0,1,1,0,0,0,0,0,0
MSOR46TRN2XL,0.0,0.0,0,0,0,0,0,0,0,0
MSOR46TRNLAR,0.0,0.0,0,0,0,0,0,0,0,0
MSOR46TRNMED,0.0,7.0,7,7,0,0,0,0,0,0
MSOR46TRNSML,0.0,14.0,14,14,0,0,0,0,0,0
MSOR46TRNXLR,0.0,0.0,0,0,0,0,0,0,0,0
MSOR46VIO2XL,0.0,0.0,0,0,0,0,0,0,0,0
MSOR46VIOLAR,0.0,3.0,3,3,0,0,0,0,0,0
MSOR46VIOMED,0.0,3.0,3,3,0,0,0,0,0,0
MSOR46VIOSML,0.0,2.0,2,2,0,0,0,0,0,0
MSOR46VIOXLR,0.0,2.0,2,2,0,0,0,0,0,0
MSOR46WLG2XL,0.0,4.0,4,4,0,0,0,0,0,0
MSOR46WLG2XL499,0.0,3.0,3,3,0,0,0,0,0,0
MSOR46WLGLAR,0.0,1.0,1,1,0,0,0,0,0,0
MSOR46WLGLAR499,0.0,0.0,0,0,0,0,0,0,0,0
MSOR46WLGMED,0.0,1.0,1,1,0,0,0,0,0,0
MSOR46WLGMED499,0.0,0.0,0,0,0,0,0,0,0,0
MSOR46WLGSML,0.0,7.0,7,7,0,0,0,0,0,0
MSOR46WLGXLR,0.0,7.0,7,7,0,0,0,0,0,0
MSOR46WLGXLR499,0.0,0.0,0,0,0,0,0,0,0,0
MSOR56BLK2XL,0.0,9.0,9,9,0,0,0,0,0,0
MSOR56BLK2XL449,14.0,38.0,52,44,0,8,8,4,3,1
MSOR56BLK2XL479,25.0,28.0,53,45,0,8,8,4,3,1
MSOR56BLKLAR,0.0,7.0,7,7,0,0,0,0,0,0
MSOR56BLKLAR449,35.0,42.0,77,61,5,11,16,8,6,2
MSOR56BLKLAR479,45.0,22.0,67,51,14,2,16,8,6,2
MSOR56BLKMED,33.0,6.0,39,36,3,0,3,1,1,1
MSOR56BLKMED449,72.0,56.0,128,82,28,18,46,22,18,6
MSOR56BLKMED479,63.0,28.0,91,63,20,8,28,13,11,4
MSOR56BLKXLR,0.0,2.0,2,2,0,0,0,0,0,0
MSOR56BLKXLR449,0.0,12.0,12,12,0,0,0,0,0,0
MSOR56BLKXLR479,8.0,31.0,39,33,0,6,6,3,2,1
MSOR56DCN2XL,0.0,10.0,10,10,0,0,0,0,0,0
MSOR56DCN2XL449,21.0,42.0,63,54,0,9,9,4,4,1
MSOR56DCN2XL479,35.0,26.0,61,50,5,6,11,5,4,2
MSOR56DCNLAR,2.0,12.0,14,14,0,0,0,0,0,0
MSOR56DCNLAR449,62.0,43.0,105,67,23,15,38,18,15,5
MSOR56DCNLAR479,53.0,25.0,78,56,17,5,22,10,9,3
MSOR56DCNMED,0.0,9.0,9,9,0,0,0,0,0,0
MSOR56DCNMED449,25.0,79.0,104,89,0,15,15,7,6,2
MSOR56DCNMED479,23.0,27.0,50,43,0,7,7,3,3,1
MSOR56DCNXLR,0.0,2.0,2,2,0,0,0,0,0,0
MSOR56DCNXLR449,3.0,40.0,43,37,0,6,6,3,2,1
MSOR56DCNXLR479,38.0,26.0,64,50,8,6,14,7,5,2
MSOR56NYB2XL,1.0,14.0,15,15,0,0,0,0,0,0
MSOR56NYB2XL479,17.0,13.0,30,30,0,0,0,0,0,0
MSOR56NYBLAR,9.0,16.0,25,25,0,0,0,0,0,0
MSOR56NYBLAR479,32.0,12.0,44,42,2,0,2,1,1,0
MSOR56NYBMED,89.0,50.0,139,89,30,20,50,24,19,7
MSOR56NYBMED479,66.0,16.0,82,64,18,0,18,8,7,3
MSOR56NYBXLR,10.0,13.0,23,23,0,0,0,0,0,0
MSOR56NYBXLR479,0.0,13.0,13,13,0,0,0,0,0,0
MSOR66DCNLAR002,0.0,1.0,1,1,0,0,0,0,0,0
MSOR66DCNXLR,0.0,1.0,1,1,0,0,0,0,0,0
MSOR66DFTXLR,0.0,3.0,3,3,0,0,0,0,0,0
MSOR66DNMXLR,0.0,2.0,2,2,0,0,0,0,0,0
MSOR66LNMXLR,0.0,0.0,0,0,0,0,0,0,0,0
MSOR66LTCXLR,0.0,3.0,3,3,0,0,0,0,0,0
MSOR66LTNXLR,0.0,4.0,4,4,0,0,0,0,0,0
MSOR66NVY2XL002,0.0,0.0,0,0,0,0,0,0,0,0
MSOR66NVYMED002,0.0,0.0,0,0,0,0,0,0,0,0
MSOR76BLK2XL,0.0,375.0,375,321,0,54,54,26,21,7
MSOR76BLKLAR,0.0,0.0,0,0,0,0,0,0,0,0
MSOR76BLKMED,0.0,0.0,0,0,0,0,0,0,0,0
MSOR76BLKXLR,0.0,4.0,4,4,0,0,0,0,0,0
MSOR76BOE2XL,0.0,0.0,0,0,0,0,0,0,0,0
MSOR76BOELAR,0.0,11.0,11,11,0,0,0,0,0,0
MSOR76BOEMED,0.0,5.0,5,5,0,0,0,0,0,0
MSOR76BOEXLR,0.0,16.0,16,16,0,0,0,0,0,0
MSOR76BTE2XL,0.0,4.0,4,4,0,0,0,0,0,0
MSOR76BTELAR,5.0,10.0,15,15,0,0,0,0,0,0
MSOR76BTEMED,29.0,10.0,39,39,0,0,0,0,0,0
MSOR76BTEXLR,0.0,2.0,2,2,0,0,0,0,0,0
MSOR76CNG2XL,0.0,0.0,0,0,0,0,0,0,0,0
MSOR76CNGLAR,0.0,11.0,11,11,0,0,0,0,0,0
MSOR76CNGMED,0.0,20.0,20,20,0,0,0,0,0,0
MSOR76CNGXLR,0.0,0.0,0,0,0,0,0,0,0,0
MSOR76IRGMED,0.0,0.0,0,0,0,0,0,0,0,0
MSOR76IRGXLR,0.0,0.0,0,0,0,0,0,0,0,0
MSOR76KHILAR,0.0,14.0,14,14,0,0,0,0,0,0
MSOR76KHIMED,0.0,12.0,12,12,0,0,0,0,0,0
MSOR76KHIXLR,0.0,10.0,10,10,0,0,0,0,0,0
MSOR76LRGLAR,0.0,0.0,0,0,0,0,0,0,0,0
MSOR76LRGMED,0.0,11.0,11,11,0,0,0,0,0,0
MSOR76LRGXLR,0.0,4.0,4,4,0,0,0,0,0,0
MSOR76LTG2XL,0.0,1.0,1,1,0,0,0,0,0,0
MSOR76LTGLAR,0.0,0.0,0,0,0,0,0,0,0,0
MSOR76LTGMED,0.0,15.0,15,15,0,0,0,0,0,0
MSOR76LTGXLR,0.0,0.0,0,0,0,0,0,0,0,0
MSOR76LTNLAR,0.0,0.0,0,0,0,0,0,0,0,0
MSOR76LTNMED,0.0,2.0,2,2,0,0,0,0,0,0
MSOR76NVYMED,0.0,0.0,0,0,0,0,0,0,0,0
MSOR76NYB2XL,0.0,4.0,4,4,0,0,0,0,0,0
MSOR76NYBLAR,15.0,10.0,25,25,0,0,0,0,0,0
MSOR76NYBMED,0.0,4.0,4,4,0,0,0,0,0,0
MSOR76NYBXLR,0.0,0.0,0,0,0,0,0,0,0,0
MSOR76TRN2XL,8.0,12.0,20,20,0,0,0,0,0,0
MSOR76TRNLAR,22.0,14.0,36,36,0,0,0,0,0,0
MSOR76TRNMED,14.0,10.0,24,24,0,0,0,0,0,0
MSOR76TRNXLR,6.0,11.0,17,17,0,0,0,0,0,0
MSOR76VIOMED,0.0,1.0,1,1,0,0,0,0,0,0
MSOR76WLGMED,0.0,0.0,0,0,0,0,0,0,0,0
MSOR86ASH2XL,0.0,0.0,0,0,0,0,0,0,0,0
MSOR86ASHLAR,0.0,1.0,1,1,0,0,0,0,0,0
MSOR86ASHMED,0.0,120.0,120,103,0,17,17,8,7,2
MSOR86ASHXLR,0.0,0.0,0,0,0,0,0,0,0,0
MSOR86BLK2XL,4.0,11.0,15,15,0,0,0,0,0,0
MSOR86BLK2XL579,152.0,75.0,227,145,49,33,82,39,32,11
MSOR86BLKLAR,142.0,249.0,391,250,85,56,141,67,55,19
MSOR86BLKLAR579,213.0,269.0,482,308,104,70,174,82,68,24
MSOR86BLKMED,335.0,320.0,655,419,142,94,236,111,92,33
MSOR86BLKMED579,252.0,91.0,343,220,74,49,123,58,48,17
MSOR86BLKXLR,181.0,204.0,385,246,83,56,139,66,54,19
MSOR86BLKXLR579,254.0,189.0,443,284,95,64,159,75,62,22
MSOR86BOE2XL,22.0,11.0,33,33,0,0,0,0,0,0
MSOR86BOELAR,0.0,5.0,5,5,0,0,0,0,0,0
MSOR86BOEMED,3.0,13.0,16,16,0,0,0,0,0,0
MSOR86BOEXLR,5.0,33.0,38,32,0,6,6,3,2,1
MSOR86BTE2XL,0.0,0.0,0,0,0,0,0,0,0,0
MSOR86BTE2XL599,515.0,200.0,715,458,154,103,257,121,100,36
MSOR86BTELAR,0.0,9.0,9,9,0,0,0,0,0,0
MSOR86BTELAR599,655.0,199.0,854,547,184,123,307,145,119,43
MSOR86BTEMED,5.0,10.0,15,15,0,0,0,0,0,0
MSOR86BTEMED599,408.0,197.0,605,387,131,87,218,103,85,30
MSOR86BTEXLR,2.0,32.0,34,29,0,5,5,2,2,1
MSOR86BTEXLR599,627.0,188.0,815,522,176,117,293,138,114,41
MSOR86CNGLAR,0.0,1.0,1,1,0,0,0,0,0,0
MSOR86CNGMED,0.0,0.0,0,0,0,0,0,0,0,0
MSOR86GFT2XL,0.0,1.0,1,1,0,0,0,0,0,0
MSOR86GFTLAR,0.0,23.0,23,20,0,3,3,1,1,1
MSOR86GFTMED,0.0,29.0,29,25,0,4,4,2,2,0
MSOR86GFTXLR,0.0,0.0,0,0,0,0,0,0,0,0
MSOR86HBE2XL,0.0,0.0,0,0,0,0,0,0,0,0
MSOR86HBELAR,0.0,6.0,6,6,0,0,0,0,0,0
MSOR86HBEMED,0.0,0.0,0,0,0,0,0,0,0,0
MSOR86HBEXLR,0.0,7.0,7,7,0,0,0,0,0,0
MSOR86IRG2XL,9.0,59.0,68,58,0,10,10,5,4,1
MSOR86IRG2XL599,171.0,50.0,221,143,48,30,78,37,30,11
MSOR86IRGLAR,1.0,100.0,101,87,0,14,14,7,5,2
MSOR86IRGLAR599,171.0,148.0,319,204,69,46,115,54,45,16
MSOR86IRGMED,85.0,32.0,117,80,25,12,37,17,14,6
MSOR86IRGMED599,157.0,50.0,207,132,45,30,75,35,29,11
MSOR86IRGXLR,0.0,15.0,15,15,0,0,0,0,0,0
MSOR86IRGXLR599,179.0,149.0,328,210,71,47,118,56,46,16
MSOR86KHI2XL,0.0,0.0,0,0,0,0,0,0,0,0
MSOR86KHI2XL579,0.0,0.0,0,0,0,0,0,0,0,0
MSOR86KHI2XL599,528.0,196.0,724,463,157,104,261,123,102,36
MSOR86KHILAR,0.0,0.0,0,0,0,0,0,0,0,0
MSOR86KHILAR579,0.0,48.0,48,41,0,7,7,3,3,1
MSOR86KHILAR599,683.0,190.0,873,559,188,126,314,148,122,44
MSOR86KHIMED,0.0,1.0,1,1,0,0,0,0,0,0
MSOR86KHIMED579,1.0,26.0,27,23,0,4,4,2,2,0
MSOR86KHIMED599,300.0,196.0,496,317,107,72,179,85,70,24
MSOR86KHIXLR,0.0,1.0,1,1,0,0,0,0,0,0
MSOR86KHIXLR579,0.0,1.0,1,1,0,0,0,0,0,0
MSOR86KHIXLR599,754.0,187.0,941,602,203,136,339,160,132,47
MSOR86LTG2XL,0.0,0.0,0,0,0,0,0,0,0,0
MSOR86LTG2XL579,0.0,3.0,3,3,0,0,0,0,0,0
MSOR86LTGLAR,0.0,11.0,11,11,0,0,0,0,0,0
MSOR86LTGLAR579,32.0,29.0,61,50,2,9,11,5,4,2
MSOR86LTGMED,0.0,6.0,6,6,0,0,0,0,0,0
MSOR86LTGMED579,31.0,19.0,50,49,1,0,1,0,0,1
MSOR86LTGXLR,0.0,4.0,4,4,0,0,0,0,0,0
MSOR86LTGXLR579,9.0,11.0,20,20,0,0,0,0,0,0
MSOR86NVYLAR,0.0,0.0,0,0,0,0,0,0,0,0
MSOR86NYB2XL,224.0,52.0,276,185,59,32,91,43,35,13
MSOR86NYBLAR,204.0,296.0,500,320,108,72,180,85,70,25
MSOR86NYBMED,292.0,126.0,418,268,90,60,150,71,58,21
MSOR86NYBXLR,248.0,96.0,344,220,74,50,124,59,48,17
MSOR86OGY2XL579,0.0,0.0,0,0,0,0,0,0,0,0
MSOR86OGYLAR579,0.0,2.0,2,2,0,0,0,0,0,0
MSOR86OGYMED,0.0,1.0,1,1,0,0,0,0,0,0
MSOR86OGYMED579,0.0,3.0,3,3,0,0,0,0,0,0
MSOR86OGYXLR,0.0,0.0,0,0,0,0,0,0,0,0
MSOR86OGYXLR579,0.0,7.0,7,7,0,0,0,0,0,0
MSOR86TRNLAR,0.0,2.0,2,2,0,0,0,0,0,0
MSOR86UGY2XL579,10.0,10.0,20,20,0,0,0,0,0,0
MSOR86UGYMED579,10.0,10.0,20,20,0,0,0,0,0,0
MSOR86UGYXLR579,24.0,10.0,34,34,0,0,0,0,0,0
MSP607BLKXLR,0.0,0.0,0,0,0,0,0,0,0,0
MSP608BLK2XL,0.0,1.0,1,1,0,0,0,0,0,0
MSP608BLK2XL549,0.0,2.0,2,2,0,0,0,0,0,0
MSP608BLKLAR,0.0,0.0,0,0,0,0,0,0,0,0
MSP608BLKLAR549,0.0,16.0,16,16,0,0,0,0,0,0
MSP608BLKMED,0.0,1.0,1,1,0,0,0,0,0,0
MSP608BLKMED549,0.0,0.0,0,0,0,0,0,0,0,0
MSP608BLKXLR549,0.0,0.0,0,0,0,0,0,0,0,0
MSP608BTG2XL2PK,0.0,2.0,2,2,0,0,0,0,0,0
MSP608BTGLAR2PK,0.0,13.0,13,13,0,0,0,0,0,0
MSP608DCNXLR,0.0,0.0,0,0,0,0,0,0,0,0
MSP608HTGMED,0.0,1.0,1,1,0,0,0,0,0,0
MSP608LTG2XL549,9.0,13.0,22,22,0,0,0,0,0,0
MSP608LTGLAR,0.0,2.0,2,2,0,0,0,0,0,0
MSP608LTGLAR549,43.0,13.0,56,44,12,0,12,6,5,1
MSP608LTGMED,0.0,3.0,3,3,0,0,0,0,0,0
MSP608LTGMED549,0.0,4.0,4,4,0,0,0,0,0,0
MSP608LTGXLR,0.0,1.0,1,1,0,0,0,0,0,0
MSP608LTGXLR549,16.0,17.0,33,33,0,0,0,0,0,0
MSP608LYBLAR2PK,0.0,13.0,13,13,0,0,0,0,0,0
MSP608LYBXLR2PK,0.0,17.0,17,17,0,0,0,0,0,0
MSP608NKOLAR2PK,0.0,37.0,37,32,0,5,5,2,2,1
MSP608NKOXLR2PK,0.0,17.0,17,17,0,0,0,0,0,0
MSP608NVY2XL,0.0,0.0,0,0,0,0,0,0,0,0
MSP608NVYLAR,0.0,0.0,0,0,0,0,0,0,0,0
MSP608NVYMED,0.0,0.0,0,0,0,0,0,0,0,0
MSP608NYBLAR,0.0,1.0,1,1,0,0,0,0,0,0
MSP608NYBLAR549,0.0,37.0,37,32,0,5,5,2,2,1
MSP608NYBMED549,0.0,0.0,0,0,0,0,0,0,0,0
MSP608NYBXLR549,0.0,17.0,17,17,0,0,0,0,0,0
MSP608SEGLAR,0.0,1.0,1,1,0,0,0,0,0,0
MSP608SEGMED,0.0,0.0,0,0,0,0,0,0,0,0
MSP608SKO2XL549,28.0,14.0,42,42,0,0,0,0,0,0
MSP608SKOLAR549,207.0,65.0,272,174,59,39,98,46,38,14
MSP608SKOMED549,43.0,13.0,56,44,12,0,12,6,5,1
MSP608SKOXLR549,123.0,54.0,177,113,38,26,64,30,25,9
MSP608SLK2XL2PK,0.0,2.0,2,2,0,0,0,0,0,0
MSP608SLKLAR2PK,0.0,16.0,16,16,0,0,0,0,0,0
MSP633DRELAR,0.0,0.0,0,0,0,0,0,0,0,0
MSP633IRGMED,0.0,0.0,0,0,0,0,0,0,0,0
MSP656AGNMED,0.0,8.0,8,8,0,0,0,0,0,0
MSP656BCNLAR2PK,9.0,57.0,66,56,0,10,10,5,4,1
MSP656BCNMED2PK,33.0,37.0,70,57,3,10,13,6,5,2
MSP656BCNXLR2PK,7.0,36.0,43,37,0,6,6,3,2,1
MSP656BLK2XL,202.0,272.0,474,303,103,68,171,81,66,24
MSP656BLKLAR,256.0,281.0,537,344,116,77,193,91,75,27
MSP656BLKMED,61.0,18.0,79,62,17,0,17,8,7,2
MSP656BLKXLR,224.0,122.0,346,221,75,50,125,59,49,17
MSP656BOE2XL,0.0,0.0,0,0,0,0,0,0,0,0
MSP656BOELAR,0.0,5.0,5,5,0,0,0,0,0,0
MSP656BOEMED,0.0,14.0,14,14,0,0,0,0,0,0
MSP656BOEXLR,0.0,16.0,16,16,0,0,0,0,0,0
MSP656BTE2XL,2.0,12.0,14,14,0,0,0,0,0,0
MSP656BTE2XL2PK,2.0,12.0,14,14,0,0,0,0,0,0
MSP656BTELAR,75.0,111.0,186,119,40,27,67,32,26,9
MSP656BTELAR2PK,75.0,111.0,186,119,40,27,67,32,26,9
MSP656BTEMED,64.0,55.0,119,76,26,17,43,20,17,6
MSP656BTEMED2PK,61.0,18.0,79,62,17,0,17,8,7,2
MSP656BTEXLR,115.0,98.0,213,136,46,31,77,36,30,11
MSP656BTEXLR2PK,115.0,98.0,213,136,46,31,77,36,30,11
MSP656DCN2XL,0.0,0.0,0,0,0,0,0,0,0,0
MSP656DCNLAR,9.0,57.0,66,56,0,10,10,5,4,1
MSP656DCNMED,33.0,37.0,70,57,3,10,13,6,5,2
MSP656DCNXLR,7.0,36.0,43,37,0,6,6,3,2,1
MSP656DRE2XL,0.0,31.0,31,27,0,4,4,2,2,0
MSP656DRELAR,0.0,0.0,0,0,0,0,0,0,0,0
MSP656DREMED,0.0,31.0,31,27,0,4,4,2,2,0
MSP656DREXLR,0.0,1.0,1,1,0,0,0,0,0,0
MSP656DYBLAR2PK,9.0,57.0,66,56,0,10,10,5,4,1
MSP656DYBMED2PK,11.0,37.0,48,41,0,7,7,3,3,1
MSP656DYBXLR2PK,7.0,36.0,43,37,0,6,6,3,2,1
MSP656GFTLAR495,0.0,15.0,15,15,0,0,0,0,0,0
MSP656GFTMED495,0.0,15.0,15,15,0,0,0,0,0,0
MSP656IRGLAR,0.0,0.0,0,0,0,0,0,0,0,0
MSP656IRGMED,0.0,0.0,0,0,0,0,0,0,0,0
MSP656IRGXLR,0.0,0.0,0,0,0,0,0,0,0,0
MSP656KHI2XL,0.0,1.0,1,1,0,0,0,0,0,0
MSP656KHILAR,0.0,1.0,1,1,0,0,0,0,0,0
MSP656KHIMED,0.0,5.0,5,5,0,0,0,0,0,0
MSP656KHIXLR,0.0,10.0,10,10,0,0,0,0,0,0
MSP656LTGLAR495,0.0,12.0,12,12,0,0,0,0,0,0
MSP656LTGMED495,0.0,13.0,13,13,0,0,0,0,0,0
MSP656LTNMED,0.0,1.0,1,1,0,0,0,0,0,0
MSP656LTNXLR,0.0,0.0,0,0,0,0,0,0,0,0
MSP656NLK2XL2PK,0.0,1.0,1,1,0,0,0,0,0,0
MSP656NLKLAR2PK,62.0,82.0,144,92,31,21,52,25,20,7
MSP656NLKMED2PK,11.0,18.0,29,29,0,0,0,0,0,0
MSP656NLKXLR2PK,31.0,84.0,115,98,1,16,17,8,7,2
MSP656NVYMED,0.0,4.0,4,4,0,0,0,0,0,0
MSP656NYB2XL,0.0,1.0,1,1,0,0,0,0,0,0
MSP656NYBLAR,62.0,82.0,144,92,31,21,52,25,20,7
MSP656NYBMED,11.0,64.0,75,64,0,11,11,5,4,2
MSP656NYBXLR,31.0,84.0,115,98,1,16,17,8,7,2
MSP656SKOLAR495,0.0,15.0,15,15,0,0,0,0,0,0
MSP656SKOMED495,0.0,15.0,15,15,0,0,0,0,0,0
MSP656TRN2XL,0.0,2.0,2,2,0,0,0,0,0,0
MSP656TRNLAR,0.0,5.0,5,5,0,0,0,0,0,0
MSP656TRNMED,0.0,9.0,9,9,0,0,0,0,0,0
MSP656TRNXLR,0.0,4.0,4,4,0,0,0,0,0,0
MSP656VIOMED,0.0,9.0,9,9,0,0,0,0,0,0
MSP656VIOXLR,0.0,6.0,6,6,0,0,0,0,0,0
MSP656WLG2XL,0.0,0.0,0,0,0,0,0,0,0,0
MSP656WLGLAR,0.0,0.0,0,0,0,0,0,0,0,0
MSP656WLGMED,0.0,2.0,2,2,0,0,0,0,0,0
MSP656WLGXLR,0.0,0.0,0,0,0,0,0,0,0,0
MSP658BGTLAR,0.0,0.0,0,0,0,0,0,0,0,0
MSP658BGTMED,0.0,0.0,0,0,0,0,0,0,0,0
MSP658BGTXLR,0.0,0.0,0,0,0,0,0,0,0,0
MSP658BLE2XL,0.0,6.0,6,6,0,0,0,0,0,0
MSP658BLELAR,0.0,4.0,4,4,0,0,0,0,0,0
MSP658BLEMED,34.0,17.0,51,47,4,0,4,2,2,0
MSP658BLEXLR,0.0,11.0,11,11,0,0,0,0,0,0
MSP658BLK2XL,48.0,49.0,97,65,18,14,32,15,12,5
MSP658BLKLAR,1.0,29.0,30,26,0,4,4,2,2,0
MSP658BLKMED,152.0,125.0,277,177,60,40,100,47,39,14
MSP658BLKXLR,57.0,80.0,137,90,27,20,47,22,18,7
MSP658BOE2XL,0.0,0.0,0,0,0,0,0,0,0,0
MSP658BOELAR,0.0,1.0,1,1,0,0,0,0,0,0
MSP658BOEMED,0.0,16.0,16,16,0,0,0,0,0,0
MSP658BOEXLR,0.0,0.0,0,0,0,0,0,0,0,0
MSP658BTELAR,0.0,0.0,0,0,0,0,0,0,0,0
MSP658BWGLAR,0.0,0.0,0,0,0,0,0,0,0,0
MSP658BWGMED,0.0,0.0,0,0,0,0,0,0,0,0
MSP658BWGXLR,0.0,0.0,0,0,0,0,0,0,0,0
MSP658GFTLAR,0.0,0.0,0,0,0,0,0,0,0,0
MSP658GFTMED,0.0,0.0,0,0,0,0,0,0,0,0
MSP658GFTXLR,0.0,0.0,0,0,0,0,0,0,0,0
MSP658IRG2XL,0.0,0.0,0,0,0,0,0,0,0,0
MSP658KHI2XL,0.0,1.0,1,1,0,0,0,0,0,0
MSP658KHILAR,0.0,0.0,0,0,0,0,0,0,0,0
MSP658KHIMED,0.0,14.0,14,14,0,0,0,0,0,0
MSP658KHIXLR,0.0,0.0,0,0,0,0,0,0,0,0
MSP658LTG2XL,4.0,13.0,17,17,0,0,0,0,0,0
MSP658LTGLAR,27.0,14.0,41,41,0,0,0,0,0,0
MSP658LTGMED,79.0,36.0,115,74,25,16,41,19,16,6
MSP658LTGXLR,0.0,4.0,4,4,0,0,0,0,0,0
MSP658LTNLAR,0.0,1.0,1,1,0,0,0,0,0,0
MSP658LTNMED,0.0,8.0,8,8,0,0,0,0,0,0
MSP658LTNXLR,0.0,0.0,0,0,0,0,0,0,0,0
MSP658MIB2XL2PK,0.0,1.0,1,1,0,0,0,0,0,0
MSP658MIBLAR2PK,0.0,0.0,0,0,0,0,0,0,0,0
MSP658MIBMED2PK,0.0,9.0,9,9,0,0,0,0,0,0
MSP658NVY2XL,0.0,3.0,3,3,0,0,0,0,0,0
MSP658NVYLAR,0.0,0.0,0,0,0,0,0,0,0,0
MSP658NVYMED,23.0,20.0,43,43,0,0,0,0,0,0
MSP658NVYXLR,0.0,1.0,1,1,0,0,0,0,0,0
MSP658NYB2XL,0.0,3.0,3,3,0,0,0,0,0,0
MSP658NYBLAR,4.0,10.0,14,14,0,0,0,0,0,0
MSP658NYBMED,0.0,2.0,2,2,0,0,0,0,0,0
MSP658NYBXLR,0.0,8.0,8,8,0,0,0,0,0,0
MSP658OGY2XL,0.0,0.0,0,0,0,0,0,0,0,0
MSP658SEGMED,0.0,0.0,0,0,0,0,0,0,0,0
MSP658TLE2XL,0.0,7.0,7,7,0,0,0,0,0,0
MSP658TLELAR,1.0,12.0,13,13,0,0,0,0,0,0
MSP658TLEMED,33.0,20.0,53,50,3,0,3,1,1,1
MSP658TLEXLR,0.0,0.0,0,0,0,0,0,0,0,0
MSP658TRN2XL,0.0,0.0,0,0,0,0,0,0,0,0
MSP658TRNLAR,0.0,1.0,1,1,0,0,0,0,0,0
MSP658TRNMED,0.0,1.0,1,1,0,0,0,0,0,0
MSP658TRNXLR,0.0,0.0,0,0,0,0,0,0,0,0
MSP658TUBMED2PK,0.0,1.0,1,1,0,0,0,0,0,0
MSP658WLGLAR,0.0,1.0,1,1,0,0,0,0,0,0
MSP658WLGMED,0.0,5.0,5,5,0,0,0,0,0,0
MSP658WLGXLR,0.0,0.0,0,0,0,0,0,0,0,0
MSP737IRGMED,0.0,0.0,0,0,0,0,0,0,0,0
MSP739CGYMED,0.0,0.0,0,0,0,0,0,0,0,0
MSP774BLK2XL,28.0,26.0,54,48,0,6,6,3,2,1
MSP774BLKLAR,51.0,41.0,92,59,20,13,33,16,13,4
MSP774BLKMED,73.0,30.0,103,71,22,10,32,15,12,5
MSP774BLKXLR,24.0,52.0,76,65,0,11,11,5,4,2
MSP774BTELAR,0.0,38.0,38,32,0,6,6,3,2,1
MSP774BTEMED,0.0,34.0,34,29,0,5,5,2,2,1
MSP774BTEXLR,0.0,7.0,7,7,0,0,0,0,0,0
MSP774CGY2XL,0.0,1.0,1,1,0,0,0,0,0,0
MSP774CGYLAR,23.0,10.0,33,33,0,0,0,0,0,0
MSP774CGYMED,16.0,18.0,34,34,0,0,0,0,0,0
MSP774CGYXLR,0.0,1.0,1,1,0,0,0,0,0,0
MSP774DCNLAR,0.0,38.0,38,32,0,6,6,3,2,1
MSP774DCNMED,0.0,29.0,29,25,0,4,4,2,2,0
MSP774DCNXLR,0.0,10.0,10,10,0,0,0,0,0,0
MSP774GFT2XL,56.0,31.0,87,57,19,11,30,14,12,4
MSP774GFTLAR,37.0,52.0,89,69,7,13,20,9,8,3
MSP774GFTMED,47.0,29.0,76,51,16,9,25,12,10,3
MSP774GFTXLR,26.0,20.0,46,46,0,0,0,0,0,0
MSP774LTG2XL,50.0,31.0,81,53,17,11,28,13,11,4
MSP774LTGLAR,34.0,41.0,75,60,4,11,15,7,6,2
MSP774LTGMED,49.0,37.0,86,55,19,12,31,15,12,4
MSP774LTGXLR,4.0,20.0,24,24,0,0,0,0,0,0
MSP774NVYLAR,0.0,9.0,9,9,0,0,0,0,0,0
MSP774NVYMED,0.0,19.0,19,19,0,0,0,0,0,0
MSP774NVYXLR,0.0,0.0,0,0,0,0,0,0,0,0
MSP829CCO2XL,0.0,2.0,2,2,0,0,0,0,0,0
MSP829CCOMED,0.0,1.0,1,1,0,0,0,0,0,0
MSP829GPE2XL,0.0,266.0,266,228,0,38,38,18,15,5
MSP829GPELAR,0.0,0.0,0,0,0,0,0,0,0,0
MSP829GPEMED,0.0,1.0,1,1,0,0,0,0,0,0
MSP829GPEXLR,0.0,4.0,4,4,0,0,0,0,0,0
MSP829GSE2XL,108.0,192.0,300,192,65,43,108,51,42,15
MSP829GSELAR,158.0,245.0,403,258,87,58,145,68,56,21
MSP829GSEMED,90.0,92.0,182,116,40,26,66,31,26,9
MSP829GSEXLR,71.0,97.0,168,108,36,24,60,28,23,9
MSP829GSR2XL2PK,106.0,192.0,298,191,64,43,107,51,42,14
MSP829GSRLAR2PK,22.0,23.0,45,42,0,3,3,1,1,1
MSP829GSRMED2PK,50.0,92.0,142,102,20,20,40,19,16,5
MSP829GSRXLR2PK,71.0,97.0,168,108,36,24,60,28,23,9
MSP829GST2XL2PK,94.0,192.0,286,183,62,41,103,49,40,14
MSP829GSTLAR2PK,158.0,62.0,220,141,47,32,79,37,31,11
MSP829GSTMED2PK,90.0,67.0,157,100,34,23,57,27,22,8
MSP829GSTXLR2PK,71.0,97.0,168,108,36,24,60,28,23,9
MSP829RDS2XL,106.0,335.0,441,301,76,64,140,66,54,20
MSP829RDSLAR,22.0,23.0,45,42,0,3,3,1,1,1
MSP829RDSMED,50.0,201.0,251,195,20,36,56,26,22,8
MSP829RDSXLR,245.0,226.0,471,301,102,68,170,80,66,24
MSP829RDT2XL2PK,94.0,279.0,373,255,64,54,118,56,46,16
MSP829RDTLAR2PK,22.0,23.0,45,42,0,3,3,1,1,1
MSP829RDTMED2PK,50.0,67.0,117,80,20,17,37,17,14,6
MSP829RDTXLR2PK,240.0,127.0,367,235,79,53,132,62,51,19
MSP829TLT2XL,94.0,279.0,373,255,64,54,118,56,46,16
MSP829TLTLAR,201.0,62.0,263,168,57,38,95,45,37,13
MSP829TLTMED,175.0,67.0,242,155,52,35,87,41,34,12
MSP829TLTXLR,240.0,127.0,367,235,79,53,132,62,51,19
MSP897BLK2XL,123.0,58.0,181,116,39,26,65,31,25,9
MSP897BLK2XL519,0.0,22.0,22,20,0,2,2,1,1,0
MSP897BLKLAR,549.0,298.0,847,542,183,122,305,144,119,42
MSP897BLKMED,325.0,186.0,511,327,110,74,184,87,72,25
MSP897BLKMED519,0.0,8.0,8,8,0,0,0,0,0,0
MSP897BLKXLR,481.0,265.0,746,477,161,108,269,127,105,37
MSP897GFT2XL,13.0,11.0,24,24,0,0,0,0,0,0
MSP897GFT2XL519,0.0,4.0,4,4,0,0,0,0,0,0
MSP897GFTLAR,243.0,69.0,312,200,67,45,112,53,44,15
MSP897GFTMED,64.0,29.0,93,64,20,9,29,14,11,4
MSP897GFTXLR,138.0,86.0,224,143,49,32,81,38,32,11
MSP897KHI2XL,33.0,13.0,46,43,3,0,3,1,1,1
MSP897KHI2XL519,0.0,3.0,3,3,0,0,0,0,0,0
MSP897KHILAR,150.0,89.0,239,153,52,34,86,41,33,12
MSP897KHIMED,85.0,31.0,116,80,25,11,36,17,14,5
MSP897KHIXLR,114.0,65.0,179,115,38,26,64,30,25,9
MSP897LTG2XL,0.0,4.0,4,4,0,0,0,0,0,0
MSP897LTG2XL519,0.0,3.0,3,3,0,0,0,0,0,0
MSP897LTGLAR,228.0,94.0,322,206,70,46,116,55,45,16
MSP897LTGMED,93.0,12.0,105,82,23,0,23,11,9,3
MSP897LTGXLR,200.0,82.0,282,180,61,41,102,48,40,14
MSP897NYB2XL,0.0,0.0,0,0,0,0,0,0,0,0
MSP897NYBLAR,0.0,28.0,28,24,0,4,4,2,2,0
MSP897NYBMED,0.0,9.0,9,9,0,0,0,0,0,0
MSP897NYBXLR,0.0,0.0,0,0,0,0,0,0,0,0
MSP897TRNLAR,0.0,0.0,0,0,0,0,0,0,0,0
MSP897TRNMED,0.0,2.0,2,2,0,0,0,0,0,0
MSP897TRNXLR,0.0,1.0,1,1,0,0,0,0,0,0
MSP929BLK2XL,1.0,11.0,12,12,0,0,0,0,0,0
MSP929BLK2XL539,34.0,10.0,44,40,4,0,4,2,2,0
MSP929BLKLAR,0.0,10.0,10,10,0,0,0,0,0,0
MSP929BLKLAR539,53.0,10.0,63,49,14,0,14,7,5,2
MSP929BLKMED,0.0,0.0,0,0,0,0,0,0,0,0
MSP929BLKMED539,46.0,10.0,56,44,12,0,12,6,5,1
MSP929BLKXLR,0.0,12.0,12,12,0,0,0,0,0,0
MSP929BLKXLR539,33.0,13.0,46,43,3,0,3,1,1,1
MSP929GFT2XL,14.0,10.0,24,24,0,0,0,0,0,0
MSP929GFT2XL539,0.0,20.0,20,20,0,0,0,0,0,0
MSP929GFTLAR,0.0,6.0,6,6,0,0,0,0,0,0
MSP929GFTLAR539,13.0,10.0,23,23,0,0,0,0,0,0
MSP929GFTMED,3.0,18.0,21,21,0,0,0,0,0,0
MSP929GFTMED539,9.0,10.0,19,19,0,0,0,0,0,0
MSP929GFTXLR,6.0,14.0,20,20,0,0,0,0,0,0
MSP929GFTXLR539,6.0,10.0,16,16,0,0,0,0,0,0
MSP929NYB2XL,7.0,10.0,17,17,0,0,0,0,0,0
MSP929NYB2XL539,0.0,10.0,10,10,0,0,0,0,0,0
MSP929NYBLAR,4.0,10.0,14,14,0,0,0,0,0,0
MSP929NYBLAR539,0.0,2.0,2,2,0,0,0,0,0,0
MSP929NYBMED,2.0,13.0,15,15,0,0,0,0,0,0
MSP929NYBMED539,8.0,10.0,18,18,0,0,0,0,0,0
MSP929NYBXLR,5.0,17.0,22,22,0,0,0,0,0,0
MSP929NYBXLR539,6.0,10.0,16,16,0,0,0,0,0,0
MSP929OFW2XL,2.0,11.0,13,13,0,0,0,0,0,0
MSP929OFWLAR,2.0,12.0,14,14,0,0,0,0,0,0
MSP929OFWLAR539,0.0,1.0,1,1,0,0,0,0,0,0
MSP929OFWMED,0.0,1.0,1,1,0,0,0,0,0,0
MSP929OFWXLR,0.0,16.0,16,16,0,0,0,0,0,0
MSP929OFWXLR539,0.0,13.0,13,13,0,0,0,0,0,0
MSP929RYB2XL,9.0,10.0,19,19,0,0,0,0,0,0
MSP929RYB2XL539,0.0,12.0,12,12,0,0,0,0,0,0
MSP929RYBLAR,0.0,19.0,19,19,0,0,0,0,0,0
MSP929RYBLAR539,22.0,10.0,32,32,0,0,0,0,0,0
MSP929RYBMED,0.0,15.0,15,15,0,0,0,0,0,0
MSP929RYBMED539,23.0,10.0,33,33,0,0,0,0,0,0
MSP929RYBXLR,0.0,96.0,96,82,0,14,14,7,5,2
MSP929RYBXLR539,0.0,22.0,22,20,0,2,2,1,1,0
MSP954BLK2XL,0.0,1.0,1,1,0,0,0,0,0,0
MSP954BLKLAR,0.0,0.0,0,0,0,0,0,0,0,0
MSP954BLKMED,0.0,54.0,54,46,0,8,8,4,3,1
MSP954BLKXLR,0.0,0.0,0,0,0,0,0,0,0,0
MSP954GFT2XL,21.0,11.0,32,32,0,0,0,0,0,0
MSP954GFTLAR,18.0,10.0,28,28,0,0,0,0,0,0
MSP954GFTMED,87.0,67.0,154,99,33,22,55,26,21,8
MSP954GFTXLR,6.0,10.0,16,16,0,0,0,0,0,0
MSP954KHI2XL,0.0,3.0,3,3,0,0,0,0,0,0
MSP954KHIMED,0.0,17.0,17,17,0,0,0,0,0,0
MSP954KHIXLR,0.0,4.0,4,4,0,0,0,0,0,0
MSP954VIO2XL,0.0,0.0,0,0,0,0,0,0,0,0
MSP954VIOLAR,0.0,5.0,5,5,0,0,0,0,0,0
MSP954VIOMED,0.0,70.0,70,60,0,10,10,5,4,1
MSP954VIOXLR,0.0,0.0,0,0,0,0,0,0,0,0
MSP954WLG2XL,0.0,3.0,3,3,0,0,0,0,0,0
MSP954WLGLAR,0.0,2.0,2,2,0,0,0,0,0,0
MSP954WLGMED,0.0,18.0,18,18,0,0,0,0,0,0
MSP954WLGXLR,0.0,0.0,0,0,0,0,0,0,0,0
MSP987BLK2XL,0.0,4.0,4,4,0,0,0,0,0,0
MSP987BLKLAR,0.0,1.0,1,1,0,0,0,0,0,0
MSP987BLKMED,155.0,35.0,190,134,41,15,56,26,22,8
MSP987BLKXLR,10.0,10.0,20,20,0,0,0,0,0,0
MSP987GFT2XL,1.0,11.0,12,12,0,0,0,0,0,0
MSP987GFTLAR,0.0,8.0,8,8,0,0,0,0,0,0
MSP987GFTMED,39.0,10.0,49,40,9,0,9,4,4,1
MSP987GFTXLR,7.0,11.0,18,18,0,0,0,0,0,0
MSP987LTG2XL,0.0,1.0,1,1,0,0,0,0,0,0
MSP987LTGLAR,0.0,0.0,0,0,0,0,0,0,0,0
MSP987LTGMED,0.0,32.0,32,27,0,5,5,2,2,1
MSP987LTGXLR,0.0,18.0,18,18,0,0,0,0,0,0
MSP987SKO2XL,1.0,10.0,11,11,0,0,0,0,0,0
MSP987SKOLAR,0.0,1.0,1,1,0,0,0,0,0,0
MSP987SKOMED,15.0,10.0,25,25,0,0,0,0,0,0
MSP987SKOXLR,0.0,6.0,6,6,0,0,0,0,0,0
MSP987VIO2XL,0.0,5.0,5,5,0,0,0,0,0,0
MSP987VIOLAR,0.0,0.0,0,0,0,0,0,0,0,0
MSP987VIOMED,0.0,84.0,84,72,0,12,12,6,5,1
MSP987VIOXLR,0.0,2.0,2,2,0,0,0,0,0,0
MTOR05WHTSML,0.0,2.0,2,2,0,0,0,0,0,0
MTOR09LTG2XL,0.0,3.0,3,3,0,0,0,0,0,0
MTOR09ORG2XL,0.0,1.0,1,1,0,0,0,0,0,0
MTOR10ADPLAR,0.0,0.0,0,0,0,0,0,0,0,0
MTOR10ADPMED,0.0,0.0,0,0,0,0,0,0,0,0
MTOR10AGY3XL,0.0,7.0,7,7,0,0,0,0,0,0
MTOR10AGY4XL,0.0,16.0,16,16,0,0,0,0,0,0
MTOR10AGY5XL,0.0,14.0,14,14,0,0,0,0,0,0
MTOR10AQO3XL012,0.0,0.0,0,0,0,0,0,0,0,0
MTOR10AQOLAR,0.0,1.0,1,1,0,0,0,0,0,0
MTOR10AQOSML,0.0,1.0,1,1,0,0,0,0,0,0
MTOR10AQS2XL,0.0,0.0,0,0,0,0,0,0,0,0
MTOR10AQS3XL,0.0,0.0,0,0,0,0,0,0,0,0
MTOR10AQSLAR,0.0,0.0,0,0,0,0,0,0,0,0
MTOR10AQSMED,0.0,0.0,0,0,0,0,0,0,0,0
MTOR10AQSSML,0.0,0.0,0,0,0,0,0,0,0,0
MTOR10AQSXLR,0.0,1.0,1,1,0,0,0,0,0,0
MTOR10ASH2XL,12.0,10.0,22,22,0,0,0,0,0,0
MTOR10ASH3XL,0.0,3.0,3,3,0,0,0,0,0,0
MTOR10ASH4XL,0.0,8.0,8,8,0,0,0,0,0,0
MTOR10ASH5XL,0.0,0.0,0,0,0,0,0,0,0,0
MTOR10ASHLAR,9.0,10.0,19,19,0,0,0,0,0,0
MTOR10ASHMED,0.0,0.0,0,0,0,0,0,0,0,0
MTOR10ASHXLR,38.0,10.0,48,40,8,0,8,4,3,1
MTOR10ASL3XL2PK,0.0,1.0,1,1,0,0,0,0,0,0
MTOR10ASLLAR2PK,0.0,0.0,0,0,0,0,0,0,0,0
MTOR10ASLSML2PK,0.0,1.0,1,1,0,0,0,0,0,0
MTOR10BCT2XL,0.0,0.0,0,0,0,0,0,0,0,0
MTOR10BCTMED,0.0,0.0,0,0,0,0,0,0,0,0
MTOR10BCTSML,0.0,0.0,0,0,0,0,0,0,0,0
MTOR10BCTXLR,0.0,1.0,1,1,0,0,0,0,0,0
MTOR10BLE2XL,0.0,3.0,3,3,0,0,0,0,0,0
MTOR10BLELAR,0.0,31.0,31,27,0,4,4,2,2,0
MTOR10BLEMED,0.0,8.0,8,8,0,0,0,0,0,0
MTOR10BLESML,0.0,8.0,8,8,0,0,0,0,0,0
MTOR10BLEXLR,0.0,19.0,19,19,0,0,0,0,0,0
MTOR10BLK2XL,6.0,12.0,18,18,0,0,0,0,0,0
MTOR10BLK2XL339,1.0,10.0,11,11,0,0,0,0,0,0
MTOR10BLK3XL012,0.0,0.0,0,0,0,0,0,0,0,0
MTOR10BLK4XL,0.0,0.0,0,0,0,0,0,0,0,0
MTOR10BLK5XL,0.0,1.0,1,1,0,0,0,0,0,0
MTOR10BLKLAR,0.0,9.0,9,9,0,0,0,0,0,0
MTOR10BLKLAR339,0.0,0.0,0,0,0,0,0,0,0,0
MTOR10BLKMED,0.0,3.0,3,3,0,0,0,0,0,0
MTOR10BLKMED339,0.0,9.0,9,9,0,0,0,0,0,0
MTOR10BLKSML,0.0,0.0,0,0,0,0,0,0,0,0
MTOR10BLKSML339,35.0,14.0,49,44,5,0,5,2,2,1
MTOR10BLKXLR,61.0,45.0,106,68,23,15,38,18,15,5
MTOR10BLKXLR339,121.0,55.0,176,113,38,25,63,30,24,9
MTOR10BLTXLR,0.0,2.0,2,2,0,0,0,0,0,0
MTOR10BOE3XL,0.0,1.0,1,1,0,0,0,0,0,0
MTOR10BOE4XL,0.0,0.0,0,0,0,0,0,0,0,0
MTOR10BOE5XL,0.0,0.0,0,0,0,0,0,0,0,0
MTOR10BRD2XL,0.0,6.0,6,6,0,0,0,0,0,0
MTOR10BRD2XL339,0.0,0.0,0,0,0,0,0,0,0,0
MTOR10BRDLAR,0.0,6.0,6,6,0,0,0,0,0,0
MTOR10BRDLAR339,0.0,0.0,0,0,0,0,0,0,0,0
MTOR10BRDMED,0.0,14.0,14,14,0,0,0,0,0,0
MTOR10BRDMED339,0.0,77.0,77,66,0,11,11,5,4,2
MTOR10BRDSML,0.0,7.0,7,7,0,0,0,0,0,0
MTOR10BRDSML339,0.0,2.0,2,2,0,0,0,0,0,0
MTOR10BRDXLR,0.0,22.0,22,20,0,2,2,1,1,0
MTOR10BRDXLR339,0.0,0.0,0,0,0,0,0,0,0,0
MTOR10BVISML2PK,0.0,0.0,0,0,0,0,0,0,0,0
MTOR10CEG2XL319,0.0,0.0,0,0,0,0,0,0,0,0
MTOR10CEGLAR,0.0,1.0,1,1,0,0,0,0,0,0
MTOR10CEGLAR319,0.0,0.0,0,0,0,0,0,0,0,0
MTOR10CEGMED319,5.0,10.0,15,15,0,0,0,0,0,0
MTOR10CEGSML,0.0,7.0,7,7,0,0,0,0,0,0
MTOR10CEGXLR,0.0,2.0,2,2,0,0,0,0,0,0
MTOR10CEGXLR319,0.0,5.0,5,5,0,0,0,0,0,0
MTOR10CFK3XL,0.0,1.0,1,1,0,0,0,0,0,0
MTOR10CFK4XL,0.0,18.0,18,18,0,0,0,0,0,0
MTOR10CFK5XL,0.0,30.0,30,26,0,4,4,2,2,0
MTOR10CFKLAR,0.0,0.0,0,0,0,0,0,0,0,0
MTOR10CFKSML,0.0,18.0,18,18,0,0,0,0,0,0
MTOR10CRB2XL,0.0,26.0,26,22,0,4,4,2,2,0
MTOR10CRBLAR,0.0,0.0,0,0,0,0,0,0,0,0
MTOR10CRBMED,0.0,7.0,7,7,0,0,0,0,0,0
MTOR10CRBSML,0.0,0.0,0,0,0,0,0,0,0,0
MTOR10CRD2XL,0.0,14.0,14,14,0,0,0,0,0,0
MTOR10CRD3XL,0.0,0.0,0,0,0,0,0,0,0,0
MTOR10CRDLAR,0.0,0.0,0,0,0,0,0,0,0,0
MTOR10CRDMED,0.0,3.0,3,3,0,0,0,0,0,0
MTOR10CRDSML,0.0,0.0,0,0,0,0,0,0,0,0
MTOR10CRDXLR,0.0,0.0,0,0,0,0,0,0,0,0
MTOR10DNCLAR2PK,0.0,0.0,0,0,0,0,0,0,0,0
MTOR10DNCMED,0.0,52.0,52,44,0,8,8,4,3,1
MTOR10DNCMED2PK,0.0,52.0,52,44,0,8,8,4,3,1
MTOR10DNMLAR,0.0,44.0,44,38,0,6,6,3,2,1
MTOR10DNMMED,0.0,0.0,0,0,0,0,0,0,0,0
MTOR10DNMSML,0.0,4.0,4,4,0,0,0,0,0,0
MTOR10DNMXLR,0.0,0.0,0,0,0,0,0,0,0,0
MTOR10DPKLAR,0.0,0.0,0,0,0,0,0,0,0,0
MTOR10DPKSML,0.0,0.0,0,0,0,0,0,0,0,0
MTOR10DPKXLR,0.0,0.0,0,0,0,0,0,0,0,0
MTOR10GFT3XL,0.0,0.0,0,0,0,0,0,0,0,0
MTOR10GFT4XL,0.0,0.0,0,0,0,0,0,0,0,0
MTOR10GFT5XL,0.0,4.0,4,4,0,0,0,0,0,0
MTOR10GVE2XL,0.0,0.0,0,0,0,0,0,0,0,0
MTOR10GVE3XL,0.0,0.0,0,0,0,0,0,0,0,0
MTOR10GVE4XL,0.0,0.0,0,0,0,0,0,0,0,0
MTOR10GVE5XL,0.0,0.0,0,0,0,0,0,0,0,0
MTOR10GVELAR,0.0,0.0,0,0,0,0,0,0,0,0
MTOR10GVEMED,0.0,9.0,9,9,0,0,0,0,0,0
MTOR10GVEXLR,0.0,0.0,0,0,0,0,0,0,0,0
MTOR10HBE2XL,2.0,10.0,12,12,0,0,0,0,0,0
MTOR10HBE3XL,0.0,0.0,0,0,0,0,0,0,0,0
MTOR10HBE4XL,0.0,0.0,0,0,0,0,0,0,0,0
MTOR10HBE5XL,0.0,0.0,0,0,0,0,0,0,0,0
MTOR10HBELAR,0.0,0.0,0,0,0,0,0,0,0,0
MTOR10HBELXLR,0.0,1.0,1,1,0,0,0,0,0,0
MTOR10HBEMED,0.0,8.0,8,8,0,0,0,0,0,0
MTOR10HBESML,0.0,1.0,1,1,0,0,0,0,0,0
MTOR10HBEXLR,0.0,1.0,1,1,0,0,0,0,0,0
MTOR10HTG2XL,0.0,8.0,8,8,0,0,0,0,0,0
MTOR10HTG2XL339,0.0,1.0,1,1,0,0,0,0,0,0
MTOR10HTG3XL,0.0,0.0,0,0,0,0,0,0,0,0
MTOR10HTGLAR,0.0,1.0,1,1,0,0,0,0,0,0
MTOR10HTGLAR339,0.0,39.0,39,33,0,6,6,3,2,1
MTOR10HTGMED,10.0,11.0,21,21,0,0,0,0,0,0
MTOR10HTGMED339,24.0,57.0,81,69,0,12,12,6,5,1
MTOR10HTGSML,0.0,4.0,4,4,0,0,0,0,0,0
MTOR10HTGSML339,0.0,5.0,5,5,0,0,0,0,0,0
MTOR10HTGXLR,0.0,1.0,1,1,0,0,0,0,0,0
MTOR10HTGXLR339,27.0,81.0,108,92,0,16,16,8,6,2
MTOR10IRGLAR,0.0,1.0,1,1,0,0,0,0,0,0
MTOR10IRGMED,0.0,0.0,0,0,0,0,0,0,0,0
MTOR10IRGSML,0.0,0.0,0,0,0,0,0,0,0,0
MTOR10IRGXLR,0.0,0.0,0,0,0,0,0,0,0,0
MTOR10LBELAR,0.0,0.0,0,0,0,0,0,0,0,0
MTOR10LLC2XL,36.0,125.0,161,132,6,23,29,14,11,4
MTOR10LLCLAR,510.0,606.0,1116,714,241,161,402,190,156,56
MTOR10LLCMED,621.0,477.0,1098,703,237,158,395,187,154,54
MTOR10LLCSML,165.0,139.0,304,195,65,44,109,51,42,16
MTOR10LLCXLR,344.0,417.0,761,487,164,110,274,129,107,38
MTOR10LRGLAR,0.0,2.0,2,2,0,0,0,0,0,0
MTOR10LRGMED,0.0,2.0,2,2,0,0,0,0,0,0
MTOR10LRGSML,0.0,1.0,1,1,0,0,0,0,0,0
MTOR10LRGXLR,0.0,1.0,1,1,0,0,0,0,0,0
MTOR10LTG2XL,0.0,1.0,1,1,0,0,0,0,0,0
MTOR10LTG3XL,0.0,25.0,25,21,0,4,4,2,2,0
MTOR10LTG4XL,0.0,20.0,20,20,0,0,0,0,0,0
MTOR10LTG5XL,0.0,43.0,43,37,0,6,6,3,2,1
MTOR10LTGLAR,0.0,0.0,0,0,0,0,0,0,0,0
MTOR10LTGMED,0.0,0.0,0,0,0,0,0,0,0,0
MTOR10LTGSML,0.0,0.0,0,0,0,0,0,0,0,0
MTOR10LTGXLR,0.0,1.0,1,1,0,0,0,0,0,0
MTOR10LTL2XL,0.0,0.0,0,0,0,0,0,0,0,0
MTOR10LTL2XL339,0.0,5.0,5,5,0,0,0,0,0,0
MTOR10LTL3XL,0.0,0.0,0,0,0,0,0,0,0,0
MTOR10LTLLAR,0.0,0.0,0,0,0,0,0,0,0,0
MTOR10LTLLAR339,0.0,0.0,0,0,0,0,0,0,0,0
MTOR10LTLMED,0.0,0.0,0,0,0,0,0,0,0,0
MTOR10LTLMED339,0.0,11.0,11,11,0,0,0,0,0,0
MTOR10LTLSML,0.0,1.0,1,1,0,0,0,0,0,0
MTOR10LTLSML339,0.0,0.0,0,0,0,0,0,0,0,0
MTOR10LTLXLR,0.0,0.0,0,0,0,0,0,0,0,0
MTOR10LTLXLR339,0.0,0.0,0,0,0,0,0,0,0,0
MTOR10MBN2XL,0.0,1.0,1,1,0,0,0,0,0,0
MTOR10MBNMED,0.0,0.0,0,0,0,0,0,0,0,0
MTOR10MBNSML,0.0,1.0,1,1,0,0,0,0,0,0
MTOR10MBNXLR,0.0,0.0,0,0,0,0,0,0,0,0
MTOR10MGO2XL,0.0,0.0,0,0,0,0,0,0,0,0
MTOR10MGO3XL,0.0,0.0,0,0,0,0,0,0,0,0
MTOR10MGOLAR,0.0,1.0,1,1,0,0,0,0,0,0
MTOR10MGOMED,0.0,1.0,1,1,0,0,0,0,0,0
MTOR10MGOSML,0.0,2.0,2,2,0,0,0,0,0,0
MTOR10MGOXLR,0.0,6.0,6,6,0,0,0,0,0,0
MTOR10MNB2XL,0.0,25.0,25,21,0,4,4,2,2,0
MTOR10MNB3XL,0.0,5.0,5,5,0,0,0,0,0,0
MTOR10MNB4XL,0.0,29.0,29,25,0,4,4,2,2,0
MTOR10MNB5XL,0.0,26.0,26,22,0,4,4,2,2,0
MTOR10MNBLAR,0.0,0.0,0,0,0,0,0,0,0,0
MTOR10MNBMED,0.0,0.0,0,0,0,0,0,0,0,0
MTOR10MNBXLR299,0.0,149.0,149,127,0,22,22,10,9,3
MTOR10MSA2XL,0.0,1.0,1,1,0,0,0,0,0,0
MTOR10MSAMED,0.0,4.0,4,4,0,0,0,0,0,0
MTOR10MSASML,0.0,9.0,9,9,0,0,0,0,0,0
MTOR10MSAXLR,0.0,6.0,6,6,0,0,0,0,0,0
MTOR10MYE2XL,0.0,5.0,5,5,0,0,0,0,0,0
MTOR10MYEMED,0.0,0.0,0,0,0,0,0,0,0,0
MTOR10MYESML,12.0,10.0,22,22,0,0,0,0,0,0
MTOR10MYEXLR,0.0,1.0,1,1,0,0,0,0,0,0
MTOR10NTC4XL,0.0,0.0,0,0,0,0,0,0,0,0
MTOR10NVY2XL,0.0,6.0,6,6,0,0,0,0,0,0
MTOR10NVYLAR,82.0,10.0,92,72,20,0,20,9,8,3
MTOR10NVYMED,28.0,10.0,38,38,0,0,0,0,0,0
MTOR10NVYSML,24.0,10.0,34,34,0,0,0,0,0,0
MTOR10NVYXLR,22.0,10.0,32,32,0,0,0,0,0,0
MTOR10NYB2XL339,0.0,0.0,0,0,0,0,0,0,0,0
MTOR10NYB3XL,0.0,0.0,0,0,0,0,0,0,0,0
MTOR10NYB4XL399,0.0,12.0,12,12,0,0,0,0,0,0
MTOR10NYB5XL399,0.0,9.0,9,9,0,0,0,0,0,0
MTOR10NYBLAR,0.0,0.0,0,0,0,0,0,0,0,0
MTOR10NYBLAR339,389.0,183.0,572,366,124,82,206,97,80,29
MTOR10NYBMED,5.0,10.0,15,15,0,0,0,0,0,0
MTOR10NYBMED339,341.0,190.0,531,340,115,76,191,90,74,27
MTOR10NYBSML339,75.0,75.0,150,96,32,22,54,26,21,7
MTOR10NYBXLR,3.0,10.0,13,13,0,0,0,0,0,0
MTOR10NYBXLR339,33.0,144.0,177,148,3,26,29,14,11,4
MTOR10OBR3XL,0.0,14.0,14,14,0,0,0,0,0,0
MTOR10OBR4XL,0.0,71.0,71,61,0,10,10,5,4,1
MTOR10OBR5XL,0.0,55.0,55,47,0,8,8,4,3,1
MTOR10OBRLAR,0.0,0.0,0,0,0,0,0,0,0,0
MTOR10OBRSML,0.0,6.0,6,6,0,0,0,0,0,0
MTOR10OFW2XL,0.0,0.0,0,0,0,0,0,0,0,0
MTOR10OFWMED,0.0,0.0,0,0,0,0,0,0,0,0
MTOR10OFWXLR,0.0,0.0,0,0,0,0,0,0,0,0
MTOR10OGY2XL,0.0,10.0,10,10,0,0,0,0,0,0
MTOR10OGYMED,16.0,10.0,26,26,0,0,0,0,0,0
MTOR10OGYSML,38.0,10.0,48,40,8,0,8,4,3,1
MTOR10OIN2XL,0.0,1.0,1,1,0,0,0,0,0,0
MTOR10OINLAR,0.0,0.0,0,0,0,0,0,0,0,0
MTOR10OINMED,0.0,17.0,17,17,0,0,0,0,0,0
MTOR10OINXLR,0.0,0.0,0,0,0,0,0,0,0,0
MTOR10OLD2XL,0.0,0.0,0,0,0,0,0,0,0,0
MTOR10OLDMED,0.0,0.0,0,0,0,0,0,0,0,0
MTOR10OLDSML,0.0,3.0,3,3,0,0,0,0,0,0
MTOR10OMA3XL2PK,0.0,0.0,0,0,0,0,0,0,0,0
MTOR10OMAMED2PK,0.0,1.0,1,1,0,0,0,0,0,0
MTOR10OMASML2PK,0.0,2.0,2,2,0,0,0,0,0,0
MTOR10OML2XL,31.0,10.0,41,40,1,0,1,0,0,1
MTOR10OMLMED,0.0,1.0,1,1,0,0,0,0,0,0
MTOR10OMLXLR,20.0,10.0,30,30,0,0,0,0,0,0
MTOR10PCH2XL299,0.0,67.0,67,57,0,10,10,5,4,1
MTOR10PCHLAR,0.0,0.0,0,0,0,0,0,0,0,0
MTOR10PCHMED,0.0,0.0,0,0,0,0,0,0,0,0
MTOR10PCHXLR299,0.0,217.0,217,186,0,31,31,15,12,4
MTOR10PCLSML,0.0,1.0,1,1,0,0,0,0,0,0
MTOR10PGN2XL,0.0,0.0,0,0,0,0,0,0,0,0
MTOR10PGNLAR,0.0,2.0,2,2,0,0,0,0,0,0
MTOR10PGNMED,0.0,4.0,4,4,0,0,0,0,0,0
MTOR10PGNSML,0.0,0.0,0,0,0,0,0,0,0,0
MTOR10PGNXLR,0.0,1.0,1,1,0,0,0,0,0,0
MTOR10PKN2XL,0.0,0.0,0,0,0,0,0,0,0,0
MTOR10PKNLAR,0.0,0.0,0,0,0,0,0,0,0,0
MTOR10PKNMED,0.0,6.0,6,6,0,0,0,0,0,0
MTOR10PKNXLR,0.0,0.0,0,0,0,0,0,0,0,0
MTOR10PLN2XL2PK,0.0,0.0,0,0,0,0,0,0,0,0
MTOR10PLNLAR2PK,0.0,0.0,0,0,0,0,0,0,0,0
MTOR10RBO2XL2PK,0.0,0.0,0,0,0,0,0,0,0,0
MTOR10RBOLAR2PK,0.0,0.0,0,0,0,0,0,0,0,0
MTOR10RBOSML2PK,0.0,4.0,4,4,0,0,0,0,0,0
MTOR10RBOXLR2PK,0.0,0.0,0,0,0,0,0,0,0,0
MTOR10RED2XL,0.0,3.0,3,3,0,0,0,0,0,0
MTOR10RED3XL012,0.0,0.0,0,0,0,0,0,0,0,0
MTOR10REDLAR,0.0,0.0,0,0,0,0,0,0,0,0
MTOR10REDMED,0.0,4.0,4,4,0,0,0,0,0,0
MTOR10REDSML,0.0,0.0,0,0,0,0,0,0,0,0
MTOR10REDXLR,0.0,9.0,9,9,0,0,0,0,0,0
MTOR10RYB2XL,0.0,0.0,0,0,0,0,0,0,0,0
MTOR10RYBLAR,0.0,0.0,0,0,0,0,0,0,0,0
MTOR10RYBMED,0.0,0.0,0,0,0,0,0,0,0,0
MTOR10RYBSML,0.0,0.0,0,0,0,0,0,0,0,0
MTOR10RYBXLR,0.0,0.0,0,0,0,0,0,0,0,0
MTOR10SBRLAR,6.0,10.0,16,16,0,0,0,0,0,0
MTOR10SBRLAR2PK,6.0,10.0,16,16,0,0,0,0,0,0
MTOR10SBRMED,12.0,10.0,22,22,0,0,0,0,0,0
MTOR10SBRMED2PK,12.0,10.0,22,22,0,0,0,0,0,0
MTOR10SBRSML,0.0,6.0,6,6,0,0,0,0,0,0
MTOR10SBRSML2PK,0.0,6.0,6,6,0,0,0,0,0,0
MTOR10SBRXLR,9.0,11.0,20,20,0,0,0,0,0,0
MTOR10SBRXLR2PK,9.0,11.0,20,20,0,0,0,0,0,0
MTOR10SCB2XL,0.0,0.0,0,0,0,0,0,0,0,0
MTOR10SCBMED,0.0,17.0,17,17,0,0,0,0,0,0
MTOR10SCBSML,0.0,0.0,0,0,0,0,0,0,0,0
MTOR10SCBXLR,0.0,5.0,5,5,0,0,0,0,0,0
MTOR10SDL2XL,34.0,10.0,44,40,4,0,4,2,2,0
MTOR10SDLLAR,0.0,10.0,10,10,0,0,0,0,0,0
MTOR10SDLMED,24.0,10.0,34,34,0,0,0,0,0,0
MTOR10SDLXLR,70.0,107.0,177,113,38,26,64,30,25,9
MTOR10SEG2XL,0.0,1.0,1,1,0,0,0,0,0,0
MTOR10SEGLAR,0.0,52.0,52,44,0,8,8,4,3,1
MTOR10SEGMED,0.0,0.0,0,0,0,0,0,0,0,0
MTOR10SEGSML,0.0,0.0,0,0,0,0,0,0,0,0
MTOR10SEGXLR,0.0,1.0,1,1,0,0,0,0,0,0
MTOR10SHG3XL2PK,0.0,1.0,1,1,0,0,0,0,0,0
MTOR10SHGMED2PK,0.0,1.0,1,1,0,0,0,0,0,0
MTOR10SHGXLR2PK,0.0,0.0,0,0,0,0,0,0,0,0
MTOR10SKO2XL339,0.0,0.0,0,0,0,0,0,0,0,0
MTOR10SKOLAR,0.0,0.0,0,0,0,0,0,0,0,0
MTOR10SKOLAR339,393.0,20.0,413,324,89,0,89,42,35,12
MTOR10SKOMED,0.0,0.0,0,0,0,0,0,0,0,0
MTOR10SKOMED339,273.0,112.0,385,246,83,56,139,66,54,19
MTOR10SKOSML,0.0,3.0,3,3,0,0,0,0,0,0
MTOR10SKOSML339,0.0,9.0,9,9,0,0,0,0,0,0
MTOR10SKOXLR,0.0,0.0,0,0,0,0,0,0,0,0
MTOR10SKOXLR339,235.0,19.0,254,199,55,0,55,26,21,8
MTOR10SPC3XL2PK,0.0,0.0,0,0,0,0,0,0,0,0
MTOR10SPCLAR2PK,0.0,3.0,3,3,0,0,0,0,0,0
MTOR10SPCMED2PK,4.0,10.0,14,14,0,0,0,0,0,0
MTOR10SPCSML2PK,0.0,26.0,26,22,0,4,4,2,2,0
MTOR10SPCXLR2PK,0.0,4.0,4,4,0,0,0,0,0,0
MTOR10TEL2XL299,18.0,10.0,28,28,0,0,0,0,0,0
MTOR10TEL3XL012,0.0,1.0,1,1,0,0,0,0,0,0
MTOR10TEL3XL012399,0.0,5.0,5,5,0,0,0,0,0,0
MTOR10TEL4XL399,0.0,81.0,81,69,0,12,12,6,5,1
MTOR10TEL5XL399,0.0,81.0,81,69,0,12,12,6,5,1
MTOR10TELLAR299,0.0,4.0,4,4,0,0,0,0,0,0
MTOR10TELMED299,0.0,10.0,10,10,0,0,0,0,0,0
MTOR10TELXLR299,72.0,21.0,93,72,20,1,21,10,8,3
MTOR10TRN2XL,0.0,0.0,0,0,0,0,0,0,0,0
MTOR10TRN3XL,0.0,0.0,0,0,0,0,0,0,0,0
MTOR10TRN5XL,0.0,0.0,0,0,0,0,0,0,0,0
MTOR10TRNLAR,0.0,0.0,0,0,0,0,0,0,0,0
MTOR10TRNMED,0.0,5.0,5,5,0,0,0,0,0,0
MTOR10TRNSML,0.0,13.0,13,13,0,0,0,0,0,0
MTOR10TRNXLR,0.0,3.0,3,3,0,0,0,0,0,0
MTOR10UGYLAR,0.0,0.0,0,0,0,0,0,0,0,0
MTOR10UGYMED,0.0,1.0,1,1,0,0,0,0,0,0
MTOR10UGYSML,0.0,9.0,9,9,0,0,0,0,0,0
MTOR10UGYXLR,0.0,1.0,1,1,0,0,0,0,0,0
MTOR10VIOMED,0.0,32.0,32,27,0,5,5,2,2,1
MTOR10VIOSML,0.0,1.0,1,1,0,0,0,0,0,0
MTOR10WHT2XL,3.0,10.0,13,13,0,0,0,0,0,0
MTOR10WHT2XL339,0.0,1999.0,1999,1711,0,288,288,136,112,40
MTOR10WHT3XL012,0.0,0.0,0,0,0,0,0,0,0,0
MTOR10WHT5XL,0.0,0.0,0,0,0,0,0,0,0,0
MTOR10WHTLAR,0.0,2.0,2,2,0,0,0,0,0,0
MTOR10WHTLAR339,6.0,3891.0,3897,3336,0,561,561,265,218,78
MTOR10WHTMED,0.0,1.0,1,1,0,0,0,0,0,0
MTOR10WHTMED339,61.0,3997.0,4058,3443,31,584,615,290,239,86
MTOR10WHTSML,0.0,5.0,5,5,0,0,0,0,0,0
MTOR10WHTSML339,2.0,1992.0,1994,1707,0,287,287,136,112,39
MTOR10WHTXLR,3.0,11.0,14,14,0,0,0,0,0,0
MTOR10WHTXLR339,17.0,3065.0,3082,2638,0,444,444,210,173,61
MTOR10WLG2XL,0.0,19.0,19,19,0,0,0,0,0,0
MTOR10WLGLAR,0.0,26.0,26,22,0,4,4,2,2,0
MTOR10WLGMED,0.0,34.0,34,29,0,5,5,2,2,1
MTOR10WLGSML,0.0,23.0,23,20,0,3,3,1,1,1
MTOR10WLGXLR,0.0,1.0,1,1,0,0,0,0,0,0
MTOR10YLW3XL,0.0,16.0,16,16,0,0,0,0,0,0
MTOR10YLW4XL,0.0,85.0,85,73,0,12,12,6,5,1
MTOR10YLW5XL,0.0,171.0,171,146,0,25,25,12,10,3
MTOR11ADPSML,0.0,3.0,3,3,0,0,0,0,0,0
MTOR11AGYLAR,0.0,0.0,0,0,0,0,0,0,0,0
MTOR11AGYMED,0.0,0.0,0,0,0,0,0,0,0,0
MTOR11AGYSML,0.0,126.0,126,108,0,18,18,8,7,3
MTOR11AGYXLR,0.0,0.0,0,0,0,0,0,0,0,0
MTOR11BLE3XL,0.0,0.0,0,0,0,0,0,0,0,0
MTOR11BLE4XL,0.0,0.0,0,0,0,0,0,0,0,0
MTOR11BLE5XL,0.0,1.0,1,1,0,0,0,0,0,0
MTOR11BLELAR,0.0,0.0,0,0,0,0,0,0,0,0
MTOR11BLEXLR,0.0,0.0,0,0,0,0,0,0,0,0
MTOR11BLK2XL,0.0,0.0,0,0,0,0,0,0,0,0
MTOR11BLK3XL,0.0,4.0,4,4,0,0,0,0,0,0
MTOR11BLK3XL479,0.0,0.0,0,0,0,0,0,0,0,0
MTOR11BLK4XL,0.0,0.0,0,0,0,0,0,0,0,0
MTOR11BLK5XL,0.0,0.0,0,0,0,0,0,0,0,0
MTOR11BLKLAR,0.0,1.0,1,1,0,0,0,0,0,0
MTOR11BLKLAR479,0.0,0.0,0,0,0,0,0,0,0,0
MTOR11BLKMED,0.0,0.0,0,0,0,0,0,0,0,0
MTOR11BLKSML,0.0,0.0,0,0,0,0,0,0,0,0
MTOR11BLKSML479,0.0,34.0,34,29,0,5,5,2,2,1
MTOR11BLKXLR,0.0,0.0,0,0,0,0,0,0,0,0
MTOR11BRD2XL,0.0,0.0,0,0,0,0,0,0,0,0
MTOR11BRD3XL,0.0,0.0,0,0,0,0,0,0,0,0
MTOR11BTD3XL,0.0,0.0,0,0,0,0,0,0,0,0
MTOR11CFK2XL,0.0,1.0,1,1,0,0,0,0,0,0
MTOR11CFKLAR,0.0,2.0,2,2,0,0,0,0,0,0
MTOR11CFKMED,0.0,4.0,4,4,0,0,0,0,0,0
MTOR11CNGXLR,0.0,0.0,0,0,0,0,0,0,0,0
MTOR11DNM2XL,0.0,1.0,1,1,0,0,0,0,0,0
MTOR11DNMLAR,0.0,0.0,0,0,0,0,0,0,0,0
MTOR11DNMSML,0.0,0.0,0,0,0,0,0,0,0,0
MTOR11DNMXLR,0.0,0.0,0,0,0,0,0,0,0,0
MTOR11FIGLAR,0.0,0.0,0,0,0,0,0,0,0,0
MTOR11FIGMED,0.0,9.0,9,9,0,0,0,0,0,0
MTOR11FIGXLR,0.0,0.0,0,0,0,0,0,0,0,0
MTOR11GVE2XL,0.0,0.0,0,0,0,0,0,0,0,0
MTOR11GVE3XL479,0.0,1.0,1,1,0,0,0,0,0,0
MTOR11GVE3XL579,0.0,0.0,0,0,0,0,0,0,0,0
MTOR11GVELAR,0.0,0.0,0,0,0,0,0,0,0,0
MTOR11GVEMED,0.0,0.0,0,0,0,0,0,0,0,0
MTOR11GVESML,0.0,57.0,57,49,0,8,8,4,3,1
MTOR11GVEXLR,0.0,0.0,0,0,0,0,0,0,0,0
MTOR11GYR2XL,0.0,0.0,0,0,0,0,0,0,0,0
MTOR11GYR5XL,0.0,0.0,0,0,0,0,0,0,0,0
MTOR11GYRLAR,0.0,0.0,0,0,0,0,0,0,0,0
MTOR11GYRMED,0.0,17.0,17,17,0,0,0,0,0,0
MTOR11GYRXLR,0.0,0.0,0,0,0,0,0,0,0,0
MTOR11HTG2XL,0.0,1.0,1,1,0,0,0,0,0,0
MTOR11HTGMED,0.0,1.0,1,1,0,0,0,0,0,0
MTOR11HTRMED,0.0,0.0,0,0,0,0,0,0,0,0
MTOR11LGNMED,0.0,0.0,0,0,0,0,0,0,0,0
MTOR11MNBLAR,0.0,0.0,0,0,0,0,0,0,0,0
MTOR11MNBMED,0.0,0.0,0,0,0,0,0,0,0,0
MTOR11MONLAR,0.0,0.0,0,0,0,0,0,0,0,0
MTOR11MSA2XL,0.0,1.0,1,1,0,0,0,0,0,0
MTOR11MSALAR,0.0,25.0,25,21,0,4,4,2,2,0
MTOR11MSAMED,0.0,5.0,5,5,0,0,0,0,0,0
MTOR11MSAXLR,0.0,17.0,17,17,0,0,0,0,0,0
MTOR11MYELAR,0.0,0.0,0,0,0,0,0,0,0,0
MTOR11MYEMED,0.0,0.0,0,0,0,0,0,0,0,0
MTOR11MYEXLR,0.0,0.0,0,0,0,0,0,0,0,0
MTOR11NTC5XL,0.0,0.0,0,0,0,0,0,0,0,0
MTOR11NTCLAR,0.0,0.0,0,0,0,0,0,0,0,0
MTOR11NYBLAR,0.0,0.0,0,0,0,0,0,0,0,0
MTOR11NYBMED,0.0,0.0,0,0,0,0,0,0,0,0
MTOR11NYBXLR,0.0,0.0,0,0,0,0,0,0,0,0
MTOR11OBR2XL,0.0,0.0,0,0,0,0,0,0,0,0
MTOR11OBR3XL,0.0,1.0,1,1,0,0,0,0,0,0
MTOR11OBR3XL479,0.0,0.0,0,0,0,0,0,0,0,0
MTOR11OBR4XL,0.0,0.0,0,0,0,0,0,0,0,0
MTOR11OBR5XL,0.0,0.0,0,0,0,0,0,0,0,0
MTOR11OBRLAR,0.0,0.0,0,0,0,0,0,0,0,0
MTOR11OBRMED,0.0,0.0,0,0,0,0,0,0,0,0
MTOR11OBRXLR,0.0,0.0,0,0,0,0,0,0,0,0
MTOR11OFW2XL,0.0,0.0,0,0,0,0,0,0,0,0
MTOR11OFWLAR,0.0,0.0,0,0,0,0,0,0,0,0
MTOR11OFWMED,0.0,0.0,0,0,0,0,0,0,0,0
MTOR11OFWXLR,0.0,0.0,0,0,0,0,0,0,0,0
MTOR11OGY2XL,0.0,5.0,5,5,0,0,0,0,0,0
MTOR11OGYMED,0.0,12.0,12,12,0,0,0,0,0,0
MTOR11OGYXLR,0.0,0.0,0,0,0,0,0,0,0,0
MTOR11PKN2XL,0.0,1.0,1,1,0,0,0,0,0,0
MTOR11PKNMED,0.0,7.0,7,7,0,0,0,0,0,0
MTOR11SDL2XL,0.0,1.0,1,1,0,0,0,0,0,0
MTOR11SDLMED,0.0,1.0,1,1,0,0,0,0,0,0
MTOR11SKO3XL,0.0,0.0,0,0,0,0,0,0,0,0
MTOR11SKO4XL,0.0,0.0,0,0,0,0,0,0,0,0
MTOR11SKO5XL,0.0,0.0,0,0,0,0,0,0,0,0
MTOR11SKOLAR,0.0,0.0,0,0,0,0,0,0,0,0
MTOR11SPKXLR,0.0,0.0,0,0,0,0,0,0,0,0
MTOR11TCA2XL,0.0,0.0,0,0,0,0,0,0,0,0
MTOR11TCAMED,0.0,0.0,0,0,0,0,0,0,0,0
MTOR11TRN2XL,0.0,0.0,0,0,0,0,0,0,0,0
MTOR11TSP2XL,0.0,0.0,0,0,0,0,0,0,0,0
MTOR11TSP5XL,0.0,0.0,0,0,0,0,0,0,0,0
MTOR11TSPLAR,0.0,1.0,1,1,0,0,0,0,0,0
MTOR11TSPMED,0.0,1.0,1,1,0,0,0,0,0,0
MTOR11TSPSML,113.0,25.0,138,103,30,5,35,17,14,4
MTOR11TSPXLR,0.0,0.0,0,0,0,0,0,0,0,0
MTOR11UGY3XL,0.0,0.0,0,0,0,0,0,0,0,0
MTOR11UGY4XL,0.0,1.0,1,1,0,0,0,0,0,0
MTOR11UGY5XL,0.0,21.0,21,20,0,1,1,0,0,1
MTOR11WHT2XL,0.0,0.0,0,0,0,0,0,0,0,0
MTOR11WHT3XL479,0.0,6.0,6,6,0,0,0,0,0,0
MTOR11WHT3XL579,0.0,0.0,0,0,0,0,0,0,0,0
MTOR11WHTLAR,0.0,0.0,0,0,0,0,0,0,0,0
MTOR11WHTMED,0.0,1.0,1,1,0,0,0,0,0,0
MTOR11WHTSML,0.0,0.0,0,0,0,0,0,0,0,0
MTOR11WHTXLR,0.0,0.0,0,0,0,0,0,0,0,0
MTOR11WLG2XL,0.0,0.0,0,0,0,0,0,0,0,0
MTOR11WLG3XL,0.0,1.0,1,1,0,0,0,0,0,0
MTOR11WLG4XL,0.0,19.0,19,19,0,0,0,0,0,0
MTOR11WLG5XL,0.0,31.0,31,27,0,4,4,2,2,0
MTOR11WLGLAR,0.0,0.0,0,0,0,0,0,0,0,0
MTOR11WLGMED,0.0,9.0,9,9,0,0,0,0,0,0
MTOR11WLGXLR,0.0,0.0,0,0,0,0,0,0,0,0
MTOR13AGY2XLNEW,0.0,0.0,0,0,0,0,0,0,0,0
MTOR13AGYLARNEW,0.0,0.0,0,0,0,0,0,0,0,0
MTOR13AGYMEDNEW,0.0,9.0,9,9,0,0,0,0,0,0
MTOR13AGYSMLNEW,0.0,353.0,353,302,0,51,51,24,20,7
MTOR13AGYXLRNEW,0.0,0.0,0,0,0,0,0,0,0,0
MTOR13BLK2XLNEW,0.0,1.0,1,1,0,0,0,0,0,0
MTOR13BLKLARNEW,0.0,0.0,0,0,0,0,0,0,0,0
MTOR13BLKMEDNEW,0.0,0.0,0,0,0,0,0,0,0,0
MTOR13BLKSMLNEW,0.0,371.0,371,317,0,54,54,26,21,7
MTOR13BLKXLRNEW,0.0,0.0,0,0,0,0,0,0,0,0
MTOR13BRDMEDNEW,0.0,0.0,0,0,0,0,0,0,0,0
MTOR13BRNMEDNEW,0.0,0.0,0,0,0,0,0,0,0,0
MTOR13BTE2XLNEW,0.0,0.0,0,0,0,0,0,0,0,0
MTOR13BTEMEDNEW,0.0,0.0,0,0,0,0,0,0,0,0
MTOR13BTEXLRNEW,0.0,0.0,0,0,0,0,0,0,0,0
MTOR13CBESML,0.0,0.0,0,0,0,0,0,0,0,0
MTOR13CRBMEDNEW,0.0,0.0,0,0,0,0,0,0,0,0
MTOR13DPK2XL011,0.0,0.0,0,0,0,0,0,0,0,0
MTOR13DPKLAR011,0.0,0.0,0,0,0,0,0,0,0,0
MTOR13DPKMED011,0.0,0.0,0,0,0,0,0,0,0,0
MTOR13FIGMEDNEW,0.0,0.0,0,0,0,0,0,0,0,0
MTOR13GYRLAR011,0.0,0.0,0,0,0,0,0,0,0,0
MTOR13GYRMED011,0.0,0.0,0,0,0,0,0,0,0,0
MTOR13LGNLARNEW,0.0,0.0,0,0,0,0,0,0,0,0
MTOR13LGNMEDNEW,0.0,0.0,0,0,0,0,0,0,0,0
MTOR13LGNSMLNEW,0.0,0.0,0,0,0,0,0,0,0,0
MTOR13OBRLAR011,0.0,0.0,0,0,0,0,0,0,0,0
MTOR13OFW2XL011,0.0,0.0,0,0,0,0,0,0,0,0
MTOR13OFWLAR011,0.0,0.0,0,0,0,0,0,0,0,0
MTOR13OFWXLR011,0.0,0.0,0,0,0,0,0,0,0,0
MTOR13OGYMED011,0.0,0.0,0,0,0,0,0,0,0,0
MTOR13RON2XLNEW,0.0,0.0,0,0,0,0,0,0,0,0
MTOR13SKY2XL012449,0.0,34.0,34,29,0,5,5,2,2,1
MTOR13SKYLAR012449,34.0,33.0,67,53,4,10,14,7,5,2
MTOR13SKYMED012449,162.0,79.0,241,154,52,35,87,41,34,12
MTOR13SKYXLR012449,38.0,42.0,80,60,8,12,20,9,8,3
MTOR13TEL2XL012449,0.0,2.0,2,2,0,0,0,0,0,0
MTOR13TELLAR,0.0,0.0,0,0,0,0,0,0,0,0
MTOR13TELLAR012449,0.0,0.0,0,0,0,0,0,0,0,0
MTOR13TELMED,0.0,1.0,1,1,0,0,0,0,0,0
MTOR13TELMED012449,0.0,116.0,116,99,0,17,17,8,7,2
MTOR13TELMEDNEW,0.0,0.0,0,0,0,0,0,0,0,0
MTOR13TELXLR012449,0.0,0.0,0,0,0,0,0,0,0,0
MTOR13UGYMED011,0.0,0.0,0,0,0,0,0,0,0,0
MTOR13UGYXLR011,0.0,0.0,0,0,0,0,0,0,0,0
MTOR13VIO2XL012449,0.0,19.0,19,19,0,0,0,0,0,0
MTOR13VIOLAR012449,0.0,12.0,12,12,0,0,0,0,0,0
MTOR13VIOMED012449,127.0,73.0,200,128,43,29,72,34,28,10
MTOR13VIOXLR012449,7.0,17.0,24,24,0,0,0,0,0,0
MTOR13WHT2XL012449,0.0,16.0,16,16,0,0,0,0,0,0
MTOR13WHTLAR012449,0.0,7.0,7,7,0,0,0,0,0,0
MTOR13WHTMED012449,0.0,76.0,76,65,0,11,11,5,4,2
MTOR13WHTXLR012449,0.0,10.0,10,10,0,0,0,0,0,0
MTOR13WLG2XL012449,0.0,4.0,4,4,0,0,0,0,0,0
MTOR13WLGLAR012449,0.0,0.0,0,0,0,0,0,0,0,0
MTOR13WLGMED012449,0.0,92.0,92,79,0,13,13,6,5,2
MTOR13WLGXLR012449,0.0,12.0,12,12,0,0,0,0,0,0
MTOR13YLW2XL012449,0.0,41.0,41,35,0,6,6,3,2,1
MTOR13YLWLAR012449,0.0,50.0,50,43,0,7,7,3,3,1
MTOR13YLWMED012449,0.0,143.0,143,123,0,20,20,9,8,3
MTOR13YLWXLR012449,0.0,55.0,55,47,0,8,8,4,3,1
MTOR16ADPLARNEW,0.0,0.0,0,0,0,0,0,0,0,0
MTOR16BFKMEDNEW2PK,0.0,1.0,1,1,0,0,0,0,0,0
MTOR16BFKSMLNEW2PK,0.0,1.0,1,1,0,0,0,0,0,0
MTOR16BLK2XLNEW,0.0,1.0,1,1,0,0,0,0,0,0
MTOR16BLK2XLNEW475,0.0,0.0,0,0,0,0,0,0,0,0
MTOR16BLKLARNEW,0.0,0.0,0,0,0,0,0,0,0,0
MTOR16BLKLARNEW475,0.0,1.0,1,1,0,0,0,0,0,0
MTOR16BLKMEDNEW,0.0,0.0,0,0,0,0,0,0,0,0
MTOR16BLKMEDNEW475,0.0,0.0,0,0,0,0,0,0,0,0
MTOR16BLKSMLNEW,0.0,2.0,2,2,0,0,0,0,0,0
MTOR16BLKSMLNEW475,0.0,4.0,4,4,0,0,0,0,0,0
MTOR16BLKXLRNEW,0.0,1.0,1,1,0,0,0,0,0,0
MTOR16BLKXLRNEW475,0.0,0.0,0,0,0,0,0,0,0,0
MTOR16BRD2XL,0.0,0.0,0,0,0,0,0,0,0,0
MTOR16BRDMEDNEW,0.0,0.0,0,0,0,0,0,0,0,0
MTOR16BRDSMLNEW,0.0,0.0,0,0,0,0,0,0,0,0
MTOR16BTE2XLNEW,0.0,0.0,0,0,0,0,0,0,0,0
MTOR16BTE2XLNEW475,0.0,0.0,0,0,0,0,0,0,0,0
MTOR16BTELARNEW,0.0,1.0,1,1,0,0,0,0,0,0
MTOR16BTELARNEW475,0.0,0.0,0,0,0,0,0,0,0,0
MTOR16BTEMEDNEW,0.0,1.0,1,1,0,0,0,0,0,0
MTOR16BTEMEDNEW475,0.0,54.0,54,46,0,8,8,4,3,1
MTOR16BTESMLNEW,0.0,2.0,2,2,0,0,0,0,0,0
MTOR16BTESMLNEW475,0.0,6.0,6,6,0,0,0,0,0,0
MTOR16BTEXLRNEW,0.0,0.0,0,0,0,0,0,0,0,0
MTOR16BTEXLRNEW475,0.0,0.0,0,0,0,0,0,0,0,0
MTOR16CFK2XLNEW,0.0,1.0,1,1,0,0,0,0,0,0
MTOR16CFKLARNEW,0.0,0.0,0,0,0,0,0,0,0,0
MTOR16CFKMEDNEW,0.0,10.0,10,10,0,0,0,0,0,0
MTOR16CFKSMLNEW,0.0,1.0,1,1,0,0,0,0,0,0
MTOR16CFKXLRNEW,0.0,1.0,1,1,0,0,0,0,0,0
MTOR16CLKSMLNEW2PK,0.0,1.0,1,1,0,0,0,0,0,0
MTOR16CLKXLRNEW2PK,0.0,1.0,1,1,0,0,0,0,0,0
MTOR16DNMMED,0.0,0.0,0,0,0,0,0,0,0,0
MTOR16GVESMLNEW,0.0,0.0,0,0,0,0,0,0,0,0
MTOR16LFK2XL2PK,0.0,1.0,1,1,0,0,0,0,0,0
MTOR16LFKMED2PK,0.0,10.0,10,10,0,0,0,0,0,0
MTOR16LFKXLR2PK,0.0,1.0,1,1,0,0,0,0,0,0
MTOR16LTG2XLNEW,0.0,1.0,1,1,0,0,0,0,0,0
MTOR16LTGLARNEW,0.0,0.0,0,0,0,0,0,0,0,0
MTOR16LTGMEDNEW,51.0,10.0,61,48,13,0,13,6,5,2
MTOR16LTGSMLNEW,44.0,11.0,55,43,12,0,12,6,5,1
MTOR16LTGXLRNEW,0.0,1.0,1,1,0,0,0,0,0,0
MTOR16LTNSMLNEW,0.0,1.0,1,1,0,0,0,0,0,0
MTOR16MLGMEDNEW,0.0,0.0,0,0,0,0,0,0,0,0
MTOR16MNBLARNEW,0.0,0.0,0,0,0,0,0,0,0,0
MTOR16MVBLAR2PK,0.0,1.0,1,1,0,0,0,0,0,0
MTOR16MVO2XLNEW,0.0,1.0,1,1,0,0,0,0,0,0
MTOR16MVOLARNEW,38.0,10.0,48,40,8,0,8,4,3,1
MTOR16MVOMEDNEW,87.0,14.0,101,79,22,0,22,10,9,3
MTOR16MVOSMLNEW,38.0,12.0,50,42,8,0,8,4,3,1
MTOR16MVOXLRNEW,0.0,9.0,9,9,0,0,0,0,0,0
MTOR16OFW2XLNEW,0.0,0.0,0,0,0,0,0,0,0,0
MTOR16OFWMEDNEW,0.0,0.0,0,0,0,0,0,0,0,0
MTOR16OFWSMLNEW,0.0,0.0,0,0,0,0,0,0,0,0
MTOR16RSTMEDNEW,0.0,0.0,0,0,0,0,0,0,0,0
MTOR16RSTSMLNEW,0.0,0.0,0,0,0,0,0,0,0,0
MTOR16SCBLAR,0.0,0.0,0,0,0,0,0,0,0,0
MTOR16TLE2XLNEW475,0.0,0.0,0,0,0,0,0,0,0,0
MTOR16TLELARNEW475,0.0,1.0,1,1,0,0,0,0,0,0
MTOR16TLEMEDNEW,0.0,0.0,0,0,0,0,0,0,0,0
MTOR16TLEMEDNEW475,0.0,0.0,0,0,0,0,0,0,0,0
MTOR16TLESMLNEW,0.0,0.0,0,0,0,0,0,0,0,0
MTOR16TLESMLNEW475,0.0,0.0,0,0,0,0,0,0,0,0
MTOR16TLEXLRNEW,0.0,0.0,0,0,0,0,0,0,0,0
MTOR16TLEXLRNEW475,0.0,0.0,0,0,0,0,0,0,0,0
MTOR17AGYLAR379,0.0,41.0,41,35,0,6,6,3,2,1
MTOR17AGYMED379,0.0,46.0,46,39,0,7,7,3,3,1
MTOR17AGYSML379,0.0,15.0,15,15,0,0,0,0,0,0
MTOR17AGYXLR379,0.0,44.0,44,38,0,6,6,3,2,1
MTOR17AQO2XL,4.0,15.0,19,19,0,0,0,0,0,0
MTOR17AQOLAR,0.0,1.0,1,1,0,0,0,0,0,0
MTOR17AQOMED,0.0,4.0,4,4,0,0,0,0,0,0
MTOR17AQOXLR,0.0,8.0,8,8,0,0,0,0,0,0
MTOR17ASH2XL,0.0,3.0,3,3,0,0,0,0,0,0
MTOR17ASHLAR,0.0,2.0,2,2,0,0,0,0,0,0
MTOR17ASHMED,0.0,2.0,2,2,0,0,0,0,0,0
MTOR17ASHSML,0.0,0.0,0,0,0,0,0,0,0,0
MTOR17ASHXLR,0.0,4.0,4,4,0,0,0,0,0,0
MTOR17BCT2XL,0.0,0.0,0,0,0,0,0,0,0,0
MTOR17BCTLAR,0.0,0.0,0,0,0,0,0,0,0,0
MTOR17BCTMED,0.0,0.0,0,0,0,0,0,0,0,0
MTOR17BCTSML007,0.0,1.0,1,1,0,0,0,0,0,0
MTOR17BLE2XL,0.0,10.0,10,10,0,0,0,0,0,0
MTOR17BLELAR,0.0,0.0,0,0,0,0,0,0,0,0
MTOR17BLEMED,0.0,30.0,30,26,0,4,4,2,2,0
MTOR17BLESML,0.0,3.0,3,3,0,0,0,0,0,0
MTOR17BLEXLR,0.0,4.0,4,4,0,0,0,0,0,0
MTOR17BLFSML,0.0,0.0,0,0,0,0,0,0,0,0
MTOR17BLK2XL,0.0,0.0,0,0,0,0,0,0,0,0
MTOR17BLK2XL379,0.0,0.0,0,0,0,0,0,0,0,0
MTOR17BLKLAR,0.0,0.0,0,0,0,0,0,0,0,0
MTOR17BLKLAR379,0.0,0.0,0,0,0,0,0,0,0,0
MTOR17BLKMED,0.0,0.0,0,0,0,0,0,0,0,0
MTOR17BLKMED379,0.0,0.0,0,0,0,0,0,0,0,0
MTOR17BLKSML,0.0,2.0,2,2,0,0,0,0,0,0
MTOR17BLKSML379,0.0,0.0,0,0,0,0,0,0,0,0
MTOR17BLKXLR,0.0,0.0,0,0,0,0,0,0,0,0
MTOR17BLKXLR379,0.0,0.0,0,0,0,0,0,0,0,0
MTOR17BMO2XL2PK,0.0,1.0,1,1,0,0,0,0,0,0
MTOR17BRDLAR,0.0,1.0,1,1,0,0,0,0,0,0
MTOR17BRDMED,0.0,0.0,0,0,0,0,0,0,0,0
MTOR17BRDSML,0.0,0.0,0,0,0,0,0,0,0,0
MTOR17BRDXLR,0.0,1.0,1,1,0,0,0,0,0,0
MTOR17BRN2XL,0.0,0.0,0,0,0,0,0,0,0,0
MTOR17BTE2XL,0.0,1.0,1,1,0,0,0,0,0,0
MTOR17BTE3XL,0.0,0.0,0,0,0,0,0,0,0,0
MTOR17BTESML,0.0,2.0,2,2,0,0,0,0,0,0
MTOR17BTEXLR,0.0,0.0,0,0,0,0,0,0,0,0
MTOR17CFK2XL,0.0,56.0,56,48,0,8,8,4,3,1
MTOR17CFKLAR,0.0,182.0,182,156,0,26,26,12,10,4
MTOR17CFKMED,0.0,1.0,1,1,0,0,0,0,0,0
MTOR17CFKMED379,0.0,1.0,1,1,0,0,0,0,0,0
MTOR17CFKSML,0.0,2.0,2,2,0,0,0,0,0,0
MTOR17CFKXLR,0.0,4.0,4,4,0,0,0,0,0,0
MTOR17CFKXLR379,0.0,0.0,0,0,0,0,0,0,0,0
MTOR17CLYLAR,0.0,0.0,0,0,0,0,0,0,0,0
MTOR17CRBLAR,0.0,1.0,1,1,0,0,0,0,0,0
MTOR17DSBLAR007,0.0,0.0,0,0,0,0,0,0,0,0
MTOR17DSBXLR007,0.0,1.0,1,1,0,0,0,0,0,0
MTOR17FIG2XL,0.0,0.0,0,0,0,0,0,0,0,0
MTOR17GFTLAR379,0.0,45.0,45,39,0,6,6,3,2,1
MTOR17GFTMED379,0.0,49.0,49,42,0,7,7,3,3,1
MTOR17GFTSML379,0.0,18.0,18,18,0,0,0,0,0,0
MTOR17GFTXLR379,0.0,49.0,49,42,0,7,7,3,3,1
MTOR17GYR2XL,0.0,9.0,9,9,0,0,0,0,0,0
MTOR17GYRLAR,20.0,13.0,33,33,0,0,0,0,0,0
MTOR17GYRMED,27.0,15.0,42,42,0,0,0,0,0,0
MTOR17GYRSML,0.0,5.0,5,5,0,0,0,0,0,0
MTOR17GYRXLR,17.0,11.0,28,28,0,0,0,0,0,0
MTOR17HBESML,0.0,1.0,1,1,0,0,0,0,0,0
MTOR17HTG2XL,0.0,0.0,0,0,0,0,0,0,0,0
MTOR17HTG2XL379,0.0,29.0,29,25,0,4,4,2,2,0
MTOR17HTG3XL,0.0,0.0,0,0,0,0,0,0,0,0
MTOR17HTGLAR,0.0,1.0,1,1,0,0,0,0,0,0
MTOR17HTGLAR379,0.0,12.0,12,12,0,0,0,0,0,0
MTOR17HTGMED379,0.0,0.0,0,0,0,0,0,0,0,0
MTOR17HTGSML,0.0,0.0,0,0,0,0,0,0,0,0
MTOR17HTGSML379,0.0,1.0,1,1,0,0,0,0,0,0
MTOR17HTGXLR,0.0,1.0,1,1,0,0,0,0,0,0
MTOR17HTGXLR379,0.0,0.0,0,0,0,0,0,0,0,0
MTOR17IGOLAR,0.0,0.0,0,0,0,0,0,0,0,0
MTOR17LGNMED,0.0,1.0,1,1,0,0,0,0,0,0
MTOR17LRBXLR,0.0,1.0,1,1,0,0,0,0,0,0
MTOR17LRG2XL007,0.0,39.0,39,33,0,6,6,3,2,1
MTOR17LRGLAR007,0.0,0.0,0,0,0,0,0,0,0,0
MTOR17LRGMED007,0.0,0.0,0,0,0,0,0,0,0,0
MTOR17LRGSML007,0.0,34.0,34,29,0,5,5,2,2,1
MTOR17LRGXLR007,0.0,1.0,1,1,0,0,0,0,0,0
MTOR17LTG2XL,21.0,11.0,32,32,0,0,0,0,0,0
MTOR17LTGLAR,0.0,0.0,0,0,0,0,0,0,0,0
MTOR17LTGMED,0.0,1.0,1,1,0,0,0,0,0,0
MTOR17LTGSML,0.0,1.0,1,1,0,0,0,0,0,0
MTOR17LTGXLR,0.0,0.0,0,0,0,0,0,0,0,0
MTOR17LTL2XL,0.0,6.0,6,6,0,0,0,0,0,0
MTOR17LTL2XL379,0.0,10.0,10,10,0,0,0,0,0,0
MTOR17LTLLAR,0.0,3.0,3,3,0,0,0,0,0,0
MTOR17LTLLAR379,48.0,54.0,102,69,18,15,33,16,13,4
MTOR17LTLMED,0.0,1.0,1,1,0,0,0,0,0,0
MTOR17LTLMED379,4.0,29.0,33,28,0,5,5,2,2,1
MTOR17LTLSML,0.0,0.0,0,0,0,0,0,0,0,0
MTOR17LTLSML379,0.0,1.0,1,1,0,0,0,0,0,0
MTOR17LTLXLR379,0.0,0.0,0,0,0,0,0,0,0,0
MTOR17MGO2XL379,16.0,26.0,42,36,0,6,6,3,2,1
MTOR17MGOLAR379,123.0,33.0,156,109,34,13,47,22,18,7
MTOR17MGOMED,0.0,2.0,2,2,0,0,0,0,0,0
MTOR17MGOMED379,0.0,0.0,0,0,0,0,0,0,0,0
MTOR17MGOSML379,0.0,4.0,4,4,0,0,0,0,0,0
MTOR17MGOXLR379,0.0,11.0,11,11,0,0,0,0,0,0
MTOR17MNB2XL007,0.0,0.0,0,0,0,0,0,0,0,0
MTOR17MNBLAR007379,0.0,25.0,25,21,0,4,4,2,2,0
MTOR17MNBMED007379,0.0,29.0,29,25,0,4,4,2,2,0
MTOR17MNBSML007379,0.0,10.0,10,10,0,0,0,0,0,0
MTOR17MNBXLR007379,0.0,35.0,35,30,0,5,5,2,2,1
MTOR17MON2XL,0.0,0.0,0,0,0,0,0,0,0,0
MTOR17MONLAR,0.0,0.0,0,0,0,0,0,0,0,0
MTOR17MONMED,0.0,1.0,1,1,0,0,0,0,0,0
MTOR17MONSML,0.0,0.0,0,0,0,0,0,0,0,0
MTOR17MONXLR,0.0,1.0,1,1,0,0,0,0,0,0
MTOR17MSA2XL,0.0,12.0,12,12,0,0,0,0,0,0
MTOR17MSALAR,0.0,0.0,0,0,0,0,0,0,0,0
MTOR17MSAMED,0.0,1.0,1,1,0,0,0,0,0,0
MTOR17MSAXLR,0.0,1.0,1,1,0,0,0,0,0,0
MTOR17MTG2XL,0.0,4.0,4,4,0,0,0,0,0,0
MTOR17MTGLAR,0.0,3.0,3,3,0,0,0,0,0,0
MTOR17MTGMED,0.0,2.0,2,2,0,0,0,0,0,0
MTOR17MTGMED379,0.0,0.0,0,0,0,0,0,0,0,0
MTOR17MTGSML,0.0,1.0,1,1,0,0,0,0,0,0
MTOR17MTGXLR,0.0,7.0,7,7,0,0,0,0,0,0
MTOR17MTGXLR379,0.0,10.0,10,10,0,0,0,0,0,0
MTOR17MYE2XL,0.0,8.0,8,8,0,0,0,0,0,0
MTOR17MYELAR,0.0,0.0,0,0,0,0,0,0,0,0
MTOR17MYEMED,0.0,11.0,11,11,0,0,0,0,0,0
MTOR17MYEXLR,0.0,2.0,2,2,0,0,0,0,0,0
MTOR17NYB2XL,0.0,3.0,3,3,0,0,0,0,0,0
MTOR17NYBLAR,0.0,40.0,40,34,0,6,6,3,2,1
MTOR17NYBMED,0.0,0.0,0,0,0,0,0,0,0,0
MTOR17NYBSML,0.0,0.0,0,0,0,0,0,0,0,0
MTOR17NYBXLR,0.0,0.0,0,0,0,0,0,0,0,0
MTOR17OBR2XL,0.0,10.0,10,10,0,0,0,0,0,0
MTOR17OBRLAR,0.0,4.0,4,4,0,0,0,0,0,0
MTOR17OBRMED,0.0,5.0,5,5,0,0,0,0,0,0
MTOR17OBRSML,0.0,1.0,1,1,0,0,0,0,0,0
MTOR17OBRXLR,0.0,5.0,5,5,0,0,0,0,0,0
MTOR17OFW2XL,17.0,10.0,27,27,0,0,0,0,0,0
MTOR17OFWLAR,0.0,1.0,1,1,0,0,0,0,0,0
MTOR17OFWLAR379,10.0,17.0,27,27,0,0,0,0,0,0
MTOR17OFWMED,0.0,0.0,0,0,0,0,0,0,0,0
MTOR17OFWMED379,0.0,41.0,41,35,0,6,6,3,2,1
MTOR17OFWSML,0.0,2.0,2,2,0,0,0,0,0,0
MTOR17OFWSML379,0.0,15.0,15,15,0,0,0,0,0,0
MTOR17OFWXLR,0.0,3.0,3,3,0,0,0,0,0,0
MTOR17OFWXLR379,24.0,16.0,40,40,0,0,0,0,0,0
MTOR17OGY2XL,10.0,19.0,29,29,0,0,0,0,0,0
MTOR17OGYLAR,0.0,0.0,0,0,0,0,0,0,0,0
MTOR17OGYMED,17.0,10.0,27,27,0,0,0,0,0,0
MTOR17OGYSML,0.0,0.0,0,0,0,0,0,0,0,0
MTOR17OGYXLR,0.0,1.0,1,1,0,0,0,0,0,0
MTOR17OIN2XL,0.0,111.0,111,95,0,16,16,8,6,2
MTOR17OINLAR,0.0,3.0,3,3,0,0,0,0,0,0
MTOR17OINMED,0.0,8.0,8,8,0,0,0,0,0,0
MTOR17OINSML,0.0,6.0,6,6,0,0,0,0,0,0
MTOR17PGN2XL,0.0,0.0,0,0,0,0,0,0,0,0
MTOR17PGNLAR,0.0,1.0,1,1,0,0,0,0,0,0
MTOR17PGNMED,0.0,1.0,1,1,0,0,0,0,0,0
MTOR17PGNSML,0.0,21.0,21,20,0,1,1,0,0,1
MTOR17PIW2XL2PK,0.0,1.0,1,1,0,0,0,0,0,0
MTOR17PIWSML2PK,0.0,1.0,1,1,0,0,0,0,0,0
MTOR17PLBXLR,0.0,0.0,0,0,0,0,0,0,0,0
MTOR17RSTLAR,0.0,6.0,6,6,0,0,0,0,0,0
MTOR17RSTLAR379,0.0,0.0,0,0,0,0,0,0,0,0
MTOR17RSTMED,0.0,6.0,6,6,0,0,0,0,0,0
MTOR17RSTMED379,0.0,0.0,0,0,0,0,0,0,0,0
MTOR17SCB2XL,0.0,0.0,0,0,0,0,0,0,0,0
MTOR17SCB3XL,0.0,0.0,0,0,0,0,0,0,0,0
MTOR17SCBXLR,0.0,0.0,0,0,0,0,0,0,0,0
MTOR17SKO2XL,0.0,3.0,3,3,0,0,0,0,0,0
MTOR17SKOLAR,0.0,6.0,6,6,0,0,0,0,0,0
MTOR17SKOMED,0.0,5.0,5,5,0,0,0,0,0,0
MTOR17SKOSML,0.0,7.0,7,7,0,0,0,0,0,0
MTOR17SKOXLR,0.0,4.0,4,4,0,0,0,0,0,0
MTOR17SKY2XL,84.0,44.0,128,82,28,18,46,22,18,6
MTOR17SKYLAR,192.0,342.0,534,342,115,77,192,91,75,26
MTOR17SKYMED,76.0,119.0,195,125,42,28,70,33,27,10
MTOR17SKYSML,2.0,27.0,29,25,0,4,4,2,2,0
MTOR17SKYXLR,65.0,17.0,82,64,18,0,18,8,7,3
MTOR17SSEXLR,0.0,0.0,0,0,0,0,0,0,0,0
MTOR17TLE2XL,0.0,1.0,1,1,0,0,0,0,0,0
MTOR17TLE2XL379,0.0,41.0,41,35,0,6,6,3,2,1
MTOR17TLE3XL,0.0,0.0,0,0,0,0,0,0,0,0
MTOR17TLELAR379,0.0,59.0,59,51,0,8,8,4,3,1
MTOR17TLEMED379,0.0,0.0,0,0,0,0,0,0,0,0
MTOR17TLESML,0.0,3.0,3,3,0,0,0,0,0,0
MTOR17TLESML379,0.0,0.0,0,0,0,0,0,0,0,0
MTOR17TLEXLR,0.0,1.0,1,1,0,0,0,0,0,0
MTOR17TLEXLR379,0.0,0.0,0,0,0,0,0,0,0,0
MTOR17TRN2XL,0.0,0.0,0,0,0,0,0,0,0,0
MTOR17TRNLAR,0.0,0.0,0,0,0,0,0,0,0,0
MTOR17TRNMED,0.0,0.0,0,0,0,0,0,0,0,0
MTOR17TRNSML,0.0,7.0,7,7,0,0,0,0,0,0
MTOR17TRNXLR,0.0,0.0,0,0,0,0,0,0,0,0
MTOR17UGY2XL,0.0,4.0,4,4,0,0,0,0,0,0
MTOR17UGYLAR,0.0,0.0,0,0,0,0,0,0,0,0
MTOR17UGYMED,0.0,0.0,0,0,0,0,0,0,0,0
MTOR17UGYSML,0.0,20.0,20,20,0,0,0,0,0,0
MTOR17UGYXLR,0.0,1.0,1,1,0,0,0,0,0,0
MTOR17VIO2XL,7.0,10.0,17,17,0,0,0,0,0,0
MTOR17VIOLAR,104.0,50.0,154,99,33,22,55,26,21,8
MTOR17VIOMED,19.0,10.0,29,29,0,0,0,0,0,0
MTOR17VIOSML,0.0,2.0,2,2,0,0,0,0,0,0
MTOR17VIOXLR,0.0,1.0,1,1,0,0,0,0,0,0
MTOR17WHT2XL,0.0,1.0,1,1,0,0,0,0,0,0
MTOR17WHT2XL379,0.0,2.0,2,2,0,0,0,0,0,0
MTOR17WHT3XL,0.0,0.0,0,0,0,0,0,0,0,0
MTOR17WHTLAR,0.0,0.0,0,0,0,0,0,0,0,0
MTOR17WHTLAR379,0.0,2.0,2,2,0,0,0,0,0,0
MTOR17WHTMED,0.0,0.0,0,0,0,0,0,0,0,0
MTOR17WHTMED379,0.0,0.0,0,0,0,0,0,0,0,0
MTOR17WHTSML,0.0,2.0,2,2,0,0,0,0,0,0
MTOR17WHTSML379,0.0,0.0,0,0,0,0,0,0,0,0
MTOR17WHTXLR,0.0,0.0,0,0,0,0,0,0,0,0
MTOR17WHTXLR379,0.0,1.0,1,1,0,0,0,0,0,0
MTOR17WLG2XL,0.0,4.0,4,4,0,0,0,0,0,0
MTOR17WLGLAR,0.0,5.0,5,5,0,0,0,0,0,0
MTOR17WLGMED,6.0,11.0,17,17,0,0,0,0,0,0
MTOR17WLGSML,0.0,5.0,5,5,0,0,0,0,0,0
MTOR17WLGXLR,0.0,2.0,2,2,0,0,0,0,0,0
MTOR17YLW2XL,0.0,1.0,1,1,0,0,0,0,0,0
MTOR17YLWLAR,0.0,0.0,0,0,0,0,0,0,0,0
MTOR17YLWMED,0.0,1.0,1,1,0,0,0,0,0,0
MTOR17YLWSML,0.0,12.0,12,12,0,0,0,0,0,0
MTOR17YLWXLR,0.0,3.0,3,3,0,0,0,0,0,0
MTOR17YLWXLR379,0.0,2.0,2,2,0,0,0,0,0,0
MTOR210AGY2XL,0.0,0.0,0,0,0,0,0,0,0,0
MTOR210AGYLAR,0.0,0.0,0,0,0,0,0,0,0,0
MTOR210AGYMED,0.0,15.0,15,15,0,0,0,0,0,0
MTOR210AGYXLR,0.0,1.0,1,1,0,0,0,0,0,0
MTOR210ASH2XL,0.0,2.0,2,2,0,0,0,0,0,0
MTOR210ASHLAR,0.0,0.0,0,0,0,0,0,0,0,0
MTOR210ASHMED,0.0,6.0,6,6,0,0,0,0,0,0
MTOR210ASHSML,0.0,1.0,1,1,0,0,0,0,0,0
MTOR210ASHXLR,0.0,0.0,0,0,0,0,0,0,0,0
MTOR210BLK2XL,0.0,0.0,0,0,0,0,0,0,0,0
MTOR210BLKLAR,0.0,0.0,0,0,0,0,0,0,0,0
MTOR210BLKMED,0.0,12.0,12,12,0,0,0,0,0,0
MTOR210BLKSML,0.0,9.0,9,9,0,0,0,0,0,0
MTOR210BLKXLR,0.0,0.0,0,0,0,0,0,0,0,0
MTOR210CFK2XL,0.0,9.0,9,9,0,0,0,0,0,0
MTOR210CFKLAR,0.0,0.0,0,0,0,0,0,0,0,0
MTOR210CFKMED,0.0,7.0,7,7,0,0,0,0,0,0
MTOR210CFKSML,0.0,10.0,10,10,0,0,0,0,0,0
MTOR210CFKXLR,0.0,0.0,0,0,0,0,0,0,0,0
MTOR210CHA2XL,0.0,1.0,1,1,0,0,0,0,0,0
MTOR210CHALAR,0.0,0.0,0,0,0,0,0,0,0,0
MTOR210CHAMED,0.0,0.0,0,0,0,0,0,0,0,0
MTOR210CHAXLR,0.0,0.0,0,0,0,0,0,0,0,0
MTOR210HBE2XL,0.0,0.0,0,0,0,0,0,0,0,0
MTOR210HBELAR,0.0,0.0,0,0,0,0,0,0,0,0
MTOR210HBEMED,0.0,42.0,42,36,0,6,6,3,2,1
MTOR210HBEXLR,0.0,3.0,3,3,0,0,0,0,0,0
MTOR210LLC2XL,0.0,2.0,2,2,0,0,0,0,0,0
MTOR210LLCLAR,0.0,1.0,1,1,0,0,0,0,0,0
MTOR210LLCMED,47.0,10.0,57,44,13,0,13,6,5,2
MTOR210LLCXLR,8.0,16.0,24,24,0,0,0,0,0,0
MTOR210MON2XL,0.0,2.0,2,2,0,0,0,0,0,0
MTOR210MONLAR,0.0,0.0,0,0,0,0,0,0,0,0
MTOR210MONMED,4.0,10.0,14,14,0,0,0,0,0,0
MTOR210MONSML,8.0,13.0,21,21,0,0,0,0,0,0
MTOR210MONXLR,0.0,8.0,8,8,0,0,0,0,0,0
MTOR210MTG2XL,0.0,10.0,10,10,0,0,0,0,0,0
MTOR210MTGLAR,0.0,4.0,4,4,0,0,0,0,0,0
MTOR210MTGMED,11.0,13.0,24,24,0,0,0,0,0,0
MTOR210MTGSML,20.0,15.0,35,35,0,0,0,0,0,0
MTOR210MTGXLR,8.0,14.0,22,22,0,0,0,0,0,0
MTOR210SKY2XL,0.0,12.0,12,12,0,0,0,0,0,0
MTOR210SKYLAR,0.0,8.0,8,8,0,0,0,0,0,0
MTOR210SKYMED,2.0,18.0,20,20,0,0,0,0,0,0
MTOR210SKYSML,15.0,12.0,27,27,0,0,0,0,0,0
MTOR210SKYXLR,10.0,14.0,24,24,0,0,0,0,0,0
MTOR210YLW2XL,0.0,1.0,1,1,0,0,0,0,0,0
MTOR210YLWLAR,0.0,8.0,8,8,0,0,0,0,0,0
MTOR210YLWMED,10.0,15.0,25,25,0,0,0,0,0,0
MTOR210YLWXLR,3.0,12.0,15,15,0,0,0,0,0,0
MTOR211BLK2XL599,80.0,60.0,140,90,30,20,50,24,19,7
MTOR211BLKLAR599,110.0,120.0,230,147,50,33,83,39,32,12
MTOR211BLKMED599,130.0,81.0,211,135,46,30,76,36,30,10
MTOR211BLKXLR599,110.0,119.0,229,147,49,33,82,39,32,11
MTOR211BTE2XL599,80.0,60.0,140,90,30,20,50,24,19,7
MTOR211BTELAR599,110.0,119.0,229,147,49,33,82,39,32,11
MTOR211BTEMED599,130.0,82.0,212,136,46,30,76,36,30,10
MTOR211BTEXLR599,110.0,118.0,228,146,49,33,82,39,32,11
MTOR211CFK2XL559,0.0,0.0,0,0,0,0,0,0,0,0
MTOR211CFKMED559,0.0,24.0,24,20,0,4,4,2,2,0
MTOR211CFKSML559,0.0,60.0,60,51,0,9,9,4,4,1
MTOR211CFKXLR559,0.0,0.0,0,0,0,0,0,0,0,0
MTOR211CHA2XL599,80.0,60.0,140,90,30,20,50,24,19,7
MTOR211CHALAR599,110.0,114.0,224,143,49,32,81,38,32,11
MTOR211CHAMED599,130.0,82.0,212,136,46,30,76,36,30,10
MTOR211CHAXLR599,110.0,120.0,230,147,50,33,83,39,32,12
MTOR211GFT2XL599,80.0,60.0,140,90,30,20,50,24,19,7
MTOR211GFTLAR599,110.0,120.0,230,147,50,33,83,39,32,12
MTOR211GFTMED599,130.0,76.0,206,132,44,30,74,35,29,10
MTOR211GFTXLR599,110.0,120.0,230,147,50,33,83,39,32,12
MTOR211MNB2XL559,0.0,2.0,2,2,0,0,0,0,0,0
MTOR211MNB2XL599,54.0,50.0,104,67,22,15,37,17,14,6
MTOR211MNBLAR559,0.0,0.0,0,0,0,0,0,0,0,0
MTOR211MNBLAR599,136.0,48.0,184,118,40,26,66,31,26,9
MTOR211MNBMED559,0.0,0.0,0,0,0,0,0,0,0,0
MTOR211MNBMED599,126.0,88.0,214,137,46,31,77,36,30,11
MTOR211MNBSML559,34.0,63.0,97,79,4,14,18,8,7,3
MTOR211MNBXLR559,0.0,0.0,0,0,0,0,0,0,0,0
MTOR211MNBXLR599,144.0,50.0,194,124,42,28,70,33,27,10
MTOR211MTG2XL559,0.0,0.0,0,0,0,0,0,0,0,0
MTOR211MTGLAR559,0.0,0.0,0,0,0,0,0,0,0,0
MTOR211MTGMED559,0.0,33.0,33,28,0,5,5,2,2,1
MTOR211MTGSML559,0.0,88.0,88,75,0,13,13,6,5,2
MTOR211MTGXLR559,0.0,0.0,0,0,0,0,0,0,0,0
MTOR211OFW2XL599,80.0,66.0,146,93,32,21,53,25,21,7
MTOR211OFWLAR599,110.0,138.0,248,159,53,36,89,42,35,12
MTOR211OFWMED599,130.0,94.0,224,143,49,32,81,38,32,11
MTOR211OFWXLR599,110.0,132.0,242,155,52,35,87,41,34,12
MTOR211TEL2XL559,0.0,0.0,0,0,0,0,0,0,0,0
MTOR211TELLAR,0.0,0.0,0,0,0,0,0,0,0,0
MTOR211TELLAR559,0.0,0.0,0,0,0,0,0,0,0,0
MTOR211TELMED559,0.0,0.0,0,0,0,0,0,0,0,0
MTOR211TELSML559,0.0,29.0,29,25,0,4,4,2,2,0
MTOR211TELXLR559,0.0,0.0,0,0,0,0,0,0,0,0
MTOR211WLG2XL559,0.0,2.0,2,2,0,0,0,0,0,0
MTOR211WLGLAR559,0.0,0.0,0,0,0,0,0,0,0,0
MTOR211WLGMED559,0.0,3.0,3,3,0,0,0,0,0,0
MTOR211WLGSML559,0.0,75.0,75,64,0,11,11,5,4,2
MTOR211WLGXLR559,0.0,0.0,0,0,0,0,0,0,0,0
MTOR211YLWMED559,0.0,0.0,0,0,0,0,0,0,0,0
MTOR211YLWSML559,0.0,98.0,98,84,0,14,14,7,5,2
MTOR211YLWXLR559,0.0,1.0,1,1,0,0,0,0,0,0
MTOR216KHI2XL529,0.0,0.0,0,0,0,0,0,0,0,0
MTOR216KHILAR529,0.0,0.0,0,0,0,0,0,0,0,0
MTOR216KHIMED529,0.0,0.0,0,0,0,0,0,0,0,0
MTOR216KHIXLR529,0.0,0.0,0,0,0,0,0,0,0,0
MTOR216LTG2XL529,111.0,48.0,159,102,34,23,57,27,22,8
MTOR216LTGLAR529,311.0,90.0,401,257,86,58,144,68,56,20
MTOR216LTGMED529,254.0,109.0,363,232,79,52,131,62,51,18
MTOR216LTGXLR529,307.0,95.0,402,257,87,58,145,68,56,21
MTOR216MNB2XL529,166.0,28.0,194,144,42,8,50,24,19,7
MTOR216MNBLAR529,307.0,132.0,439,281,95,63,158,75,61,22
MTOR216MNBMED529,255.0,109.0,364,233,79,52,131,62,51,18
MTOR216MNBXLR529,298.0,63.0,361,240,78,43,121,57,47,17
MTOR216OBR2XL529,0.0,0.0,0,0,0,0,0,0,0,0
MTOR216OBRLAR529,0.0,0.0,0,0,0,0,0,0,0,0
MTOR216OBRMED529,0.0,0.0,0,0,0,0,0,0,0,0
MTOR216OBRXLR529,0.0,0.0,0,0,0,0,0,0,0,0
MTOR216TEL2XL529,0.0,0.0,0,0,0,0,0,0,0,0
MTOR216TELLAR529,0.0,0.0,0,0,0,0,0,0,0,0
MTOR216TELMED529,0.0,0.0,0,0,0,0,0,0,0,0
MTOR216TELXLR529,0.0,1.0,1,1,0,0,0,0,0,0
MTOR216WHT2XL529,134.0,61.0,195,125,42,28,70,33,27,10
MTOR216WHTLAR529,373.0,123.0,496,317,107,72,179,85,70,24
MTOR216WHTMED529,225.0,104.0,329,211,71,47,118,56,46,16
MTOR216WHTXLR529,307.0,89.0,396,253,86,57,143,68,56,19
MTOR217BLE2XL619,0.0,95.0,95,81,0,14,14,7,5,2
MTOR217BLELAR619,80.0,123.0,203,130,44,29,73,34,28,11
MTOR217BLEMED619,100.0,149.0,249,159,54,36,90,42,35,13
MTOR217BLEXLR619,80.0,124.0,204,131,44,29,73,34,28,11
MTOR217BLK2XL619,0.0,95.0,95,81,0,14,14,7,5,2
MTOR217BLKLAR619,80.0,124.0,204,131,44,29,73,34,28,11
MTOR217BLKMED619,100.0,149.0,249,159,54,36,90,42,35,13
MTOR217BLKXLR619,80.0,124.0,204,131,44,29,73,34,28,11
MTOR217BRD2XL619,1.0,95.0,96,82,0,14,14,7,5,2
MTOR217BRDLAR619,84.0,124.0,208,133,45,30,75,35,29,11
MTOR217BRDMED619,105.0,148.0,253,162,55,36,91,43,35,13
MTOR217BRDXLR619,84.0,124.0,208,133,45,30,75,35,29,11
MTOR217BTE2XL619,57.0,31.0,88,58,19,11,30,14,12,4
MTOR217BTELAR619,76.0,136.0,212,136,46,30,76,36,30,10
MTOR217BTEMED619,97.0,155.0,252,161,55,36,91,43,35,13
MTOR217BTEXLR619,76.0,136.0,212,136,46,30,76,36,30,10
MTOR217OGY2XL619,61.0,37.0,98,63,21,14,35,17,14,4
MTOR217OGYLAR619,84.0,148.0,232,148,50,34,84,40,33,11
MTOR217OGYMED619,105.0,161.0,266,170,58,38,96,45,37,14
MTOR217OGYXLR619,84.0,147.0,231,148,50,33,83,39,32,12
MTOR217WHT2XL619,61.0,31.0,92,61,20,11,31,15,12,4
MTOR217WHTLAR619,84.0,136.0,220,141,47,32,79,37,31,11
MTOR217WHTMED619,105.0,155.0,260,166,56,38,94,44,37,13
MTOR217WHTXLR619,84.0,136.0,220,141,47,32,79,37,31,11
MTOR21BLMMED001,0.0,0.0,0,0,0,0,0,0,0,0
MTOR21BMM2XL,0.0,0.0,0,0,0,0,0,0,0,0
MTOR21BMMLAR,0.0,1.0,1,1,0,0,0,0,0,0
MTOR21BMMMED,0.0,11.0,11,11,0,0,0,0,0,0
MTOR21BMMXLR,0.0,2.0,2,2,0,0,0,0,0,0
MTOR21BOM2XL,0.0,1.0,1,1,0,0,0,0,0,0
MTOR21BOMLAR,0.0,0.0,0,0,0,0,0,0,0,0
MTOR21BOMMED,2.0,28.0,30,26,0,4,4,2,2,0
MTOR21BOMXLR,0.0,2.0,2,2,0,0,0,0,0,0
MTOR21BRMMED,0.0,1.0,1,1,0,0,0,0,0,0
MTOR21CLTMED2PK,0.0,1.0,1,1,0,0,0,0,0,0
MTOR21CLTXLR2PK,0.0,2.0,2,2,0,0,0,0,0,0
MTOR21CTAXLR001,0.0,1.0,1,1,0,0,0,0,0,0
MTOR21CTLMED001,0.0,4.0,4,4,0,0,0,0,0,0
MTOR21CTOMED001,0.0,3.0,3,3,0,0,0,0,0,0
MTOR21CTR2XL001,0.0,1.0,1,1,0,0,0,0,0,0
MTOR21CTTLAR001,0.0,0.0,0,0,0,0,0,0,0,0
MTOR21CTTXLR001,0.0,0.0,0,0,0,0,0,0,0,0
MTOR21FGMMED,0.0,0.0,0,0,0,0,0,0,0,0
MTOR21GRMLAR,0.0,0.0,0,0,0,0,0,0,0,0
MTOR21GRMMED,0.0,2.0,2,2,0,0,0,0,0,0
MTOR21GRMXLR,0.0,0.0,0,0,0,0,0,0,0,0
MTOR21LLM2XL,0.0,2.0,2,2,0,0,0,0,0,0
MTOR21LLMLAR,0.0,1.0,1,1,0,0,0,0,0,0
MTOR21LLMMED,0.0,1.0,1,1,0,0,0,0,0,0
MTOR21LLMXLR,0.0,0.0,0,0,0,0,0,0,0,0
MTOR21NBM2XL,0.0,1.0,1,1,0,0,0,0,0,0
MTOR21NBMLAR,0.0,0.0,0,0,0,0,0,0,0,0
MTOR21NBMMED,0.0,3.0,3,3,0,0,0,0,0,0
MTOR21NBMXLR,0.0,1.0,1,1,0,0,0,0,0,0
MTOR21NVMMED,0.0,0.0,0,0,0,0,0,0,0,0
MTOR21NVMXLR,0.0,1.0,1,1,0,0,0,0,0,0
MTOR21OBM2XL,0.0,0.0,0,0,0,0,0,0,0,0
MTOR21OBMLAR,0.0,0.0,0,0,0,0,0,0,0,0
MTOR21OBMMED,0.0,8.0,8,8,0,0,0,0,0,0
MTOR21OBMXLR,0.0,1.0,1,1,0,0,0,0,0,0
MTOR21PBMXLR,0.0,0.0,0,0,0,0,0,0,0,0
MTOR21SBM2XL,0.0,2.0,2,2,0,0,0,0,0,0
MTOR21SBMLAR,0.0,1.0,1,1,0,0,0,0,0,0
MTOR21SBMXLR,0.0,0.0,0,0,0,0,0,0,0,0
MTOR21SGMMED,0.0,1.0,1,1,0,0,0,0,0,0
MTOR21SLMMED,0.0,2.0,2,2,0,0,0,0,0,0
MTOR21SYMLAR,0.0,0.0,0,0,0,0,0,0,0,0
MTOR21SYMMED,0.0,12.0,12,12,0,0,0,0,0,0
MTOR21SYMXLR,0.0,0.0,0,0,0,0,0,0,0,0
MTOR21WDM2XL,0.0,4.0,4,4,0,0,0,0,0,0
MTOR21WDMLAR,0.0,1.0,1,1,0,0,0,0,0,0
MTOR21WDMMED,3.0,13.0,16,16,0,0,0,0,0,0
MTOR21WDMXLR,0.0,2.0,2,2,0,0,0,0,0,0
MTOR24OFW2XL,0.0,7.0,7,7,0,0,0,0,0,0
MTOR24OFWLAR,0.0,1.0,1,1,0,0,0,0,0,0
MTOR24OFWMED,0.0,2.0,2,2,0,0,0,0,0,0
MTOR24OFWSML,0.0,2.0,2,2,0,0,0,0,0,0
MTOR24OFWXLR,0.0,9.0,9,9,0,0,0,0,0,0
MTOR27ADP2XL,0.0,0.0,0,0,0,0,0,0,0,0
MTOR27ADPLAR,0.0,0.0,0,0,0,0,0,0,0,0
MTOR27ADPMED,0.0,0.0,0,0,0,0,0,0,0,0
MTOR27ADPSML,0.0,1.0,1,1,0,0,0,0,0,0
MTOR27AGY2XL429,0.0,1.0,1,1,0,0,0,0,0,0
MTOR27AGYLAR429,0.0,0.0,0,0,0,0,0,0,0,0
MTOR27AGYMED429,0.0,4.0,4,4,0,0,0,0,0,0
MTOR27AGYSML429,0.0,15.0,15,15,0,0,0,0,0,0
MTOR27AGYXLR429,0.0,10.0,10,10,0,0,0,0,0,0
MTOR27BLE2XL,0.0,0.0,0,0,0,0,0,0,0,0
MTOR27BLESML,0.0,1.0,1,1,0,0,0,0,0,0
MTOR27BLEXLR,0.0,0.0,0,0,0,0,0,0,0,0
MTOR27BLK2XL,0.0,3.0,3,3,0,0,0,0,0,0
MTOR27BLK2XL429,0.0,0.0,0,0,0,0,0,0,0,0
MTOR27BLKLAR,0.0,1.0,1,1,0,0,0,0,0,0
MTOR27BLKLAR429,0.0,2.0,2,2,0,0,0,0,0,0
MTOR27BLKMED,0.0,0.0,0,0,0,0,0,0,0,0
MTOR27BLKMED429,0.0,0.0,0,0,0,0,0,0,0,0
MTOR27BLKSML,0.0,6.0,6,6,0,0,0,0,0,0
MTOR27BLKSML429,0.0,5.0,5,5,0,0,0,0,0,0
MTOR27BLKXLR,0.0,7.0,7,7,0,0,0,0,0,0
MTOR27BLKXLR429,0.0,0.0,0,0,0,0,0,0,0,0
MTOR27CFK2XL429,0.0,7.0,7,7,0,0,0,0,0,0
MTOR27CFKLAR429,3.0,18.0,21,21,0,0,0,0,0,0
MTOR27CFKMED429,16.0,27.0,43,37,0,6,6,3,2,1
MTOR27CFKSML429,13.0,12.0,25,25,0,0,0,0,0,0
MTOR27CFKXLR429,13.0,27.0,40,34,0,6,6,3,2,1
MTOR27CHALAR429,0.0,7.0,7,7,0,0,0,0,0,0
MTOR27CHAMED429,0.0,17.0,17,17,0,0,0,0,0,0
MTOR27CHASML429,0.0,2.0,2,2,0,0,0,0,0,0
MTOR27CHAXLR429,0.0,17.0,17,17,0,0,0,0,0,0
MTOR27DRD2XL,0.0,4.0,4,4,0,0,0,0,0,0
MTOR27DRDSML,0.0,1.0,1,1,0,0,0,0,0,0
MTOR27GFT2XL,0.0,0.0,0,0,0,0,0,0,0,0
MTOR27GFTLAR,0.0,0.0,0,0,0,0,0,0,0,0
MTOR27GFTMED,0.0,1.0,1,1,0,0,0,0,0,0
MTOR27GFTSML,0.0,0.0,0,0,0,0,0,0,0,0
MTOR27GFTXLR,0.0,0.0,0,0,0,0,0,0,0,0
MTOR27GVE2XL,0.0,2.0,2,2,0,0,0,0,0,0
MTOR27GVELAR,0.0,1.0,1,1,0,0,0,0,0,0
MTOR27GVEMED,0.0,2.0,2,2,0,0,0,0,0,0
MTOR27GVESML,0.0,5.0,5,5,0,0,0,0,0,0
MTOR27HBE2XL429,0.0,7.0,7,7,0,0,0,0,0,0
MTOR27HBELAR429,0.0,8.0,8,8,0,0,0,0,0,0
MTOR27HBEMED,0.0,1.0,1,1,0,0,0,0,0,0
MTOR27HBEMED429,0.0,19.0,19,19,0,0,0,0,0,0
MTOR27HBESML429,0.0,24.0,24,20,0,4,4,2,2,0
MTOR27HBEXLR429,0.0,8.0,8,8,0,0,0,0,0,0
MTOR27IRG2XL,0.0,3.0,3,3,0,0,0,0,0,0
MTOR27IRGLAR,0.0,0.0,0,0,0,0,0,0,0,0
MTOR27IRGMED,0.0,0.0,0,0,0,0,0,0,0,0
MTOR27IRGSML,0.0,1.0,1,1,0,0,0,0,0,0
MTOR27IRGXLR,0.0,0.0,0,0,0,0,0,0,0,0
MTOR27LBEMED,0.0,0.0,0,0,0,0,0,0,0,0
MTOR27LBESML,0.0,19.0,19,19,0,0,0,0,0,0
MTOR27LBEXLR,0.0,2.0,2,2,0,0,0,0,0,0
MTOR27LGN2XL,0.0,3.0,3,3,0,0,0,0,0,0
MTOR27LGNLAR,0.0,0.0,0,0,0,0,0,0,0,0
MTOR27LGNMED,0.0,2.0,2,2,0,0,0,0,0,0
MTOR27LGNSML,0.0,5.0,5,5,0,0,0,0,0,0
MTOR27LGNXLR,0.0,6.0,6,6,0,0,0,0,0,0
MTOR27LTGLAR429,0.0,9.0,9,9,0,0,0,0,0,0
MTOR27LTGMED429,0.0,16.0,16,16,0,0,0,0,0,0
MTOR27LTGSML429,0.0,2.0,2,2,0,0,0,0,0,0
MTOR27LTGXLR429,0.0,17.0,17,17,0,0,0,0,0,0
MTOR27LTN2XL,0.0,0.0,0,0,0,0,0,0,0,0
MTOR27LTNLAR,0.0,0.0,0,0,0,0,0,0,0,0
MTOR27LTNMED,0.0,1.0,1,1,0,0,0,0,0,0
MTOR27LTNSML,0.0,4.0,4,4,0,0,0,0,0,0
MTOR27LTNXLR,0.0,1.0,1,1,0,0,0,0,0,0
MTOR27MNBLAR429,0.0,8.0,8,8,0,0,0,0,0,0
MTOR27MNBMED429,0.0,16.0,16,16,0,0,0,0,0,0
MTOR27MNBSML429,0.0,2.0,2,2,0,0,0,0,0,0
MTOR27MNBXLR429,0.0,17.0,17,17,0,0,0,0,0,0
MTOR27MYE2XL,5.0,19.0,24,24,0,0,0,0,0,0
MTOR27MYELAR,0.0,0.0,0,0,0,0,0,0,0,0
MTOR27MYEMED,0.0,2.0,2,2,0,0,0,0,0,0
MTOR27MYEXLR,0.0,4.0,4,4,0,0,0,0,0,0
MTOR27NYB2XL429,0.0,4.0,4,4,0,0,0,0,0,0
MTOR27NYBLAR429,0.0,28.0,28,24,0,4,4,2,2,0
MTOR27NYBMED429,0.0,1.0,1,1,0,0,0,0,0,0
MTOR27NYBSML429,0.0,11.0,11,11,0,0,0,0,0,0
MTOR27OBR2XL,0.0,1.0,1,1,0,0,0,0,0,0
MTOR27OBRLAR,0.0,0.0,0,0,0,0,0,0,0,0
MTOR27OBRSML,0.0,0.0,0,0,0,0,0,0,0,0
MTOR27OFW2XL,3.0,15.0,18,18,0,0,0,0,0,0
MTOR27OFWLAR,0.0,4.0,4,4,0,0,0,0,0,0
MTOR27OFWMED,0.0,8.0,8,8,0,0,0,0,0,0
MTOR27OFWSML,0.0,2.0,2,2,0,0,0,0,0,0
MTOR27OFWXLR,1.0,16.0,17,17,0,0,0,0,0,0
MTOR27OIN2XL,0.0,0.0,0,0,0,0,0,0,0,0
MTOR27OINLAR,0.0,0.0,0,0,0,0,0,0,0,0
MTOR27OINSML,0.0,2.0,2,2,0,0,0,0,0,0
MTOR27OLD2XL,0.0,3.0,3,3,0,0,0,0,0,0
MTOR27OLDLAR,0.0,1.0,1,1,0,0,0,0,0,0
MTOR27OLDMED,0.0,6.0,6,6,0,0,0,0,0,0
MTOR27OLDSML,0.0,3.0,3,3,0,0,0,0,0,0
MTOR27OLDXLR,0.0,5.0,5,5,0,0,0,0,0,0
MTOR27RYBLAR429,0.0,9.0,9,9,0,0,0,0,0,0
MTOR27RYBMED429,0.0,14.0,14,14,0,0,0,0,0,0
MTOR27RYBSML429,0.0,2.0,2,2,0,0,0,0,0,0
MTOR27RYBXLR429,0.0,17.0,17,17,0,0,0,0,0,0
MTOR27SKO2XL,0.0,1.0,1,1,0,0,0,0,0,0
MTOR27SKOLAR,0.0,1.0,1,1,0,0,0,0,0,0
MTOR27SKOMED,0.0,3.0,3,3,0,0,0,0,0,0
MTOR27SKOSML,0.0,1.0,1,1,0,0,0,0,0,0
MTOR27SKOXLR,0.0,0.0,0,0,0,0,0,0,0,0
MTOR27TEL2XL429,0.0,9.0,9,9,0,0,0,0,0,0
MTOR27TELLAR429,16.0,16.0,32,32,0,0,0,0,0,0
MTOR27TELMED429,20.0,15.0,35,35,0,0,0,0,0,0
MTOR27TELSML429,0.0,39.0,39,33,0,6,6,3,2,1
MTOR27TELXLR429,7.0,12.0,19,19,0,0,0,0,0,0
MTOR27UGY2XL,0.0,5.0,5,5,0,0,0,0,0,0
MTOR27UGYMED,0.0,1.0,1,1,0,0,0,0,0,0
MTOR27UGYXLR,0.0,2.0,2,2,0,0,0,0,0,0
MTOR27VIO2XL429,0.0,8.0,8,8,0,0,0,0,0,0
MTOR27VIOLAR429,0.0,4.0,4,4,0,0,0,0,0,0
MTOR27VIOMED429,4.0,22.0,26,24,0,2,2,1,1,0
MTOR27VIOSML429,1.0,31.0,32,27,0,5,5,2,2,1
MTOR27VIOXLR429,3.0,13.0,16,16,0,0,0,0,0,0
MTOR27YLWLAR429,0.0,6.0,6,6,0,0,0,0,0,0
MTOR27YLWMED429,0.0,13.0,13,13,0,0,0,0,0,0
MTOR27YLWSML429,0.0,2.0,2,2,0,0,0,0,0,0
MTOR27YLWXLR429,0.0,17.0,17,17,0,0,0,0,0,0
MTOR30AGY2XL,0.0,2.0,2,2,0,0,0,0,0,0
MTOR30AGYMED,0.0,1.0,1,1,0,0,0,0,0,0
MTOR30ASH2XL,0.0,102.0,102,87,0,15,15,7,6,2
MTOR30ASH3XL,0.0,0.0,0,0,0,0,0,0,0,0
MTOR30ASHLAR,0.0,0.0,0,0,0,0,0,0,0,0
MTOR30ASHXLR,0.0,0.0,0,0,0,0,0,0,0,0
MTOR30BLE2XL,0.0,0.0,0,0,0,0,0,0,0,0
MTOR30BLELAR,0.0,1.0,1,1,0,0,0,0,0,0
MTOR30BLEMED,0.0,15.0,15,15,0,0,0,0,0,0
MTOR30BLESML,0.0,30.0,30,26,0,4,4,2,2,0
MTOR30BLEXLR,0.0,1.0,1,1,0,0,0,0,0,0
MTOR30BLK2XL,31.0,10.0,41,40,1,0,1,0,0,1
MTOR30BLK2XL359,32.0,19.0,51,49,2,0,2,1,1,0
MTOR30BLKLAR,0.0,0.0,0,0,0,0,0,0,0,0
MTOR30BLKLAR359,37.0,10.0,47,40,7,0,7,3,3,1
MTOR30BLKMED,0.0,0.0,0,0,0,0,0,0,0,0
MTOR30BLKMED359,73.0,9.0,82,64,18,0,18,8,7,3
MTOR30BLKSML,10.0,11.0,21,21,0,0,0,0,0,0
MTOR30BLKSML359,29.0,10.0,39,39,0,0,0,0,0,0
MTOR30BLKXLR,0.0,0.0,0,0,0,0,0,0,0,0
MTOR30BLKXLR359,47.0,10.0,57,44,13,0,13,6,5,2
MTOR30BLTSML,0.0,0.0,0,0,0,0,0,0,0,0
MTOR30BOEXLR,0.0,3.0,3,3,0,0,0,0,0,0
MTOR30BRD2XL359,80.0,28.0,108,77,23,8,31,15,12,4
MTOR30BRDLAR359,60.0,57.0,117,75,25,17,42,20,16,6
MTOR30BRDMED359,130.0,129.0,259,166,56,37,93,44,36,13
MTOR30BRDSML359,80.0,32.0,112,76,24,12,36,17,14,5
MTOR30BRDXLR359,88.0,55.0,143,92,31,20,51,24,20,7
MTOR30BTE2XL359,77.0,34.0,111,73,24,14,38,18,15,5
MTOR30BTELAR359,60.0,67.0,127,81,28,18,46,22,18,6
MTOR30BTEMED359,130.0,121.0,251,161,54,36,90,42,35,13
MTOR30BTESML359,80.0,31.0,111,76,24,11,35,17,14,4
MTOR30BTEXLR359,89.0,63.0,152,97,33,22,55,26,21,8
MTOR30CFK2XL,0.0,1.0,1,1,0,0,0,0,0,0
MTOR30CFKLAR,0.0,0.0,0,0,0,0,0,0,0,0
MTOR30CFKMED,0.0,1.0,1,1,0,0,0,0,0,0
MTOR30CFKXLR,0.0,0.0,0,0,0,0,0,0,0,0
MTOR30CHA2XL,0.0,1.0,1,1,0,0,0,0,0,0
MTOR30CHALAR,0.0,0.0,0,0,0,0,0,0,0,0
MTOR30CHAMED,0.0,0.0,0,0,0,0,0,0,0,0
MTOR30CHAXLR,0.0,0.0,0,0,0,0,0,0,0,0
MTOR30CTF2XL,0.0,3.0,3,3,0,0,0,0,0,0
MTOR30CTFLAR,0.0,2.0,2,2,0,0,0,0,0,0
MTOR30CTFMED,0.0,2.0,2,2,0,0,0,0,0,0
MTOR30CTFXLR,0.0,6.0,6,6,0,0,0,0,0,0
MTOR30DPK2XL,13.0,16.0,29,29,0,0,0,0,0,0
MTOR30DPKLAR,0.0,5.0,5,5,0,0,0,0,0,0
MTOR30DPKMED,0.0,7.0,7,7,0,0,0,0,0,0
MTOR30DPKSML,11.0,15.0,26,26,0,0,0,0,0,0
MTOR30DPKXLR,0.0,8.0,8,8,0,0,0,0,0,0
MTOR30DRE2XL,0.0,1.0,1,1,0,0,0,0,0,0
MTOR30FGVMED,0.0,1.0,1,1,0,0,0,0,0,0
MTOR30FGVSML,0.0,0.0,0,0,0,0,0,0,0,0
MTOR30GFT2XL,0.0,0.0,0,0,0,0,0,0,0,0
MTOR30GFTLAR,0.0,0.0,0,0,0,0,0,0,0,0
MTOR30GFTMED,0.0,0.0,0,0,0,0,0,0,0,0
MTOR30GFTXLR,0.0,0.0,0,0,0,0,0,0,0,0
MTOR30GJD2XL,0.0,5.0,5,5,0,0,0,0,0,0
MTOR30GJDLAR,0.0,0.0,0,0,0,0,0,0,0,0
MTOR30GJDMED,0.0,10.0,10,10,0,0,0,0,0,0
MTOR30GJDSML,0.0,3.0,3,3,0,0,0,0,0,0
MTOR30GJDXLR,0.0,2.0,2,2,0,0,0,0,0,0
MTOR30GVE2XL,0.0,7.0,7,7,0,0,0,0,0,0
MTOR30GVE2XL359,39.0,10.0,49,40,9,0,9,4,4,1
MTOR30GVELAR,0.0,0.0,0,0,0,0,0,0,0,0
MTOR30GVELAR359,36.0,14.0,50,44,6,0,6,3,2,1
MTOR30GVEMED,0.0,1.0,1,1,0,0,0,0,0,0
MTOR30GVEMED359,156.0,22.0,178,138,38,2,40,19,16,5
MTOR30GVESML,0.0,6.0,6,6,0,0,0,0,0,0
MTOR30GVESML359,56.0,22.0,78,59,17,2,19,9,7,3
MTOR30GVEXLR,0.0,2.0,2,2,0,0,0,0,0,0
MTOR30GVEXLR359,74.0,12.0,86,67,19,0,19,9,7,3
MTOR30HBE2XL,0.0,0.0,0,0,0,0,0,0,0,0
MTOR30HBEMED,0.0,0.0,0,0,0,0,0,0,0,0
MTOR30HBESML,0.0,2.0,2,2,0,0,0,0,0,0
MTOR30HTG2XL,0.0,39.0,39,33,0,6,6,3,2,1
MTOR30HTGLAR,0.0,4.0,4,4,0,0,0,0,0,0
MTOR30HTGMED,0.0,0.0,0,0,0,0,0,0,0,0
MTOR30HTGSML,0.0,5.0,5,5,0,0,0,0,0,0
MTOR30HTGXLR,0.0,3.0,3,3,0,0,0,0,0,0
MTOR30HTR2XL,5.0,21.0,26,25,0,1,1,0,0,1
MTOR30HTRLAR,0.0,2.0,2,2,0,0,0,0,0,0
MTOR30HTRMED,0.0,1.0,1,1,0,0,0,0,0,0
MTOR30HTRSML,0.0,23.0,23,20,0,3,3,1,1,1
MTOR30IRG2XL,0.0,7.0,7,7,0,0,0,0,0,0
MTOR30IRG2XL359,125.0,215.0,340,218,73,49,122,58,47,17
MTOR30IRGLAR,0.0,2.0,2,2,0,0,0,0,0,0
MTOR30IRGLAR359,668.0,142.0,810,518,175,117,292,138,114,40
MTOR30IRGMED,0.0,5.0,5,5,0,0,0,0,0,0
MTOR30IRGMED359,527.0,51.0,578,422,125,31,156,74,61,21
MTOR30IRGSML,0.0,2.0,2,2,0,0,0,0,0,0
MTOR30IRGSML359,155.0,351.0,506,324,109,73,182,86,71,25
MTOR30IRGXLR,0.0,5.0,5,5,0,0,0,0,0,0
MTOR30IRGXLR359,513.0,103.0,616,400,133,83,216,102,84,30
MTOR30LLC2XL359,15.0,27.0,42,36,0,6,6,3,2,1
MTOR30LLCLAR359,7.0,10.0,17,17,0,0,0,0,0,0
MTOR30LLCMED359,7.0,10.0,17,17,0,0,0,0,0,0
MTOR30LLCXLR359,9.0,10.0,19,19,0,0,0,0,0,0
MTOR30LTG2XL,0.0,1.0,1,1,0,0,0,0,0,0
MTOR30LTG2XL359,70.0,10.0,80,63,17,0,17,8,7,2
MTOR30LTGLAR,0.0,0.0,0,0,0,0,0,0,0,0
MTOR30LTGLAR359,59.0,20.0,79,62,17,0,17,8,7,2
MTOR30LTGMED,0.0,1.0,1,1,0,0,0,0,0,0
MTOR30LTGMED359,172.0,25.0,197,149,43,5,48,23,19,6
MTOR30LTGSML359,70.0,26.0,96,69,21,6,27,13,10,4
MTOR30LTGXLR359,84.0,15.0,99,77,22,0,22,10,9,3
MTOR30MSA2XL,0.0,1.0,1,1,0,0,0,0,0,0
MTOR30MSALAR,0.0,0.0,0,0,0,0,0,0,0,0
MTOR30MSAMED,0.0,0.0,0,0,0,0,0,0,0,0
MTOR30MSAXLR,0.0,0.0,0,0,0,0,0,0,0,0
MTOR30MTG2XL,0.0,0.0,0,0,0,0,0,0,0,0
MTOR30MTGLAR,0.0,0.0,0,0,0,0,0,0,0,0
MTOR30MTGMED,0.0,0.0,0,0,0,0,0,0,0,0
MTOR30MTGXLR,0.0,0.0,0,0,0,0,0,0,0,0
MTOR30NYB2XL359,95.0,61.0,156,100,34,22,56,26,22,8
MTOR30NYBLAR359,85.0,87.0,172,110,37,25,62,29,24,9
MTOR30NYBMED359,105.0,193.0,298,191,64,43,107,51,42,14
MTOR30NYBSML359,80.0,41.0,121,77,26,18,44,21,17,6
MTOR30NYBXLR359,114.0,73.0,187,120,40,27,67,32,26,9
MTOR30OBR2XL,0.0,3.0,3,3,0,0,0,0,0,0
MTOR30OBRMED,0.0,1.0,1,1,0,0,0,0,0,0
MTOR30OBRSML,0.0,3.0,3,3,0,0,0,0,0,0
MTOR30OFW2XL359,80.0,28.0,108,77,23,8,31,15,12,4
MTOR30OFWLAR,0.0,0.0,0,0,0,0,0,0,0,0
MTOR30OFWLAR359,60.0,17.0,77,60,17,0,17,8,7,2
MTOR30OFWMED,0.0,1.0,1,1,0,0,0,0,0,0
MTOR30OFWMED359,130.0,97.0,227,145,49,33,82,39,32,11
MTOR30OFWSML,0.0,2.0,2,2,0,0,0,0,0,0
MTOR30OFWSML359,80.0,25.0,105,77,23,5,28,13,11,4
MTOR30OFWXLR,0.0,1.0,1,1,0,0,0,0,0,0
MTOR30OFWXLR359,87.0,45.0,132,84,29,19,48,23,19,6
MTOR30OGY2XL,0.0,2.0,2,2,0,0,0,0,0,0
MTOR30OGYMED,0.0,4.0,4,4,0,0,0,0,0,0
MTOR30OGYSML,0.0,1.0,1,1,0,0,0,0,0,0
MTOR30OGYXLR,0.0,1.0,1,1,0,0,0,0,0,0
MTOR30OINSML,0.0,1.0,1,1,0,0,0,0,0,0
MTOR30PKNSML,0.0,5.0,5,5,0,0,0,0,0,0
MTOR30RED2XL,4.0,14.0,18,18,0,0,0,0,0,0
MTOR30REDLAR,2.0,14.0,16,16,0,0,0,0,0,0
MTOR30REDMED,7.0,14.0,21,21,0,0,0,0,0,0
MTOR30REDXLR,2.0,14.0,16,16,0,0,0,0,0,0
MTOR30SDL2XL,0.0,0.0,0,0,0,0,0,0,0,0
MTOR30SDL2XL359,3.0,26.0,29,25,0,4,4,2,2,0
MTOR30SDLLAR,0.0,1.0,1,1,0,0,0,0,0,0
MTOR30SDLMED,0.0,0.0,0,0,0,0,0,0,0,0
MTOR30SDLMED359,0.0,4.0,4,4,0,0,0,0,0,0
MTOR30SDLXLR,0.0,0.0,0,0,0,0,0,0,0,0
MTOR30SDLXLR359,0.0,3.0,3,3,0,0,0,0,0,0
MTOR30SKO2XL359,5.0,16.0,21,21,0,0,0,0,0,0
MTOR30SKOLAR,0.0,0.0,0,0,0,0,0,0,0,0
MTOR30SKOLAR359,7.0,10.0,17,17,0,0,0,0,0,0
MTOR30SKOMED,2.0,10.0,12,12,0,0,0,0,0,0
MTOR30SKOMED359,6.0,10.0,16,16,0,0,0,0,0,0
MTOR30SKOSML,0.0,4.0,4,4,0,0,0,0,0,0
MTOR30SKOXLR359,7.0,10.0,17,17,0,0,0,0,0,0
MTOR30SKY2XL,0.0,1.0,1,1,0,0,0,0,0,0
MTOR30SKYLAR,0.0,2.0,2,2,0,0,0,0,0,0
MTOR30SKYMED,0.0,1.0,1,1,0,0,0,0,0,0
MTOR30SKYXLR,0.0,3.0,3,3,0,0,0,0,0,0
MTOR30SLB2XL,0.0,5.0,5,5,0,0,0,0,0,0
MTOR30SLBLAR,0.0,3.0,3,3,0,0,0,0,0,0
MTOR30SLBMED,0.0,5.0,5,5,0,0,0,0,0,0
MTOR30SLBXLR,0.0,7.0,7,7,0,0,0,0,0,0
MTOR30SPK2XL,0.0,0.0,0,0,0,0,0,0,0,0
MTOR30TEL2XL359,93.0,63.0,156,100,34,22,56,26,22,8
MTOR30TELLAR359,90.0,87.0,177,113,38,26,64,30,25,9
MTOR30TELMED359,110.0,193.0,303,194,65,44,109,51,42,16
MTOR30TELSML359,80.0,41.0,121,77,26,18,44,21,17,6
MTOR30TELXLR359,118.0,73.0,191,122,41,28,69,33,27,9
MTOR30TMC2XL,0.0,6.0,6,6,0,0,0,0,0,0
MTOR30TMCLAR,0.0,1.0,1,1,0,0,0,0,0,0
MTOR30TMCMED,0.0,0.0,0,0,0,0,0,0,0,0
MTOR30TRN2XL,0.0,0.0,0,0,0,0,0,0,0,0
MTOR30TRNLAR,0.0,0.0,0,0,0,0,0,0,0,0
MTOR30TRNMED,0.0,0.0,0,0,0,0,0,0,0,0
MTOR30TRNSML,0.0,15.0,15,15,0,0,0,0,0,0
MTOR30WGNLAR,0.0,1.0,1,1,0,0,0,0,0,0
MTOR30WHT2XL,19.0,20.0,39,39,0,0,0,0,0,0
MTOR30WHT2XL359,8.0,24.0,32,28,0,4,4,2,2,0
MTOR30WHTLAR,0.0,0.0,0,0,0,0,0,0,0,0
MTOR30WHTLAR359,0.0,0.0,0,0,0,0,0,0,0,0
MTOR30WHTMED,0.0,1.0,1,1,0,0,0,0,0,0
MTOR30WHTMED359,0.0,0.0,0,0,0,0,0,0,0,0
MTOR30WHTSML,0.0,1.0,1,1,0,0,0,0,0,0
MTOR30WHTXLR,0.0,1.0,1,1,0,0,0,0,0,0
MTOR30WHTXLR359,0.0,0.0,0,0,0,0,0,0,0,0
MTOR30WLGLAR,0.0,0.0,0,0,0,0,0,0,0,0
MTOR30WLGMED,0.0,10.0,10,10,0,0,0,0,0,0
MTOR30WLGSML,0.0,16.0,16,16,0,0,0,0,0,0
MTOR30WLGXLR,0.0,0.0,0,0,0,0,0,0,0,0
MTOR30WYLMED,0.0,1.0,1,1,0,0,0,0,0,0
MTOR30WYLSML,0.0,1.0,1,1,0,0,0,0,0,0
MTOR31ASH2XL006,0.0,82.0,82,70,0,12,12,6,5,1
MTOR31ASHLAR006,0.0,90.0,90,77,0,13,13,6,5,2
MTOR31ASHMED006,0.0,85.0,85,73,0,12,12,6,5,1
MTOR31ASHXLR006,0.0,48.0,48,41,0,7,7,3,3,1
MTOR31BLK2XL006,64.0,19.0,83,65,18,0,18,8,7,3
MTOR31BLKLAR006,37.0,164.0,201,165,7,29,36,17,14,5
MTOR31BLKMED006,61.0,34.0,95,61,20,14,34,16,13,5
MTOR31BLKXLR006,84.0,68.0,152,97,33,22,55,26,21,8
MTOR31BRN2XL,0.0,2.0,2,2,0,0,0,0,0,0
MTOR31BTD2XL,0.0,1.0,1,1,0,0,0,0,0,0
MTOR31BTDLAR,0.0,0.0,0,0,0,0,0,0,0,0
MTOR31BTDMED,0.0,3.0,3,3,0,0,0,0,0,0
MTOR31DREMED,0.0,0.0,0,0,0,0,0,0,0,0
MTOR31HUSLAR2PK,0.0,1.0,1,1,0,0,0,0,0,0
MTOR31LLC2XL006,24.0,97.0,121,103,0,18,18,8,7,3
MTOR31LLCLAR006,58.0,178.0,236,174,28,34,62,29,24,9
MTOR31LLCMED006,15.0,98.0,113,97,0,16,16,8,6,2
MTOR31LLCXLR006,30.0,162.0,192,164,0,28,28,13,11,4
MTOR31OINLAR003,0.0,0.0,0,0,0,0,0,0,0,0
MTOR31PLBMED003,0.0,3.0,3,3,0,0,0,0,0,0
MTOR31POS2XL2PK,0.0,2.0,2,2,0,0,0,0,0,0
MTOR31POSLAR2PK,0.0,2.0,2,2,0,0,0,0,0,0
MTOR31POSMED2PK,0.0,3.0,3,3,0,0,0,0,0,0
MTOR31SAD2XL003,0.0,1.0,1,1,0,0,0,0,0,0
MTOR31SADMED003,0.0,2.0,2,2,0,0,0,0,0,0
MTOR31SADXLR003,0.0,0.0,0,0,0,0,0,0,0,0
MTOR31SCBXLR003,0.0,1.0,1,1,0,0,0,0,0,0
MTOR31SKY2XL006,14.0,85.0,99,85,0,14,14,7,5,2
MTOR31SKYLAR006,21.0,153.0,174,149,0,25,25,12,10,3
MTOR31SKYMED006,0.0,85.0,85,73,0,12,12,6,5,1
MTOR31SKYXLR006,65.0,62.0,127,81,28,18,46,22,18,6
MTOR31TEL2XL006,50.0,106.0,156,114,20,22,42,20,16,6
MTOR31TELLAR006,148.0,197.0,345,221,74,50,124,59,48,17
MTOR31TELMED006,52.0,107.0,159,114,22,23,45,21,18,6
MTOR31TELXLR006,73.0,174.0,247,168,43,36,79,37,31,11
MTOR31YLW2XL006,0.0,82.0,82,70,0,12,12,6,5,1
MTOR31YLWLAR006,19.0,77.0,96,82,0,14,14,7,5,2
MTOR31YLWMED006,34.0,34.0,68,54,4,10,14,7,5,2
MTOR31YLWXLR006,15.0,57.0,72,62,0,10,10,5,4,1
MTOR35HTGXLR,0.0,1.0,1,1,0,0,0,0,0,0
MTOR37BLELAR,0.0,0.0,0,0,0,0,0,0,0,0
MTOR37BLEMED,0.0,0.0,0,0,0,0,0,0,0,0
MTOR37BLK2XL,0.0,2.0,2,2,0,0,0,0,0,0
MTOR37BLKLAR,0.0,1.0,1,1,0,0,0,0,0,0
MTOR37BLKMED,0.0,0.0,0,0,0,0,0,0,0,0
MTOR37BLKXLR,0.0,0.0,0,0,0,0,0,0,0,0
MTOR37BRD2XL,0.0,1.0,1,1,0,0,0,0,0,0
MTOR37BRDLAR,0.0,1.0,1,1,0,0,0,0,0,0
MTOR37BRDMED,0.0,1.0,1,1,0,0,0,0,0,0
MTOR37BRDXLR,0.0,5.0,5,5,0,0,0,0,0,0
MTOR37CNGLAR,0.0,0.0,0,0,0,0,0,0,0,0
MTOR37CNGMED,0.0,0.0,0,0,0,0,0,0,0,0
MTOR37CRB2XL,0.0,1.0,1,1,0,0,0,0,0,0
MTOR37CRBLAR,0.0,0.0,0,0,0,0,0,0,0,0
MTOR37CRBMED,0.0,1.0,1,1,0,0,0,0,0,0
MTOR37CRBXLR,0.0,6.0,6,6,0,0,0,0,0,0
MTOR37CTF5XL,0.0,5.0,5,5,0,0,0,0,0,0
MTOR37DTE2XL,0.0,2.0,2,2,0,0,0,0,0,0
MTOR37DTELAR,0.0,0.0,0,0,0,0,0,0,0,0
MTOR37DTEMED,0.0,3.0,3,3,0,0,0,0,0,0
MTOR37DTEXLR,0.0,0.0,0,0,0,0,0,0,0,0
MTOR37FIGLAR,0.0,0.0,0,0,0,0,0,0,0,0
MTOR37FIGMED,0.0,0.0,0,0,0,0,0,0,0,0
MTOR37GVELAR,0.0,0.0,0,0,0,0,0,0,0,0
MTOR37GVEXLR,0.0,0.0,0,0,0,0,0,0,0,0
MTOR37GYR2XL,0.0,0.0,0,0,0,0,0,0,0,0
MTOR37GYRLAR,0.0,0.0,0,0,0,0,0,0,0,0
MTOR37GYRMED,0.0,1.0,1,1,0,0,0,0,0,0
MTOR37GYRXLR,0.0,2.0,2,2,0,0,0,0,0,0
MTOR37LBE2XL,0.0,3.0,3,3,0,0,0,0,0,0
MTOR37LBELAR,0.0,0.0,0,0,0,0,0,0,0,0
MTOR37LBEMED,0.0,1.0,1,1,0,0,0,0,0,0
MTOR37LBEXLR,0.0,1.0,1,1,0,0,0,0,0,0
MTOR37LGN2XL,0.0,12.0,12,12,0,0,0,0,0,0
MTOR37LGNLAR,0.0,1.0,1,1,0,0,0,0,0,0
MTOR37LGNMED,0.0,7.0,7,7,0,0,0,0,0,0
MTOR37LGNXLR,0.0,2.0,2,2,0,0,0,0,0,0
MTOR37LTG3XL,0.0,1.0,1,1,0,0,0,0,0,0
MTOR37LTG5XL,0.0,8.0,8,8,0,0,0,0,0,0
MTOR37MSA2XL,2.0,10.0,12,12,0,0,0,0,0,0
MTOR37MSALAR,0.0,2.0,2,2,0,0,0,0,0,0
MTOR37MSAMED,0.0,1.0,1,1,0,0,0,0,0,0
MTOR37MSAXLR,0.0,1.0,1,1,0,0,0,0,0,0
MTOR37MUE2XL,0.0,0.0,0,0,0,0,0,0,0,0
MTOR37MUEMED,0.0,1.0,1,1,0,0,0,0,0,0
MTOR37MYE2XL,0.0,0.0,0,0,0,0,0,0,0,0
MTOR37MYELAR,0.0,0.0,0,0,0,0,0,0,0,0
MTOR37MYEMED,0.0,3.0,3,3,0,0,0,0,0,0
MTOR37MYEXLR,0.0,4.0,4,4,0,0,0,0,0,0
MTOR37NTC4XL,0.0,1.0,1,1,0,0,0,0,0,0
MTOR37NTC5XL,0.0,3.0,3,3,0,0,0,0,0,0
MTOR37NVY5XL,0.0,7.0,7,7,0,0,0,0,0,0
MTOR37NYBLAR,0.0,0.0,0,0,0,0,0,0,0,0
MTOR37NYBMED,0.0,1.0,1,1,0,0,0,0,0,0
MTOR37NYBXLR,0.0,0.0,0,0,0,0,0,0,0,0
MTOR37OBRLAR,0.0,1.0,1,1,0,0,0,0,0,0
MTOR37OBRMED,0.0,0.0,0,0,0,0,0,0,0,0
MTOR37OGY2XL,0.0,1.0,1,1,0,0,0,0,0,0
MTOR37OGY3XL,0.0,0.0,0,0,0,0,0,0,0,0
MTOR37OGYMED,0.0,0.0,0,0,0,0,0,0,0,0
MTOR37OGYXLR,0.0,1.0,1,1,0,0,0,0,0,0
MTOR37OIN2XL,0.0,2.0,2,2,0,0,0,0,0,0
MTOR37OINMED,0.0,1.0,1,1,0,0,0,0,0,0
MTOR37PAE2XL,0.0,0.0,0,0,0,0,0,0,0,0
MTOR37PDB2XL,0.0,1.0,1,1,0,0,0,0,0,0
MTOR37PGNMED,0.0,2.0,2,2,0,0,0,0,0,0
MTOR37PKN2XL,0.0,14.0,14,14,0,0,0,0,0,0
MTOR37PKNMED,0.0,18.0,18,18,0,0,0,0,0,0
MTOR37PKNXLR,0.0,3.0,3,3,0,0,0,0,0,0
MTOR37SKO2XL,0.0,0.0,0,0,0,0,0,0,0,0
MTOR37SKOLAR,0.0,0.0,0,0,0,0,0,0,0,0
MTOR37SKOMED,0.0,0.0,0,0,0,0,0,0,0,0
MTOR37TLE2XL,0.0,7.0,7,7,0,0,0,0,0,0
MTOR37TLELAR,0.0,1.0,1,1,0,0,0,0,0,0
MTOR37TLEMED,0.0,0.0,0,0,0,0,0,0,0,0
MTOR37TLEXLR,0.0,2.0,2,2,0,0,0,0,0,0
MTOR37TRN2XL,0.0,1.0,1,1,0,0,0,0,0,0
MTOR37TRNLAR,0.0,1.0,1,1,0,0,0,0,0,0
MTOR37TRNXLR,0.0,0.0,0,0,0,0,0,0,0,0
MTOR37UGY2XL,0.0,0.0,0,0,0,0,0,0,0,0
MTOR37UGYXLR,0.0,1.0,1,1,0,0,0,0,0,0
MTOR37WHT2XL,0.0,6.0,6,6,0,0,0,0,0,0
MTOR37WHTLAR,0.0,0.0,0,0,0,0,0,0,0,0
MTOR37WHTMED,0.0,0.0,0,0,0,0,0,0,0,0
MTOR37WHTXLR,0.0,2.0,2,2,0,0,0,0,0,0
MTOR37WLG2XL,0.0,0.0,0,0,0,0,0,0,0,0
MTOR37WLGLAR,0.0,0.0,0,0,0,0,0,0,0,0
MTOR37WLGMED,0.0,0.0,0,0,0,0,0,0,0,0
MTOR37WLGXLR,0.0,0.0,0,0,0,0,0,0,0,0
MTOR38AGY2XL,0.0,1.0,1,1,0,0,0,0,0,0
MTOR38AGY2XL002,11.0,10.0,21,21,0,0,0,0,0,0
MTOR38AGY2XL008399,0.0,18.0,18,18,0,0,0,0,0,0
MTOR38AGYLAR002,1.0,11.0,12,12,0,0,0,0,0,0
MTOR38AGYLAR008399,0.0,7.0,7,7,0,0,0,0,0,0
MTOR38AGYMED,0.0,2.0,2,2,0,0,0,0,0,0
MTOR38AGYMED002,0.0,8.0,8,8,0,0,0,0,0,0
MTOR38AGYMED008399,12.0,10.0,22,22,0,0,0,0,0,0
MTOR38AGYSML,0.0,2.0,2,2,0,0,0,0,0,0
MTOR38AGYSML002,18.0,10.0,28,28,0,0,0,0,0,0
MTOR38AGYSML008399,0.0,20.0,20,20,0,0,0,0,0,0
MTOR38AGYXLR002,0.0,21.0,21,20,0,1,1,0,0,1
MTOR38AGYXLR008399,26.0,10.0,36,36,0,0,0,0,0,0
MTOR38BLE2XL006,1.0,15.0,16,16,0,0,0,0,0,0
MTOR38BLELAR006,8.0,15.0,23,23,0,0,0,0,0,0
MTOR38BLEMED006,17.0,12.0,29,29,0,0,0,0,0,0
MTOR38BLESML006,14.0,14.0,28,28,0,0,0,0,0,0
MTOR38BLEXLR006,12.0,17.0,29,29,0,0,0,0,0,0
MTOR38BLK2XL,0.0,1.0,1,1,0,0,0,0,0,0
MTOR38BLK2XL005,0.0,0.0,0,0,0,0,0,0,0,0
MTOR38BLK2XL006,0.0,2.0,2,2,0,0,0,0,0,0
MTOR38BLK2XL008399,0.0,5.0,5,5,0,0,0,0,0,0
MTOR38BLKLAR004,0.0,1.0,1,1,0,0,0,0,0,0
MTOR38BLKLAR005,0.0,4.0,4,4,0,0,0,0,0,0
MTOR38BLKLAR005425,0.0,7.0,7,7,0,0,0,0,0,0
MTOR38BLKLAR006,0.0,4.0,4,4,0,0,0,0,0,0
MTOR38BLKLAR008399,0.0,0.0,0,0,0,0,0,0,0,0
MTOR38BLKMED005,0.0,11.0,11,11,0,0,0,0,0,0
MTOR38BLKMED005425,0.0,17.0,17,17,0,0,0,0,0,0
MTOR38BLKMED006,0.0,5.0,5,5,0,0,0,0,0,0
MTOR38BLKMED008399,0.0,13.0,13,13,0,0,0,0,0,0
MTOR38BLKSML005,11.0,15.0,26,26,0,0,0,0,0,0
MTOR38BLKSML005425,0.0,5.0,5,5,0,0,0,0,0,0
MTOR38BLKSML006,4.0,11.0,15,15,0,0,0,0,0,0
MTOR38BLKSML008399,14.0,17.0,31,31,0,0,0,0,0,0
MTOR38BLKXLR005,0.0,13.0,13,13,0,0,0,0,0,0
MTOR38BLKXLR005425,0.0,3.0,3,3,0,0,0,0,0,0
MTOR38BLKXLR006,0.0,1.0,1,1,0,0,0,0,0,0
MTOR38BLKXLR008399,0.0,0.0,0,0,0,0,0,0,0,0
MTOR38BOE2XL003,0.0,5.0,5,5,0,0,0,0,0,0
MTOR38BOELAR003,41.0,13.0,54,43,11,0,11,5,4,2
MTOR38BOEMED003,0.0,4.0,4,4,0,0,0,0,0,0
MTOR38BOESML003,9.0,12.0,21,21,0,0,0,0,0,0
MTOR38BOEXLR003,31.0,15.0,46,45,1,0,1,0,0,1
MTOR38CFK2XL005,0.0,3.0,3,3,0,0,0,0,0,0
MTOR38CFKLAR005,20.0,12.0,32,32,0,0,0,0,0,0
MTOR38CFKLAR005425,0.0,16.0,16,16,0,0,0,0,0,0
MTOR38CFKMED005,0.0,11.0,11,11,0,0,0,0,0,0
MTOR38CFKMED005425,0.0,30.0,30,26,0,4,4,2,2,0
MTOR38CFKSML005,13.0,11.0,24,24,0,0,0,0,0,0
MTOR38CFKSML005425,0.0,4.0,4,4,0,0,0,0,0,0
MTOR38CFKXLR005,0.0,0.0,0,0,0,0,0,0,0,0
MTOR38CFKXLR005425,0.0,11.0,11,11,0,0,0,0,0,0
MTOR38DPK2XL006,0.0,9.0,9,9,0,0,0,0,0,0
MTOR38DPKLAR006,0.0,2.0,2,2,0,0,0,0,0,0
MTOR38DPKMED006,15.0,10.0,25,25,0,0,0,0,0,0
MTOR38DPKSML006,27.0,18.0,45,45,0,0,0,0,0,0
MTOR38DPKXLR006,0.0,9.0,9,9,0,0,0,0,0,0
MTOR38DRE2XL,0.0,0.0,0,0,0,0,0,0,0,0
MTOR38DRELAR,0.0,0.0,0,0,0,0,0,0,0,0
MTOR38DREMED,0.0,1.0,1,1,0,0,0,0,0,0
MTOR38DRESML,0.0,2.0,2,2,0,0,0,0,0,0
MTOR38DREXLR,0.0,3.0,3,3,0,0,0,0,0,0
MTOR38GYR2XL004,0.0,2.0,2,2,0,0,0,0,0,0
MTOR38GYRLAR004,0.0,8.0,8,8,0,0,0,0,0,0
MTOR38GYRMED004,2.0,13.0,15,15,0,0,0,0,0,0
MTOR38GYRSML004,0.0,1.0,1,1,0,0,0,0,0,0
MTOR38GYRXLR004,6.0,12.0,18,18,0,0,0,0,0,0
MTOR38HBE2XL003,0.0,17.0,17,17,0,0,0,0,0,0
MTOR38HBELAR003,5.0,19.0,24,24,0,0,0,0,0,0
MTOR38HBEMED003,0.0,2.0,2,2,0,0,0,0,0,0
MTOR38HBESML003,5.0,12.0,17,17,0,0,0,0,0,0
MTOR38HBEXLR003,21.0,19.0,40,40,0,0,0,0,0,0
MTOR38HTR2XL003,5.0,10.0,15,15,0,0,0,0,0,0
MTOR38HTR2XL006,0.0,14.0,14,14,0,0,0,0,0,0
MTOR38HTRLAR003,0.0,7.0,7,7,0,0,0,0,0,0
MTOR38HTRLAR006,0.0,10.0,10,10,0,0,0,0,0,0
MTOR38HTRMED003,0.0,17.0,17,17,0,0,0,0,0,0
MTOR38HTRMED006,0.0,8.0,8,8,0,0,0,0,0,0
MTOR38HTRSML003,5.0,19.0,24,24,0,0,0,0,0,0
MTOR38HTRSML006,23.0,10.0,33,33,0,0,0,0,0,0
MTOR38HTRXLR003,0.0,15.0,15,15,0,0,0,0,0,0
MTOR38HTRXLR006,11.0,10.0,21,21,0,0,0,0,0,0
MTOR38LGN2XL004,1.0,13.0,14,14,0,0,0,0,0,0
MTOR38LGNLAR004,1.0,18.0,19,19,0,0,0,0,0,0
MTOR38LGNMED004,17.0,12.0,29,29,0,0,0,0,0,0
MTOR38LGNSML004,0.0,2.0,2,2,0,0,0,0,0,0
MTOR38LGNXLR004,0.0,3.0,3,3,0,0,0,0,0,0
MTOR38LLC2XL008399,6.0,11.0,17,17,0,0,0,0,0,0
MTOR38LLCLAR008399,33.0,21.0,54,50,3,1,4,2,2,0
MTOR38LLCMED008399,2.0,17.0,19,19,0,0,0,0,0,0
MTOR38LLCSML008399,16.0,24.0,40,36,0,4,4,2,2,0
MTOR38LLCXLR008399,33.0,24.0,57,50,3,4,7,3,3,1
MTOR38LTG2XL008399,0.0,16.0,16,16,0,0,0,0,0,0
MTOR38LTGLAR008399,21.0,21.0,42,41,0,1,1,0,0,1
MTOR38LTGMED008399,0.0,19.0,19,19,0,0,0,0,0,0
MTOR38LTGSML008399,21.0,24.0,45,41,0,4,4,2,2,0
MTOR38LTGXLR008399,43.0,15.0,58,45,13,0,13,6,5,2
MTOR38MNB2XL008399,0.0,16.0,16,16,0,0,0,0,0,0
MTOR38MNBLAR008399,39.0,20.0,59,50,9,0,9,4,4,1
MTOR38MNBMED008399,2.0,20.0,22,22,0,0,0,0,0,0
MTOR38MNBSML008399,33.0,15.0,48,45,3,0,3,1,1,1
MTOR38MNBXLR008399,40.0,12.0,52,42,10,0,10,5,4,1
MTOR38MSA2XL003,0.0,8.0,8,8,0,0,0,0,0,0
MTOR38MSALAR003,0.0,5.0,5,5,0,0,0,0,0,0
MTOR38MSAMED003,0.0,1.0,1,1,0,0,0,0,0,0
MTOR38MSASML003,4.0,20.0,24,24,0,0,0,0,0,0
MTOR38MSAXLR003,0.0,9.0,9,9,0,0,0,0,0,0
MTOR38MYE2XL006,0.0,6.0,6,6,0,0,0,0,0,0
MTOR38MYELAR006,0.0,4.0,4,4,0,0,0,0,0,0
MTOR38MYEMED006,6.0,10.0,16,16,0,0,0,0,0,0
MTOR38MYESML006,11.0,10.0,21,21,0,0,0,0,0,0
MTOR38MYEXLR006,12.0,10.0,22,22,0,0,0,0,0,0
MTOR38NTC2XL003,9.0,13.0,22,22,0,0,0,0,0,0
MTOR38NTCLAR003,19.0,24.0,43,39,0,4,4,2,2,0
MTOR38NTCMED003,0.0,13.0,13,13,0,0,0,0,0,0
MTOR38NTCSML003,1.0,12.0,13,13,0,0,0,0,0,0
MTOR38NTCXLR003,23.0,17.0,40,40,0,0,0,0,0,0
MTOR38OFW2XL006,0.0,11.0,11,11,0,0,0,0,0,0
MTOR38OFW2XL008399,0.0,6.0,6,6,0,0,0,0,0,0
MTOR38OFWLAR006,0.0,1.0,1,1,0,0,0,0,0,0
MTOR38OFWLAR008399,0.0,0.0,0,0,0,0,0,0,0,0
MTOR38OFWMED006,0.0,0.0,0,0,0,0,0,0,0,0
MTOR38OFWMED008399,0.0,6.0,6,6,0,0,0,0,0,0
MTOR38OFWSML006,0.0,3.0,3,3,0,0,0,0,0,0
MTOR38OFWSML008399,0.0,12.0,12,12,0,0,0,0,0,0
MTOR38OFWXLR006,0.0,10.0,10,10,0,0,0,0,0,0
MTOR38OFWXLR008399,0.0,1.0,1,1,0,0,0,0,0,0
MTOR38OLD2XL005,14.0,12.0,26,26,0,0,0,0,0,0
MTOR38OLDLAR005,6.0,20.0,26,26,0,0,0,0,0,0
MTOR38OLDLAR005425,3.0,25.0,28,24,0,4,4,2,2,0
MTOR38OLDMED005,16.0,17.0,33,33,0,0,0,0,0,0
MTOR38OLDMED005425,1.0,32.0,33,28,0,5,5,2,2,1
MTOR38OLDSML005,18.0,13.0,31,31,0,0,0,0,0,0
MTOR38OLDSML005425,0.0,4.0,4,4,0,0,0,0,0,0
MTOR38OLDXLR005,23.0,14.0,37,37,0,0,0,0,0,0
MTOR38OLDXLR005425,7.0,15.0,22,22,0,0,0,0,0,0
MTOR38PKN2XL,0.0,1.0,1,1,0,0,0,0,0,0
MTOR38PKNLAR,0.0,8.0,8,8,0,0,0,0,0,0
MTOR38PKNSML,0.0,12.0,12,12,0,0,0,0,0,0
MTOR38PKNXLR,0.0,14.0,14,14,0,0,0,0,0,0
MTOR38SDL2XL,0.0,8.0,8,8,0,0,0,0,0,0
MTOR38SDLMED,0.0,22.0,22,20,0,2,2,1,1,0
MTOR38SDLSML,0.0,26.0,26,22,0,4,4,2,2,0
MTOR38SDLXLR,0.0,1.0,1,1,0,0,0,0,0,0
MTOR38SKO2XL004,0.0,1.0,1,1,0,0,0,0,0,0
MTOR38SKOLAR004,14.0,14.0,28,28,0,0,0,0,0,0
MTOR38SKOMED004,5.0,15.0,20,20,0,0,0,0,0,0
MTOR38SKOSML004,0.0,3.0,3,3,0,0,0,0,0,0
MTOR38SKOXLR004,17.0,16.0,33,33,0,0,0,0,0,0
MTOR38SKY2XL004,0.0,9.0,9,9,0,0,0,0,0,0
MTOR38SKYLAR004,21.0,14.0,35,35,0,0,0,0,0,0
MTOR38SKYMED004,9.0,13.0,22,22,0,0,0,0,0,0
MTOR38SKYSML004,0.0,3.0,3,3,0,0,0,0,0,0
MTOR38SKYXLR004,28.0,12.0,40,40,0,0,0,0,0,0
MTOR38SLBMED,0.0,33.0,33,28,0,5,5,2,2,1
MTOR38SLBSML,0.0,10.0,10,10,0,0,0,0,0,0
MTOR38SLBXLR,0.0,1.0,1,1,0,0,0,0,0,0
MTOR38TLE2XL004,7.0,13.0,20,20,0,0,0,0,0,0
MTOR38TLELAR004,19.0,16.0,35,35,0,0,0,0,0,0
MTOR38TLEMED004,18.0,17.0,35,35,0,0,0,0,0,0
MTOR38TLESML004,0.0,6.0,6,6,0,0,0,0,0,0
MTOR38TLEXLR004,7.0,17.0,24,24,0,0,0,0,0,0
MTOR38TRNSML,0.0,2.0,2,2,0,0,0,0,0,0
MTOR38TSP2XL,0.0,1.0,1,1,0,0,0,0,0,0
MTOR38TSP2XL002,12.0,11.0,23,23,0,0,0,0,0,0
MTOR38TSPLAR,0.0,1.0,1,1,0,0,0,0,0,0
MTOR38TSPLAR002,0.0,6.0,6,6,0,0,0,0,0,0
MTOR38TSPMED,0.0,10.0,10,10,0,0,0,0,0,0
MTOR38TSPMED002,0.0,11.0,11,11,0,0,0,0,0,0
MTOR38TSPSML,1.0,14.0,15,15,0,0,0,0,0,0
MTOR38TSPSML002,6.0,10.0,16,16,0,0,0,0,0,0
MTOR38TSPXLR,0.0,3.0,3,3,0,0,0,0,0,0
MTOR38TSPXLR002,0.0,10.0,10,10,0,0,0,0,0,0
MTOR38UGY2XL005,18.0,16.0,34,34,0,0,0,0,0,0
MTOR38UGYLAR005,0.0,6.0,6,6,0,0,0,0,0,0
MTOR38UGYLAR005425,1.0,27.0,28,24,0,4,4,2,2,0
MTOR38UGYMED005,20.0,10.0,30,30,0,0,0,0,0,0
MTOR38UGYMED005425,0.0,33.0,33,28,0,5,5,2,2,1
MTOR38UGYSML005,11.0,18.0,29,29,0,0,0,0,0,0
MTOR38UGYSML005425,0.0,1.0,1,1,0,0,0,0,0,0
MTOR38UGYXLR005,30.0,17.0,47,47,0,0,0,0,0,0
MTOR38UGYXLR005425,0.0,23.0,23,20,0,3,3,1,1,1
MTOR38VIO2XL005,0.0,3.0,3,3,0,0,0,0,0,0
MTOR38VIOLAR005,0.0,1.0,1,1,0,0,0,0,0,0
MTOR38VIOLAR005425,0.0,10.0,10,10,0,0,0,0,0,0
MTOR38VIOMED005,0.0,13.0,13,13,0,0,0,0,0,0
MTOR38VIOMED005425,6.0,18.0,24,24,0,0,0,0,0,0
MTOR38VIOSML005,19.0,13.0,32,32,0,0,0,0,0,0
MTOR38VIOSML005425,0.0,7.0,7,7,0,0,0,0,0,0
MTOR38VIOXLR005,0.0,2.0,2,2,0,0,0,0,0,0
MTOR38VIOXLR005425,17.0,13.0,30,30,0,0,0,0,0,0
MTOR38WHT2XL,0.0,2.0,2,2,0,0,0,0,0,0
MTOR38WHT2XL003,26.0,11.0,37,37,0,0,0,0,0,0
MTOR38WHT2XL005,0.0,9.0,9,9,0,0,0,0,0,0
MTOR38WHTLAR,0.0,0.0,0,0,0,0,0,0,0,0
MTOR38WHTLAR003,0.0,5.0,5,5,0,0,0,0,0,0
MTOR38WHTLAR005,0.0,0.0,0,0,0,0,0,0,0,0
MTOR38WHTLAR005425,19.0,11.0,30,30,0,0,0,0,0,0
MTOR38WHTMED,0.0,1.0,1,1,0,0,0,0,0,0
MTOR38WHTMED003,0.0,2.0,2,2,0,0,0,0,0,0
MTOR38WHTMED005,0.0,1.0,1,1,0,0,0,0,0,0
MTOR38WHTMED005425,14.0,13.0,27,27,0,0,0,0,0,0
MTOR38WHTSML,14.0,10.0,24,24,0,0,0,0,0,0
MTOR38WHTSML003,0.0,4.0,4,4,0,0,0,0,0,0
MTOR38WHTSML005,8.0,18.0,26,26,0,0,0,0,0,0
MTOR38WHTSML005425,0.0,5.0,5,5,0,0,0,0,0,0
MTOR38WHTXLR,0.0,4.0,4,4,0,0,0,0,0,0
MTOR38WHTXLR003,9.0,11.0,20,20,0,0,0,0,0,0
MTOR38WHTXLR005,0.0,0.0,0,0,0,0,0,0,0,0
MTOR38WHTXLR005425,5.0,19.0,24,24,0,0,0,0,0,0
MTOR40AGM2XL,0.0,0.0,0,0,0,0,0,0,0,0
MTOR40AGM2XL399,2.0,12.0,14,14,0,0,0,0,0,0
MTOR40AGM3XL,0.0,2.0,2,2,0,0,0,0,0,0
MTOR40AGM4XL,0.0,3.0,3,3,0,0,0,0,0,0
MTOR40AGM5XL,0.0,7.0,7,7,0,0,0,0,0,0
MTOR40AGMLAR,0.0,0.0,0,0,0,0,0,0,0,0
MTOR40AGMLAR399,0.0,0.0,0,0,0,0,0,0,0,0
MTOR40AGMMED,0.0,0.0,0,0,0,0,0,0,0,0
MTOR40AGMMED399,0.0,1.0,1,1,0,0,0,0,0,0
MTOR40AGMSML399,0.0,0.0,0,0,0,0,0,0,0,0
MTOR40AGMXLR,0.0,1.0,1,1,0,0,0,0,0,0
MTOR40AGMXLR399,0.0,0.0,0,0,0,0,0,0,0,0
MTOR40ASM2XL,0.0,9.0,9,9,0,0,0,0,0,0
MTOR40ASMLAR,0.0,12.0,12,12,0,0,0,0,0,0
MTOR40BCM2XL,0.0,11.0,11,11,0,0,0,0,0,0
MTOR40BCMLAR,0.0,9.0,9,9,0,0,0,0,0,0
MTOR40BCMMED,0.0,3.0,3,3,0,0,0,0,0,0
MTOR40BLM2XL399,0.0,0.0,0,0,0,0,0,0,0,0
MTOR40BLM3XL,0.0,35.0,35,30,0,5,5,2,2,1
MTOR40BLM4XL,0.0,30.0,30,26,0,4,4,2,2,0
MTOR40BLM5XL,0.0,31.0,31,27,0,4,4,2,2,0
MTOR40BLMLAR399,0.0,0.0,0,0,0,0,0,0,0,0
MTOR40BLMMED,0.0,0.0,0,0,0,0,0,0,0,0
MTOR40BLMMED399,0.0,0.0,0,0,0,0,0,0,0,0
MTOR40BLMSML399,0.0,0.0,0,0,0,0,0,0,0,0
MTOR40BLMXLR399,0.0,0.0,0,0,0,0,0,0,0,0
MTOR40BMM2XL,0.0,5.0,5,5,0,0,0,0,0,0
MTOR40BMM2XL399,0.0,1.0,1,1,0,0,0,0,0,0
MTOR40BMMLAR,0.0,7.0,7,7,0,0,0,0,0,0
MTOR40BMMLAR399,0.0,0.0,0,0,0,0,0,0,0,0
MTOR40BMMMED,0.0,2.0,2,2,0,0,0,0,0,0
MTOR40BMMMED399,0.0,2.0,2,2,0,0,0,0,0,0
MTOR40BMMSML,0.0,7.0,7,7,0,0,0,0,0,0
MTOR40BMMXLR,10.0,10.0,20,20,0,0,0,0,0,0
MTOR40BMMXLR399,0.0,8.0,8,8,0,0,0,0,0,0
MTOR40BOM5XL,0.0,2.0,2,2,0,0,0,0,0,0
MTOR40CFM2XL399,0.0,5.0,5,5,0,0,0,0,0,0
MTOR40CFM3XL,0.0,0.0,0,0,0,0,0,0,0,0
MTOR40CFM4XL,0.0,6.0,6,6,0,0,0,0,0,0
MTOR40CFM5XL,0.0,11.0,11,11,0,0,0,0,0,0
MTOR40CFMLAR,0.0,1.0,1,1,0,0,0,0,0,0
MTOR40CFMLAR399,1.0,10.0,11,11,0,0,0,0,0,0
MTOR40CFMMED,0.0,3.0,3,3,0,0,0,0,0,0
MTOR40CFMMED399,9.0,11.0,20,20,0,0,0,0,0,0
MTOR40CFMSML,0.0,2.0,2,2,0,0,0,0,0,0
MTOR40CFMXLR,0.0,0.0,0,0,0,0,0,0,0,0
MTOR40CFMXLR399,0.0,0.0,0,0,0,0,0,0,0,0
MTOR40CME2XL,0.0,1.0,1,1,0,0,0,0,0,0
MTOR40CME2XL399,0.0,0.0,0,0,0,0,0,0,0,0
MTOR40CME3XL,0.0,1.0,1,1,0,0,0,0,0,0
MTOR40CME4XL,0.0,0.0,0,0,0,0,0,0,0,0
MTOR40CME5XL,0.0,9.0,9,9,0,0,0,0,0,0
MTOR40CMELAR399,0.0,3.0,3,3,0,0,0,0,0,0
MTOR40CMEMED399,0.0,9.0,9,9,0,0,0,0,0,0
MTOR40CMEXLR399,0.0,6.0,6,6,0,0,0,0,0,0
MTOR40COMSML,0.0,3.0,3,3,0,0,0,0,0,0
MTOR40CRMMED,0.0,0.0,0,0,0,0,0,0,0,0
MTOR40CRMSML,0.0,1.0,1,1,0,0,0,0,0,0
MTOR40CTM5XL,0.0,1.0,1,1,0,0,0,0,0,0
MTOR40CTMLAR,0.0,0.0,0,0,0,0,0,0,0,0
MTOR40CTMSML,0.0,5.0,5,5,0,0,0,0,0,0
MTOR40DCM5XL,0.0,1.0,1,1,0,0,0,0,0,0
MTOR40DCMLAR,0.0,0.0,0,0,0,0,0,0,0,0
MTOR40DCMSML,0.0,1.0,1,1,0,0,0,0,0,0
MTOR40DMMSML,0.0,1.0,1,1,0,0,0,0,0,0
MTOR40DPM2XL,0.0,2.0,2,2,0,0,0,0,0,0
MTOR40DPMLAR,0.0,0.0,0,0,0,0,0,0,0,0
MTOR40DPMMED,0.0,1.0,1,1,0,0,0,0,0,0
MTOR40DPMSML,3.0,13.0,16,16,0,0,0,0,0,0
MTOR40DPMXLR,0.0,3.0,3,3,0,0,0,0,0,0
MTOR40DRMMED,0.0,3.0,3,3,0,0,0,0,0,0
MTOR40FXM2XL,0.0,2.0,2,2,0,0,0,0,0,0
MTOR40FXMLAR,0.0,0.0,0,0,0,0,0,0,0,0
MTOR40FXMMED,0.0,1.0,1,1,0,0,0,0,0,0
MTOR40FXMSML,0.0,2.0,2,2,0,0,0,0,0,0
MTOR40GCM3XL,0.0,29.0,29,25,0,4,4,2,2,0
MTOR40GCM4XL,0.0,27.0,27,23,0,4,4,2,2,0
MTOR40GCM5XL,0.0,24.0,24,20,0,4,4,2,2,0
MTOR40GRM2XL,0.0,0.0,0,0,0,0,0,0,0,0
MTOR40GRMLAR,0.0,4.0,4,4,0,0,0,0,0,0
MTOR40GRMMED,0.0,38.0,38,32,0,6,6,3,2,1
MTOR40GRMSML,0.0,3.0,3,3,0,0,0,0,0,0
MTOR40GRMXLR,0.0,24.0,24,20,0,4,4,2,2,0
MTOR40GVM2XL,0.0,0.0,0,0,0,0,0,0,0,0
MTOR40GVMLAR,0.0,0.0,0,0,0,0,0,0,0,0
MTOR40GVMMED,0.0,0.0,0,0,0,0,0,0,0,0
MTOR40GVMSML,0.0,0.0,0,0,0,0,0,0,0,0
MTOR40GVMXLR,0.0,0.0,0,0,0,0,0,0,0,0
MTOR40HBM5XL,0.0,0.0,0,0,0,0,0,0,0,0
MTOR40HTM2XL,0.0,0.0,0,0,0,0,0,0,0,0
MTOR40HTMLAR,0.0,0.0,0,0,0,0,0,0,0,0
MTOR40HTMMED,0.0,1.0,1,1,0,0,0,0,0,0
MTOR40HTMSML,0.0,0.0,0,0,0,0,0,0,0,0
MTOR40IGM2XL,0.0,9.0,9,9,0,0,0,0,0,0
MTOR40IGMLAR,12.0,10.0,22,22,0,0,0,0,0,0
MTOR40IGMMED,8.0,20.0,28,28,0,0,0,0,0,0
MTOR40IGMSML,20.0,18.0,38,38,0,0,0,0,0,0
MTOR40IGMXLR,2.0,16.0,18,18,0,0,0,0,0,0
MTOR40LCMSML,0.0,1.0,1,1,0,0,0,0,0,0
MTOR40LGM2XL,1.0,11.0,12,12,0,0,0,0,0,0
MTOR40LGM3XL,0.0,7.0,7,7,0,0,0,0,0,0
MTOR40LGM4XL,0.0,21.0,21,20,0,1,1,0,0,1
MTOR40LGM5XL,0.0,7.0,7,7,0,0,0,0,0,0
MTOR40LGMLAR,17.0,10.0,27,27,0,0,0,0,0,0
MTOR40LGMMED,0.0,3.0,3,3,0,0,0,0,0,0
MTOR40LGMSML,7.0,9.0,16,16,0,0,0,0,0,0
MTOR40LGMXLR,28.0,10.0,38,38,0,0,0,0,0,0
MTOR40LLMSML,0.0,4.0,4,4,0,0,0,0,0,0
MTOR40MEMLAR,0.0,7.0,7,7,0,0,0,0,0,0
MTOR40MEMMED,0.0,45.0,45,39,0,6,6,3,2,1
MTOR40MEMSML,0.0,3.0,3,3,0,0,0,0,0,0
MTOR40MEMXLR,0.0,32.0,32,27,0,5,5,2,2,1
MTOR40MME2XL,0.0,3.0,3,3,0,0,0,0,0,0
MTOR40MMELAR,0.0,1.0,1,1,0,0,0,0,0,0
MTOR40MMEMED,0.0,6.0,6,6,0,0,0,0,0,0
MTOR40MMESML,0.0,0.0,0,0,0,0,0,0,0,0
MTOR40MMEXLR,0.0,4.0,4,4,0,0,0,0,0,0
MTOR40NAM2XL,0.0,3.0,3,3,0,0,0,0,0,0
MTOR40NAMLAR,0.0,3.0,3,3,0,0,0,0,0,0
MTOR40NAMMED,0.0,10.0,10,10,0,0,0,0,0,0
MTOR40NAMSML,0.0,7.0,7,7,0,0,0,0,0,0
MTOR40NAMXLR,0.0,1.0,1,1,0,0,0,0,0,0
MTOR40NBM2XL,0.0,10.0,10,10,0,0,0,0,0,0
MTOR40NBM2XL399,0.0,1.0,1,1,0,0,0,0,0,0
MTOR40NBMLAR399,0.0,1.0,1,1,0,0,0,0,0,0
MTOR40NBMMED,0.0,8.0,8,8,0,0,0,0,0,0
MTOR40NBMMED399,0.0,3.0,3,3,0,0,0,0,0,0
MTOR40NBMSML,2.0,10.0,12,12,0,0,0,0,0,0
MTOR40NBMSML399,0.0,0.0,0,0,0,0,0,0,0,0
MTOR40NBMXLR399,0.0,8.0,8,8,0,0,0,0,0,0
MTOR40NVM5XL,0.0,0.0,0,0,0,0,0,0,0,0
MTOR40NVMLAR,0.0,0.0,0,0,0,0,0,0,0,0
MTOR40NVMMED,0.0,16.0,16,16,0,0,0,0,0,0
MTOR40NVMSML,0.0,19.0,19,19,0,0,0,0,0,0
MTOR40OBM2XL,0.0,7.0,7,7,0,0,0,0,0,0
MTOR40OBMLAR,0.0,0.0,0,0,0,0,0,0,0,0
MTOR40OBMMED,0.0,1.0,1,1,0,0,0,0,0,0
MTOR40OBMSML,0.0,0.0,0,0,0,0,0,0,0,0
MTOR40OBMXLR,0.0,6.0,6,6,0,0,0,0,0,0
MTOR40OGM2XL,0.0,0.0,0,0,0,0,0,0,0,0
MTOR40OGMLAR,0.0,1.0,1,1,0,0,0,0,0,0
MTOR40OGMSML,11.0,10.0,21,21,0,0,0,0,0,0
MTOR40OGMXLR,0.0,2.0,2,2,0,0,0,0,0,0
MTOR40PLM2XL,0.0,2.0,2,2,0,0,0,0,0,0
MTOR40PLM2XL399,24.0,10.0,34,34,0,0,0,0,0,0
MTOR40PLMLAR399,6.0,52.0,58,50,0,8,8,4,3,1
MTOR40PLMMED399,35.0,14.0,49,44,5,0,5,2,2,1
MTOR40PLMXLR399,0.0,0.0,0,0,0,0,0,0,0,0
MTOR40PME2XL,0.0,7.0,7,7,0,0,0,0,0,0
MTOR40PMELAR,0.0,2.0,2,2,0,0,0,0,0,0
MTOR40PMEMED,7.0,15.0,22,22,0,0,0,0,0,0
MTOR40PMESML,15.0,18.0,33,33,0,0,0,0,0,0
MTOR40PMEXLR,0.0,15.0,15,15,0,0,0,0,0,0
MTOR40RVMSML,0.0,4.0,4,4,0,0,0,0,0,0
MTOR40SGE2XL,0.0,2.0,2,2,0,0,0,0,0,0
MTOR40SGEMED,0.0,3.0,3,3,0,0,0,0,0,0
MTOR40SGESML,0.0,12.0,12,12,0,0,0,0,0,0
MTOR40SGMSML,0.0,1.0,1,1,0,0,0,0,0,0
MTOR40SKM2XL399,0.0,28.0,28,24,0,4,4,2,2,0
MTOR40SKMLAR399,0.0,0.0,0,0,0,0,0,0,0,0
MTOR40SKMMED,0.0,1.0,1,1,0,0,0,0,0,0
MTOR40SKMMED399,0.0,17.0,17,17,0,0,0,0,0,0
MTOR40SKMXLR399,0.0,0.0,0,0,0,0,0,0,0,0
MTOR40SLMSML,0.0,1.0,1,1,0,0,0,0,0,0
MTOR40SME2XL,0.0,2.0,2,2,0,0,0,0,0,0
MTOR40SMELAR,0.0,4.0,4,4,0,0,0,0,0,0
MTOR40SMEMED,7.0,12.0,19,19,0,0,0,0,0,0
MTOR40SMESML,0.0,11.0,11,11,0,0,0,0,0,0
MTOR40SPMSML,0.0,4.0,4,4,0,0,0,0,0,0
MTOR40SYM2XL,0.0,0.0,0,0,0,0,0,0,0,0
MTOR40SYM2XL399,0.0,0.0,0,0,0,0,0,0,0,0
MTOR40SYM3XL,0.0,47.0,47,40,0,7,7,3,3,1
MTOR40SYM4XL,0.0,47.0,47,40,0,7,7,3,3,1
MTOR40SYM5XL,0.0,51.0,51,44,0,7,7,3,3,1
MTOR40SYMLAR,0.0,0.0,0,0,0,0,0,0,0,0
MTOR40SYMLAR399,0.0,0.0,0,0,0,0,0,0,0,0
MTOR40SYMMED399,0.0,0.0,0,0,0,0,0,0,0,0
MTOR40SYMSML,0.0,17.0,17,17,0,0,0,0,0,0
MTOR40SYMSML399,0.0,0.0,0,0,0,0,0,0,0,0
MTOR40SYMXLR,0.0,9.0,9,9,0,0,0,0,0,0
MTOR40SYMXLR399,0.0,0.0,0,0,0,0,0,0,0,0
MTOR40TAMMED,0.0,0.0,0,0,0,0,0,0,0,0
MTOR40TAMSML,0.0,5.0,5,5,0,0,0,0,0,0
MTOR40TCM2XL,0.0,0.0,0,0,0,0,0,0,0,0
MTOR40TCM5XL,0.0,2.0,2,2,0,0,0,0,0,0
MTOR40TCMMED,0.0,1.0,1,1,0,0,0,0,0,0
MTOR40TCMSML,0.0,13.0,13,13,0,0,0,0,0,0
MTOR40TGM2XL,0.0,7.0,7,7,0,0,0,0,0,0
MTOR40TGM2XL399,0.0,10.0,10,10,0,0,0,0,0,0
MTOR40TGM3XL,0.0,0.0,0,0,0,0,0,0,0,0
MTOR40TGM4XL,0.0,1.0,1,1,0,0,0,0,0,0
MTOR40TGM5XL,0.0,6.0,6,6,0,0,0,0,0,0
MTOR40TGMLAR,8.0,10.0,18,18,0,0,0,0,0,0
MTOR40TGMLAR399,0.0,5.0,5,5,0,0,0,0,0,0
MTOR40TGMMED,0.0,6.0,6,6,0,0,0,0,0,0
MTOR40TGMMED399,0.0,7.0,7,7,0,0,0,0,0,0
MTOR40TGMSML,0.0,8.0,8,8,0,0,0,0,0,0
MTOR40TGMXLR,2.0,10.0,12,12,0,0,0,0,0,0
MTOR40TGMXLR399,0.0,6.0,6,6,0,0,0,0,0,0
MTOR40TLM2XL399,0.0,0.0,0,0,0,0,0,0,0,0
MTOR40TLMLAR399,0.0,0.0,0,0,0,0,0,0,0,0
MTOR40TLMMED399,0.0,0.0,0,0,0,0,0,0,0,0
MTOR40TLMSML399,0.0,0.0,0,0,0,0,0,0,0,0
MTOR40TLMXLR399,0.0,0.0,0,0,0,0,0,0,0,0
MTOR40TME3XL,0.0,5.0,5,5,0,0,0,0,0,0
MTOR40TME4XL,0.0,6.0,6,6,0,0,0,0,0,0
MTOR40TME5XL,0.0,11.0,11,11,0,0,0,0,0,0
MTOR40WDM2XL,0.0,7.0,7,7,0,0,0,0,0,0
MTOR40WDMLAR,0.0,0.0,0,0,0,0,0,0,0,0
MTOR40WDMMED,2.0,15.0,17,17,0,0,0,0,0,0
MTOR40WDMSML,0.0,4.0,4,4,0,0,0,0,0,0
MTOR40WDMXLR,0.0,13.0,13,13,0,0,0,0,0,0
MTOR40WGM2XL,0.0,1.0,1,1,0,0,0,0,0,0
MTOR40WGMLAR,0.0,6.0,6,6,0,0,0,0,0,0
MTOR40WGMMED,0.0,4.0,4,4,0,0,0,0,0,0
MTOR40WGMSML,0.0,4.0,4,4,0,0,0,0,0,0
MTOR41AGM2XL,21.0,10.0,31,31,0,0,0,0,0,0
MTOR41AGMLAR,64.0,48.0,112,72,24,16,40,19,16,5
MTOR41AGMMED,17.0,10.0,27,27,0,0,0,0,0,0
MTOR41AGMSML,0.0,0.0,0,0,0,0,0,0,0,0
MTOR41AGMXLR,68.0,45.0,113,72,25,16,41,19,16,6
MTOR41AQLLAR2PK,0.0,1.0,1,1,0,0,0,0,0,0
MTOR41AQLMED2PK,0.0,2.0,2,2,0,0,0,0,0,0
MTOR41AQLXLR2PK,0.0,2.0,2,2,0,0,0,0,0,0
MTOR41ASMMED,0.0,38.0,38,32,0,6,6,3,2,1
MTOR41ASMXLR,0.0,1.0,1,1,0,0,0,0,0,0
MTOR41BALXLR2PK,0.0,2.0,2,2,0,0,0,0,0,0
MTOR41BFMLAR,0.0,5.0,5,5,0,0,0,0,0,0
MTOR41BFMMED,0.0,93.0,93,80,0,13,13,6,5,2
MTOR41BFMSML,0.0,2.0,2,2,0,0,0,0,0,0
MTOR41BLCLAR2PK,0.0,2.0,2,2,0,0,0,0,0,0
MTOR41BLCMED2PK,0.0,1.0,1,1,0,0,0,0,0,0
MTOR41BLCXLR2PK,0.0,1.0,1,1,0,0,0,0,0,0
MTOR41BLKLAR,0.0,19.0,19,19,0,0,0,0,0,0
MTOR41BLKMED,0.0,54.0,54,46,0,8,8,4,3,1
MTOR41BLM2XL004,25.0,11.0,36,36,0,0,0,0,0,0
MTOR41BLMLAR004,108.0,47.0,155,99,34,22,56,26,22,8
MTOR41BLMMED004,64.0,15.0,79,62,17,0,17,8,7,2
MTOR41BLMXLR004,68.0,47.0,115,74,25,16,41,19,16,6
MTOR41BME2XL,0.0,2.0,2,2,0,0,0,0,0,0
MTOR41BMELAR,0.0,4.0,4,4,0,0,0,0,0,0
MTOR41BMEMED,0.0,3.0,3,3,0,0,0,0,0,0
MTOR41BMEXLR,16.0,16.0,32,32,0,0,0,0,0,0
MTOR41BMM2XL,0.0,1.0,1,1,0,0,0,0,0,0
MTOR41BMMLAR,0.0,0.0,0,0,0,0,0,0,0,0
MTOR41BMMMED,0.0,12.0,12,12,0,0,0,0,0,0
MTOR41BMMSML,0.0,15.0,15,15,0,0,0,0,0,0
MTOR41BMMXLR,0.0,3.0,3,3,0,0,0,0,0,0
MTOR41BOM2XL,0.0,4.0,4,4,0,0,0,0,0,0
MTOR41BOMLAR,0.0,0.0,0,0,0,0,0,0,0,0
MTOR41BOMMED,0.0,1.0,1,1,0,0,0,0,0,0
MTOR41BOMSML,0.0,5.0,5,5,0,0,0,0,0,0
MTOR41BOMXLR,0.0,4.0,4,4,0,0,0,0,0,0
MTOR41BRLLAR2PK,0.0,2.0,2,2,0,0,0,0,0,0
MTOR41BRLXLR2PK,0.0,2.0,2,2,0,0,0,0,0,0
MTOR41BRMMED,0.0,35.0,35,30,0,5,5,2,2,1
MTOR41CFM2XL499,0.0,56.0,56,48,0,8,8,4,3,1
MTOR41CFMLAR499,0.0,175.0,175,150,0,25,25,12,10,3
MTOR41CFMMED499,0.0,58.0,58,50,0,8,8,4,3,1
MTOR41CFMXLR499,0.0,176.0,176,151,0,25,25,12,10,3
MTOR41COLLAR,0.0,0.0,0,0,0,0,0,0,0,0
MTOR41COLMED,0.0,0.0,0,0,0,0,0,0,0,0
MTOR41CRBMED,0.0,1.0,1,1,0,0,0,0,0,0
MTOR41DAPLAR2PK,0.0,2.0,2,2,0,0,0,0,0,0
MTOR41DAPMED2PK,0.0,2.0,2,2,0,0,0,0,0,0
MTOR41DCNMED,0.0,0.0,0,0,0,0,0,0,0,0
MTOR41DPM2XL,0.0,0.0,0,0,0,0,0,0,0,0
MTOR41DPMLAR,0.0,0.0,0,0,0,0,0,0,0,0
MTOR41DPMMED,0.0,54.0,54,46,0,8,8,4,3,1
MTOR41DPMXLR,0.0,0.0,0,0,0,0,0,0,0,0
MTOR41DRMMED,0.0,24.0,24,20,0,4,4,2,2,0
MTOR41DUGLAR2PK,0.0,2.0,2,2,0,0,0,0,0,0
MTOR41DUGMED2PK,0.0,2.0,2,2,0,0,0,0,0,0
MTOR41DUGXLR2PK,0.0,2.0,2,2,0,0,0,0,0,0
MTOR41FIGLAR,0.0,0.0,0,0,0,0,0,0,0,0
MTOR41FIGMED,0.0,0.0,0,0,0,0,0,0,0,0
MTOR41GRM2XL,0.0,3.0,3,3,0,0,0,0,0,0
MTOR41GRMLAR,0.0,0.0,0,0,0,0,0,0,0,0
MTOR41GRMMED,0.0,10.0,10,10,0,0,0,0,0,0
MTOR41GRMSML,0.0,15.0,15,15,0,0,0,0,0,0
MTOR41GRMXLR,0.0,1.0,1,1,0,0,0,0,0,0
MTOR41GVMMED,0.0,42.0,42,36,0,6,6,3,2,1
MTOR41HBM2XL,0.0,1.0,1,1,0,0,0,0,0,0
MTOR41HBMLAR,0.0,3.0,3,3,0,0,0,0,0,0
MTOR41HBMMED,0.0,4.0,4,4,0,0,0,0,0,0
MTOR41HBMXLR,0.0,2.0,2,2,0,0,0,0,0,0
MTOR41IGM2XL,0.0,1.0,1,1,0,0,0,0,0,0
MTOR41IGMMED,0.0,1.0,1,1,0,0,0,0,0,0
MTOR41IGMSML,0.0,0.0,0,0,0,0,0,0,0,0
MTOR41IGMXLR,0.0,0.0,0,0,0,0,0,0,0,0
MTOR41LCMMED,0.0,68.0,68,58,0,10,10,5,4,1
MTOR41LGMMED007,0.0,0.0,0,0,0,0,0,0,0,0
MTOR41LRGLAR,0.0,0.0,0,0,0,0,0,0,0,0
MTOR41LRGMED,0.0,0.0,0,0,0,0,0,0,0,0
MTOR41LTGMED,0.0,88.0,88,75,0,13,13,6,5,2
MTOR41LTGSML,0.0,1.0,1,1,0,0,0,0,0,0
MTOR41MEM2XL,0.0,3.0,3,3,0,0,0,0,0,0
MTOR41MEMLAR,0.0,2.0,2,2,0,0,0,0,0,0
MTOR41MEMMED,81.0,33.0,114,76,25,13,38,18,15,5
MTOR41MEMXLR,0.0,0.0,0,0,0,0,0,0,0,0
MTOR41NBM2XL,19.0,10.0,29,29,0,0,0,0,0,0
MTOR41NBMLAR,65.0,47.0,112,72,24,16,40,19,16,5
MTOR41NBMMED,27.0,21.0,48,47,0,1,1,0,0,1
MTOR41NBMSML,0.0,11.0,11,11,0,0,0,0,0,0
MTOR41NBMXLR,65.0,45.0,110,70,24,16,40,19,16,5
MTOR41OBM2XL,0.0,1.0,1,1,0,0,0,0,0,0
MTOR41OBMLAR,0.0,0.0,0,0,0,0,0,0,0,0
MTOR41OBMMED,0.0,21.0,21,20,0,1,1,0,0,1
MTOR41OBMSML,0.0,13.0,13,13,0,0,0,0,0,0
MTOR41OBMXLR,0.0,0.0,0,0,0,0,0,0,0,0
MTOR41PGNMED,0.0,9.0,9,9,0,0,0,0,0,0
MTOR41RVM2XL,0.0,5.0,5,5,0,0,0,0,0,0
MTOR41RVMLAR,0.0,9.0,9,9,0,0,0,0,0,0
MTOR41RVMMED,0.0,5.0,5,5,0,0,0,0,0,0
MTOR41SGMMED004,0.0,0.0,0,0,0,0,0,0,0,0
MTOR41STWMED2PK,0.0,2.0,2,2,0,0,0,0,0,0
MTOR41STWXLR2PK,0.0,1.0,1,1,0,0,0,0,0,0
MTOR41SYM2XL,3.0,11.0,14,14,0,0,0,0,0,0
MTOR41SYMLAR,54.0,51.0,105,67,23,15,38,18,15,5
MTOR41SYMMED,57.0,15.0,72,56,16,0,16,8,6,2
MTOR41SYMXLR,25.0,49.0,74,63,0,11,11,5,4,2
MTOR41TGM2XL,0.0,1.0,1,1,0,0,0,0,0,0
MTOR41TGMLAR,0.0,46.0,46,39,0,7,7,3,3,1
MTOR41TGMMED,0.0,3.0,3,3,0,0,0,0,0,0
MTOR41TGMSML,0.0,4.0,4,4,0,0,0,0,0,0
MTOR41TGMXLR,0.0,1.0,1,1,0,0,0,0,0,0
MTOR41TLM2XL499,0.0,57.0,57,49,0,8,8,4,3,1
MTOR41TLMLAR499,0.0,174.0,174,149,0,25,25,12,10,3
MTOR41TLMMED499,0.0,59.0,59,51,0,8,8,4,3,1
MTOR41TLMXLR499,0.0,174.0,174,149,0,25,25,12,10,3
MTOR41VIM2XL499,0.0,61.0,61,52,0,9,9,4,4,1
MTOR41VIMLAR499,0.0,175.0,175,150,0,25,25,12,10,3
MTOR41VIMMED499,0.0,58.0,58,50,0,8,8,4,3,1
MTOR41VIMXLR499,0.0,243.0,243,208,0,35,35,17,14,4
MTOR41WDM2XL499,0.0,58.0,58,50,0,8,8,4,3,1
MTOR41WDMLAR499,0.0,176.0,176,151,0,25,25,12,10,3
MTOR41WDMMED499,0.0,58.0,58,50,0,8,8,4,3,1
MTOR41WDMXLR499,0.0,174.0,174,149,0,25,25,12,10,3
MTOR41WGMMED004,0.0,3.0,3,3,0,0,0,0,0,0
MTOR47AGM2XL,16.0,44.0,60,51,0,9,9,4,4,1
MTOR47AGMLAR,25.0,50.0,75,64,0,11,11,5,4,2
MTOR47AGMMED,7.0,41.0,48,41,0,7,7,3,3,1
MTOR47AGMSML,32.0,47.0,79,66,2,11,13,6,5,2
MTOR47AGMXLR,0.0,40.0,40,34,0,6,6,3,2,1
MTOR47BCM2XL,0.0,1.0,1,1,0,0,0,0,0,0
MTOR47BEM2XL,0.0,5.0,5,5,0,0,0,0,0,0
MTOR47BEMLAR,0.0,1.0,1,1,0,0,0,0,0,0
MTOR47BEMMED,0.0,1.0,1,1,0,0,0,0,0,0
MTOR47BEMSML,0.0,5.0,5,5,0,0,0,0,0,0
MTOR47BEMXLR,0.0,2.0,2,2,0,0,0,0,0,0
MTOR47BFMXLR,0.0,0.0,0,0,0,0,0,0,0,0
MTOR47BLM2XL,0.0,3.0,3,3,0,0,0,0,0,0
MTOR47BLMSML,0.0,20.0,20,20,0,0,0,0,0,0
MTOR47BME2XL,0.0,4.0,4,4,0,0,0,0,0,0
MTOR47BME2XL469,10.0,20.0,30,30,0,0,0,0,0,0
MTOR47BMELAR,0.0,1.0,1,1,0,0,0,0,0,0
MTOR47BMELAR469,86.0,65.0,151,97,32,22,54,26,21,7
MTOR47BMEMED,0.0,4.0,4,4,0,0,0,0,0,0
MTOR47BMEMED469,57.0,35.0,92,59,20,13,33,16,13,4
MTOR47BMESML,0.0,10.0,10,10,0,0,0,0,0,0
MTOR47BMESML469,47.0,20.0,67,53,14,0,14,7,5,2
MTOR47BMEXLR,0.0,2.0,2,2,0,0,0,0,0,0
MTOR47BMEXLR469,40.0,34.0,74,53,10,11,21,10,8,3
MTOR47BMM2XL,0.0,11.0,11,11,0,0,0,0,0,0
MTOR47BMM2XL469,0.0,2.0,2,2,0,0,0,0,0,0
MTOR47BMMLAR,0.0,2.0,2,2,0,0,0,0,0,0
MTOR47BMMLAR469,34.0,44.0,78,63,4,11,15,7,6,2
MTOR47BMMMED,0.0,2.0,2,2,0,0,0,0,0,0
MTOR47BMMMED469,19.0,34.0,53,45,0,8,8,4,3,1
MTOR47BMMSML,0.0,34.0,34,29,0,5,5,2,2,1
MTOR47BMMSML469,24.0,30.0,54,46,0,8,8,4,3,1
MTOR47BMMXLR,2.0,16.0,18,18,0,0,0,0,0,0
MTOR47BMMXLR469,2.0,16.0,18,18,0,0,0,0,0,0
MTOR47BRM2XL469,0.0,19.0,19,19,0,0,0,0,0,0
MTOR47BRMLAR469,61.0,52.0,113,72,25,16,41,19,16,6
MTOR47BRMMED469,34.0,35.0,69,55,4,10,14,7,5,2
MTOR47BRMSML,0.0,6.0,6,6,0,0,0,0,0,0
MTOR47BRMSML469,26.0,32.0,58,50,0,8,8,4,3,1
MTOR47BRMXLR,0.0,9.0,9,9,0,0,0,0,0,0
MTOR47BRMXLR469,16.0,24.0,40,36,0,4,4,2,2,0
MTOR47CEM2XL,0.0,7.0,7,7,0,0,0,0,0,0
MTOR47CEMMED,0.0,0.0,0,0,0,0,0,0,0,0
MTOR47CFM2XL,31.0,12.0,43,42,1,0,1,0,0,1
MTOR47CFMLAR,15.0,10.0,25,25,0,0,0,0,0,0
MTOR47CFMMED,15.0,10.0,25,25,0,0,0,0,0,0
MTOR47CFMSML,76.0,26.0,102,74,22,6,28,13,11,4
MTOR47CFMXLR,0.0,7.0,7,7,0,0,0,0,0,0
MTOR47CME2XL469,17.0,20.0,37,37,0,0,0,0,0,0
MTOR47CMELAR469,91.0,67.0,158,101,34,23,57,27,22,8
MTOR47CMEMED469,70.0,35.0,105,67,23,15,38,18,15,5
MTOR47CMESML469,39.0,20.0,59,50,9,0,9,4,4,1
MTOR47CMEXLR469,45.0,35.0,80,53,15,12,27,13,10,4
MTOR47CNM2XL,0.0,6.0,6,6,0,0,0,0,0,0
MTOR47CNMLAR,0.0,2.0,2,2,0,0,0,0,0,0
MTOR47CNMMED,0.0,5.0,5,5,0,0,0,0,0,0
MTOR47CNMSML,0.0,7.0,7,7,0,0,0,0,0,0
MTOR47CNMXLR,0.0,4.0,4,4,0,0,0,0,0,0
MTOR47DCMSML,0.0,4.0,4,4,0,0,0,0,0,0
MTOR47DPM2XL,0.0,6.0,6,6,0,0,0,0,0,0
MTOR47DPMSML,0.0,3.0,3,3,0,0,0,0,0,0
MTOR47DPMXLR,0.0,29.0,29,25,0,4,4,2,2,0
MTOR47DRM2XL,0.0,2.0,2,2,0,0,0,0,0,0
MTOR47DRMLAR,0.0,2.0,2,2,0,0,0,0,0,0
MTOR47DRMSML,0.0,19.0,19,19,0,0,0,0,0,0
MTOR47FGM2XL,0.0,3.0,3,3,0,0,0,0,0,0
MTOR47FGMMED,0.0,3.0,3,3,0,0,0,0,0,0
MTOR47FGMSML,0.0,8.0,8,8,0,0,0,0,0,0
MTOR47FGMXLR,0.0,1.0,1,1,0,0,0,0,0,0
MTOR47GRM2XL,0.0,7.0,7,7,0,0,0,0,0,0
MTOR47GRMLAR,0.0,3.0,3,3,0,0,0,0,0,0
MTOR47GRMMED,0.0,2.0,2,2,0,0,0,0,0,0
MTOR47GRMSML,0.0,17.0,17,17,0,0,0,0,0,0
MTOR47GRMXLR,0.0,8.0,8,8,0,0,0,0,0,0
MTOR47GVM2XL,0.0,0.0,0,0,0,0,0,0,0,0
MTOR47GVM2XL469,0.0,21.0,21,20,0,1,1,0,0,1
MTOR47GVMLAR469,45.0,60.0,105,75,15,15,30,14,12,4
MTOR47GVMMED469,22.0,42.0,64,55,0,9,9,4,4,1
MTOR47GVMSML469,36.0,28.0,64,50,6,8,14,7,5,2
MTOR47GVMXLR469,0.0,43.0,43,37,0,6,6,3,2,1
MTOR47IGM2XL,0.0,2.0,2,2,0,0,0,0,0,0
MTOR47IGMLAR,0.0,1.0,1,1,0,0,0,0,0,0
MTOR47IGMMED,0.0,8.0,8,8,0,0,0,0,0,0
MTOR47IGMSML,0.0,0.0,0,0,0,0,0,0,0,0
MTOR47IGMXLR,0.0,1.0,1,1,0,0,0,0,0,0
MTOR47LCM2XL,0.0,3.0,3,3,0,0,0,0,0,0
MTOR47LCMLAR,0.0,5.0,5,5,0,0,0,0,0,0
MTOR47LCMSML,0.0,21.0,21,20,0,1,1,0,0,1
MTOR47LGM2XL,18.0,50.0,68,58,0,10,10,5,4,1
MTOR47LGM2XL469,45.0,14.0,59,46,13,0,13,6,5,2
MTOR47LGMLAR,0.0,0.0,0,0,0,0,0,0,0,0
MTOR47LGMLAR449,12.0,55.0,67,57,0,10,10,5,4,1
MTOR47LGMLAR469,135.0,46.0,181,116,39,26,65,31,25,9
MTOR47LGMMED,22.0,42.0,64,55,0,9,9,4,4,1
MTOR47LGMMED469,90.0,20.0,110,86,24,0,24,11,9,4
MTOR47LGMSML,0.0,8.0,8,8,0,0,0,0,0,0
MTOR47LGMSML449,36.0,49.0,85,67,6,12,18,8,7,3
MTOR47LGMSML469,52.0,14.0,66,52,14,0,14,7,5,2
MTOR47LGMXLR449,11.0,53.0,64,55,0,9,9,4,4,1
MTOR47LGMXLR469,88.0,23.0,111,84,24,3,27,13,10,4
MTOR47MEM2XL,0.0,4.0,4,4,0,0,0,0,0,0
MTOR47MEMLAR,0.0,14.0,14,14,0,0,0,0,0,0
MTOR47MEMMED,0.0,14.0,14,14,0,0,0,0,0,0
MTOR47MEMSML,0.0,12.0,12,12,0,0,0,0,0,0
MTOR47MEMXLR,0.0,13.0,13,13,0,0,0,0,0,0
MTOR47NAM2XL,0.0,4.0,4,4,0,0,0,0,0,0
MTOR47NAMMED,0.0,4.0,4,4,0,0,0,0,0,0
MTOR47NAMSML,0.0,7.0,7,7,0,0,0,0,0,0
MTOR47NAMXLR,0.0,5.0,5,5,0,0,0,0,0,0
MTOR47NBM2XL,25.0,24.0,49,45,0,4,4,2,2,0
MTOR47NBMLAR,0.0,6.0,6,6,0,0,0,0,0,0
MTOR47NBMMED,12.0,18.0,30,30,0,0,0,0,0,0
MTOR47NBMSML,56.0,75.0,131,86,26,19,45,21,18,6
MTOR47NBMXLR,6.0,12.0,18,18,0,0,0,0,0,0
MTOR47NVM2XL,0.0,0.0,0,0,0,0,0,0,0,0
MTOR47NVMMED,0.0,0.0,0,0,0,0,0,0,0,0
MTOR47OBM2XL,30.0,26.0,56,50,0,6,6,3,2,1
MTOR47OBMLAR,25.0,23.0,48,45,0,3,3,1,1,1
MTOR47OBMMED,10.0,11.0,21,21,0,0,0,0,0,0
MTOR47OBMSML,50.0,10.0,60,47,13,0,13,6,5,2
MTOR47OBMXLR,14.0,19.0,33,33,0,0,0,0,0,0
MTOR47OGM2XL,0.0,14.0,14,14,0,0,0,0,0,0
MTOR47OGMLAR,0.0,3.0,3,3,0,0,0,0,0,0
MTOR47OGMMED,0.0,0.0,0,0,0,0,0,0,0,0
MTOR47OGMSML,0.0,6.0,6,6,0,0,0,0,0,0
MTOR47OGMXLR,0.0,15.0,15,15,0,0,0,0,0,0
MTOR47RSM2XL,0.0,1.0,1,1,0,0,0,0,0,0
MTOR47SBM2XL,0.0,2.0,2,2,0,0,0,0,0,0
MTOR47SBMLAR,0.0,0.0,0,0,0,0,0,0,0,0
MTOR47SLM2XL,0.0,2.0,2,2,0,0,0,0,0,0
MTOR47SLMLAR,0.0,5.0,5,5,0,0,0,0,0,0
MTOR47SLMMED,0.0,2.0,2,2,0,0,0,0,0,0
MTOR47SLMSML,0.0,2.0,2,2,0,0,0,0,0,0
MTOR47SLMXLR,0.0,4.0,4,4,0,0,0,0,0,0
MTOR47SYM2XL,35.0,20.0,55,50,5,0,5,2,2,1
MTOR47SYMLAR,2.0,12.0,14,14,0,0,0,0,0,0
MTOR47SYMMED,33.0,11.0,44,41,3,0,3,1,1,1
MTOR47SYMSML,40.0,72.0,112,86,10,16,26,12,10,4
MTOR47SYMXLR,47.0,15.0,62,49,13,0,13,6,5,2
MTOR47TGM2XL,0.0,3.0,3,3,0,0,0,0,0,0
MTOR47TGMLAR,0.0,2.0,2,2,0,0,0,0,0,0
MTOR47TGMMED,0.0,10.0,10,10,0,0,0,0,0,0
MTOR47TGMSML,1.0,20.0,21,21,0,0,0,0,0,0
MTOR47TGMXLR,0.0,7.0,7,7,0,0,0,0,0,0
MTOR47TLM2XL,42.0,13.0,55,43,12,0,12,6,5,1
MTOR47TLM2XL469,43.0,20.0,63,50,13,0,13,6,5,2
MTOR47TLMLAR,0.0,5.0,5,5,0,0,0,0,0,0
MTOR47TLMLAR469,123.0,67.0,190,122,41,27,68,32,26,10
MTOR47TLMMED,1.0,13.0,14,14,0,0,0,0,0,0
MTOR47TLMMED469,85.0,33.0,118,80,25,13,38,18,15,5
MTOR47TLMSML,42.0,21.0,63,50,12,1,13,6,5,2
MTOR47TLMSML469,53.0,15.0,68,54,14,0,14,7,5,2
MTOR47TLMXLR,0.0,5.0,5,5,0,0,0,0,0,0
MTOR47TLMXLR469,85.0,35.0,120,79,26,15,41,19,16,6
MTOR47WDM2XL,25.0,14.0,39,39,0,0,0,0,0,0
MTOR47WDM2XL469,36.0,14.0,50,44,6,0,6,3,2,1
MTOR47WDMLAR,43.0,10.0,53,42,11,0,11,5,4,2
MTOR47WDMLAR469,95.0,29.0,124,88,27,9,36,17,14,5
MTOR47WDMMED,20.0,10.0,30,30,0,0,0,0,0,0
MTOR47WDMMED469,72.0,22.0,94,72,20,2,22,10,9,3
MTOR47WDMSML,2.0,49.0,51,44,0,7,7,3,3,1
MTOR47WDMSML469,52.0,12.0,64,50,14,0,14,7,5,2
MTOR47WDMXLR,16.0,10.0,26,26,0,0,0,0,0,0
MTOR47WDMXLR469,54.0,28.0,82,56,18,8,26,12,10,4
MTOR47WGM2XL,0.0,14.0,14,14,0,0,0,0,0,0
MTOR47WGMMED,0.0,2.0,2,2,0,0,0,0,0,0
MTOR47WGMXLR,0.0,17.0,17,17,0,0,0,0,0,0
MTOR50TLMMED,0.0,0.0,0,0,0,0,0,0,0,0
MTOR51ASH2XL,0.0,0.0,0,0,0,0,0,0,0,0
MTOR51ASHXLR,0.0,1.0,1,1,0,0,0,0,0,0
MTOR51BRDLAR,0.0,3.0,3,3,0,0,0,0,0,0
MTOR51BRDXLR,0.0,1.0,1,1,0,0,0,0,0,0
MTOR60AGY2XL024,0.0,13.0,13,13,0,0,0,0,0,0
MTOR60AGYLAR024,0.0,0.0,0,0,0,0,0,0,0,0
MTOR60AGYMED024,0.0,0.0,0,0,0,0,0,0,0,0
MTOR60AGYSML024,0.0,23.0,23,20,0,3,3,1,1,1
MTOR60AGYXLR024,0.0,13.0,13,13,0,0,0,0,0,0
MTOR60AHM2XL029,0.0,1.0,1,1,0,0,0,0,0,0
MTOR60AHM2XL031,0.0,18.0,18,18,0,0,0,0,0,0
MTOR60AHMLAR029,0.0,0.0,0,0,0,0,0,0,0,0
MTOR60AHMLAR031,0.0,3.0,3,3,0,0,0,0,0,0
MTOR60AHMMED029,0.0,14.0,14,14,0,0,0,0,0,0
MTOR60AHMMED031,0.0,19.0,19,19,0,0,0,0,0,0
MTOR60AHMSML029,0.0,1.0,1,1,0,0,0,0,0,0
MTOR60AHMSML031,0.0,21.0,21,20,0,1,1,0,0,1
MTOR60AHMXLR029,0.0,2.0,2,2,0,0,0,0,0,0
MTOR60AHMXLR031,0.0,15.0,15,15,0,0,0,0,0,0
MTOR60BCM2XL007,0.0,0.0,0,0,0,0,0,0,0,0
MTOR60BCMLAR007,0.0,0.0,0,0,0,0,0,0,0,0
MTOR60BCMMED007,0.0,1.0,1,1,0,0,0,0,0,0
MTOR60BCMSML007,0.0,0.0,0,0,0,0,0,0,0,0
MTOR60BLK2XL020,0.0,0.0,0,0,0,0,0,0,0,0
MTOR60BLK2XL022,0.0,2.0,2,2,0,0,0,0,0,0
MTOR60BLMLAR029,0.0,0.0,0,0,0,0,0,0,0,0
MTOR60BLMMED029,0.0,1.0,1,1,0,0,0,0,0,0
MTOR60BLTLAR021,0.0,0.0,0,0,0,0,0,0,0,0
MTOR60BLTMED010,0.0,0.0,0,0,0,0,0,0,0,0
MTOR60BLTSML021,0.0,1.0,1,1,0,0,0,0,0,0
MTOR60BME3XL001539,85.0,36.0,121,79,26,16,42,20,16,6
MTOR60BME4XL001539,75.0,32.0,107,72,23,12,35,17,14,4
MTOR60BME5XL001539,50.0,22.0,72,54,16,2,18,8,7,3
MTOR60BMMLAR027,0.0,8.0,8,8,0,0,0,0,0,0
MTOR60BMMMED027,0.0,1.0,1,1,0,0,0,0,0,0
MTOR60BMMSML027,0.0,10.0,10,10,0,0,0,0,0,0
MTOR60BMMXLR027,0.0,13.0,13,13,0,0,0,0,0,0
MTOR60BRM3XL001539,25.0,11.0,36,36,0,0,0,0,0,0
MTOR60BRM4XL001539,50.0,22.0,72,54,16,2,18,8,7,3
MTOR60BRM5XL001539,76.0,32.0,108,73,23,12,35,17,14,4
MTOR60CB2MED006,0.0,7.0,7,7,0,0,0,0,0,0
MTOR60CB2XLR006,0.0,3.0,3,3,0,0,0,0,0,0
MTOR60CBM2XL007,0.0,0.0,0,0,0,0,0,0,0,0
MTOR60CBM3XL007,0.0,0.0,0,0,0,0,0,0,0,0
MTOR60CBMLAR007,4.0,11.0,15,15,0,0,0,0,0,0
MTOR60CBMMED007,9.0,23.0,32,29,0,3,3,1,1,1
MTOR60CBMSML007,0.0,11.0,11,11,0,0,0,0,0,0
MTOR60CBMXLR007,0.0,2.0,2,2,0,0,0,0,0,0
MTOR60CFBMED014,0.0,0.0,0,0,0,0,0,0,0,0
MTOR60CGM2XL026,0.0,3.0,3,3,0,0,0,0,0,0
MTOR60CGM2XL026449,0.0,8.0,8,8,0,0,0,0,0,0
MTOR60CGMLAR026449,11.0,10.0,21,21,0,0,0,0,0,0
MTOR60CGMMED026,0.0,0.0,0,0,0,0,0,0,0,0
MTOR60CGMMED026449,0.0,1.0,1,1,0,0,0,0,0,0
MTOR60CGMSML026449,14.0,15.0,29,29,0,0,0,0,0,0
MTOR60CGMXLR026,0.0,1.0,1,1,0,0,0,0,0,0
MTOR60CGMXLR026449,0.0,10.0,10,10,0,0,0,0,0,0
MTOR60CME2XL031,0.0,6.0,6,6,0,0,0,0,0,0
MTOR60CME2XL034449,21.0,10.0,31,31,0,0,0,0,0,0
MTOR60CME3XL001539,93.0,49.0,142,91,31,20,51,24,20,7
MTOR60CME4XL001539,56.0,32.0,88,57,19,12,31,15,12,4
MTOR60CME5XL001539,56.0,32.0,88,57,19,12,31,15,12,4
MTOR60CMELAR029,0.0,0.0,0,0,0,0,0,0,0,0
MTOR60CMELAR034449,0.0,5.0,5,5,0,0,0,0,0,0
MTOR60CMEMED031,0.0,19.0,19,19,0,0,0,0,0,0
MTOR60CMEMED034449,15.0,10.0,25,25,0,0,0,0,0,0
MTOR60CMESML029,0.0,3.0,3,3,0,0,0,0,0,0
MTOR60CMESML031,2.0,15.0,17,17,0,0,0,0,0,0
MTOR60CMEXLR029,0.0,0.0,0,0,0,0,0,0,0,0
MTOR60CMEXLR031,0.0,11.0,11,11,0,0,0,0,0,0
MTOR60CMEXLR034449,0.0,6.0,6,6,0,0,0,0,0,0
MTOR60CTFMED024,0.0,1.0,1,1,0,0,0,0,0,0
MTOR60CTM2XL026449,0.0,0.0,0,0,0,0,0,0,0,0
MTOR60CTMLAR026,0.0,0.0,0,0,0,0,0,0,0,0
MTOR60CTMLAR026449,0.0,1.0,1,1,0,0,0,0,0,0
MTOR60CTMMED026,0.0,0.0,0,0,0,0,0,0,0,0
MTOR60CTMMED026449,0.0,0.0,0,0,0,0,0,0,0,0
MTOR60CTMSML025,0.0,2.0,2,2,0,0,0,0,0,0
MTOR60CTMSML026449,0.0,0.0,0,0,0,0,0,0,0,0
MTOR60CTMXLR025,0.0,0.0,0,0,0,0,0,0,0,0
MTOR60CTMXLR026449,0.0,13.0,13,13,0,0,0,0,0,0
MTOR60DCN2XL014,0.0,5.0,5,5,0,0,0,0,0,0
MTOR60DCN3XL014,0.0,0.0,0,0,0,0,0,0,0,0
MTOR60DCNLAR014,0.0,4.0,4,4,0,0,0,0,0,0
MTOR60DCNMED014,9.0,0.0,9,9,0,0,0,0,0,0
MTOR60DCNSML014,0.0,0.0,0,0,0,0,0,0,0,0
MTOR60DCNXLR014,7.0,1.0,8,8,0,0,0,0,0,0
MTOR60DPM2XL028,0.0,2.0,2,2,0,0,0,0,0,0
MTOR60DPMLAR028,0.0,0.0,0,0,0,0,0,0,0,0
MTOR60DPMMED028,0.0,4.0,4,4,0,0,0,0,0,0
MTOR60DPMSML028,0.0,11.0,11,11,0,0,0,0,0,0
MTOR60DPMXLR027,0.0,2.0,2,2,0,0,0,0,0,0
MTOR60DPMXLR028,0.0,3.0,3,3,0,0,0,0,0,0
MTOR60DRE2XL022,0.0,3.0,3,3,0,0,0,0,0,0
MTOR60FIGMED023,0.0,3.0,3,3,0,0,0,0,0,0
MTOR60GCM2XL034449,21.0,10.0,31,31,0,0,0,0,0,0
MTOR60GCM3XL001539,55.0,32.0,87,56,19,12,31,15,12,4
MTOR60GCM4XL001539,81.0,43.0,124,79,27,18,45,21,18,6
MTOR60GCM5XL001539,0.0,0.0,0,0,0,0,0,0,0,0
MTOR60GCMLAR034449,0.0,5.0,5,5,0,0,0,0,0,0
MTOR60GCMMED034449,14.0,10.0,24,24,0,0,0,0,0,0
MTOR60GCMXLR034449,0.0,5.0,5,5,0,0,0,0,0,0
MTOR60GJD2XL024,0.0,5.0,5,5,0,0,0,0,0,0
MTOR60GJDLAR024,0.0,0.0,0,0,0,0,0,0,0,0
MTOR60GJDMED024,0.0,1.0,1,1,0,0,0,0,0,0
MTOR60GJDSML024,0.0,23.0,23,20,0,3,3,1,1,1
MTOR60GJDXLR024,0.0,16.0,16,16,0,0,0,0,0,0
MTOR60GRM2XL027,0.0,5.0,5,5,0,0,0,0,0,0
MTOR60GRMLAR027,0.0,19.0,19,19,0,0,0,0,0,0
MTOR60GRMSML027,0.0,12.0,12,12,0,0,0,0,0,0
MTOR60GRMXLR027,0.0,11.0,11,11,0,0,0,0,0,0
MTOR60GVE2XL022,0.0,2.0,2,2,0,0,0,0,0,0
MTOR60GVESML024,0.0,1.0,1,1,0,0,0,0,0,0
MTOR60HBE2XL024,0.0,0.0,0,0,0,0,0,0,0,0
MTOR60HBESML024,0.0,1.0,1,1,0,0,0,0,0,0
MTOR60HBM2XL026,0.0,0.0,0,0,0,0,0,0,0,0
MTOR60HBM2XL026449,0.0,0.0,0,0,0,0,0,0,0,0
MTOR60HBMLAR026,0.0,1.0,1,1,0,0,0,0,0,0
MTOR60HBMLAR026449,12.0,10.0,22,22,0,0,0,0,0,0
MTOR60HBMMED025,0.0,0.0,0,0,0,0,0,0,0,0
MTOR60HBMMED026,0.0,0.0,0,0,0,0,0,0,0,0
MTOR60HBMMED026449,0.0,0.0,0,0,0,0,0,0,0,0
MTOR60HBMSML025,0.0,5.0,5,5,0,0,0,0,0,0
MTOR60HBMSML026449,10.0,31.0,41,35,0,6,6,3,2,1
MTOR60HBMXLR025,0.0,0.0,0,0,0,0,0,0,0,0
MTOR60HBMXLR026,0.0,1.0,1,1,0,0,0,0,0,0
MTOR60HBMXLR026449,14.0,10.0,24,24,0,0,0,0,0,0
MTOR60IRG2XL022,0.0,2.0,2,2,0,0,0,0,0,0
MTOR60IRGMED024,0.0,1.0,1,1,0,0,0,0,0,0
MTOR60IRGSML024,0.0,1.0,1,1,0,0,0,0,0,0
MTOR60KHI2XL022,0.0,3.0,3,3,0,0,0,0,0,0
MTOR60KHISML024,0.0,2.0,2,2,0,0,0,0,0,0
MTOR60KME2XL025,0.0,0.0,0,0,0,0,0,0,0,0
MTOR60KME2XL026,0.0,1.0,1,1,0,0,0,0,0,0
MTOR60KME2XL026449,0.0,0.0,0,0,0,0,0,0,0,0
MTOR60KMELAR026,0.0,1.0,1,1,0,0,0,0,0,0
MTOR60KMELAR026449,0.0,13.0,13,13,0,0,0,0,0,0
MTOR60KMELAR028,0.0,0.0,0,0,0,0,0,0,0,0
MTOR60KMEMED026,0.0,3.0,3,3,0,0,0,0,0,0
MTOR60KMEMED026449,0.0,1.0,1,1,0,0,0,0,0,0
MTOR60KMEMED028,0.0,0.0,0,0,0,0,0,0,0,0
MTOR60KMESML025,0.0,2.0,2,2,0,0,0,0,0,0
MTOR60KMESML026449,0.0,31.0,31,27,0,4,4,2,2,0
MTOR60KMESML028,0.0,3.0,3,3,0,0,0,0,0,0
MTOR60KMEXLR026449,0.0,0.0,0,0,0,0,0,0,0,0
MTOR60KMEXLR028,0.0,0.0,0,0,0,0,0,0,0,0
MTOR60LAM2XL029,0.0,1.0,1,1,0,0,0,0,0,0
MTOR60LAM2XL031,0.0,7.0,7,7,0,0,0,0,0,0
MTOR60LAMLAR029,10.0,11.0,21,21,0,0,0,0,0,0
MTOR60LAMLAR031,0.0,14.0,14,14,0,0,0,0,0,0
MTOR60LAMMED029,0.0,8.0,8,8,0,0,0,0,0,0
MTOR60LAMMED031,0.0,9.0,9,9,0,0,0,0,0,0
MTOR60LAMSML029,0.0,5.0,5,5,0,0,0,0,0,0
MTOR60LAMSML031,0.0,10.0,10,10,0,0,0,0,0,0
MTOR60LAMXLR029,0.0,1.0,1,1,0,0,0,0,0,0
MTOR60LAMXLR031,5.0,11.0,16,16,0,0,0,0,0,0
MTOR60LEM2XL026,0.0,1.0,1,1,0,0,0,0,0,0
MTOR60LEM2XL026449,0.0,1.0,1,1,0,0,0,0,0,0
MTOR60LEMLAR026,0.0,0.0,0,0,0,0,0,0,0,0
MTOR60LEMLAR026449,0.0,11.0,11,11,0,0,0,0,0,0
MTOR60LEMSML026449,0.0,38.0,38,32,0,6,6,3,2,1
MTOR60LEMXLR026,0.0,0.0,0,0,0,0,0,0,0,0
MTOR60LEMXLR026449,0.0,0.0,0,0,0,0,0,0,0,0
MTOR60LRG2XL014,0.0,0.0,0,0,0,0,0,0,0,0
MTOR60LRG2XL019,0.0,2.0,2,2,0,0,0,0,0,0
MTOR60LRGLAR014,0.0,0.0,0,0,0,0,0,0,0,0
MTOR60LRGLAR019,0.0,0.0,0,0,0,0,0,0,0,0
MTOR60LRGMED014,0.0,6.0,6,6,0,0,0,0,0,0
MTOR60LRGMED019,0.0,4.0,4,4,0,0,0,0,0,0
MTOR60LRGSML014,0.0,0.0,0,0,0,0,0,0,0,0
MTOR60LRGSML019,0.0,11.0,11,11,0,0,0,0,0,0
MTOR60LRGXLR014,0.0,0.0,0,0,0,0,0,0,0,0
MTOR60LRGXLR019,0.0,0.0,0,0,0,0,0,0,0,0
MTOR60LTG2XL023,0.0,5.0,5,5,0,0,0,0,0,0
MTOR60LTGLAR023,0.0,0.0,0,0,0,0,0,0,0,0
MTOR60LTGSML023,0.0,2.0,2,2,0,0,0,0,0,0
MTOR60MBG2XL025,0.0,4.0,4,4,0,0,0,0,0,0
MTOR60MBGMED025,0.0,2.0,2,2,0,0,0,0,0,0
MTOR60MBGSML025,0.0,0.0,0,0,0,0,0,0,0,0
MTOR60MBM2XL030,0.0,1.0,1,1,0,0,0,0,0,0
MTOR60MBM2XL031,0.0,12.0,12,12,0,0,0,0,0,0
MTOR60MBM2XL034449,16.0,10.0,26,26,0,0,0,0,0,0
MTOR60MBM3XL001539,125.0,54.0,179,115,38,26,64,30,25,9
MTOR60MBM4XL001539,50.0,22.0,72,54,16,2,18,8,7,3
MTOR60MBM5XL001539,25.0,11.0,36,36,0,0,0,0,0,0
MTOR60MBMLAR030,0.0,0.0,0,0,0,0,0,0,0,0
MTOR60MBMMED030,0.0,0.0,0,0,0,0,0,0,0,0
MTOR60MBMMED031,0.0,5.0,5,5,0,0,0,0,0,0
MTOR60MBMMED034449,11.0,10.0,21,21,0,0,0,0,0,0
MTOR60MBMSML030,0.0,2.0,2,2,0,0,0,0,0,0
MTOR60MBMSML031,0.0,9.0,9,9,0,0,0,0,0,0
MTOR60MBMXLR030,0.0,1.0,1,1,0,0,0,0,0,0
MTOR60MBMXLR031,0.0,1.0,1,1,0,0,0,0,0,0
MTOR60MBN2XL021,0.0,0.0,0,0,0,0,0,0,0,0
MTOR60MBNLAR021,0.0,24.0,24,20,0,4,4,2,2,0
MTOR60MBNMED015,0.0,1.0,1,1,0,0,0,0,0,0
MTOR60MBNMED020,0.0,0.0,0,0,0,0,0,0,0,0
MTOR60MBNMED021,0.0,0.0,0,0,0,0,0,0,0,0
MTOR60MBNSML020,0.0,3.0,3,3,0,0,0,0,0,0
MTOR60MBNSML021,0.0,1.0,1,1,0,0,0,0,0,0
MTOR60MBNXLR021,0.0,0.0,0,0,0,0,0,0,0,0
MTOR60MEM2XL028,0.0,0.0,0,0,0,0,0,0,0,0
MTOR60MEMLAR027,0.0,3.0,3,3,0,0,0,0,0,0
MTOR60MEMLAR028,0.0,0.0,0,0,0,0,0,0,0,0
MTOR60MEMMED027,0.0,1.0,1,1,0,0,0,0,0,0
MTOR60MEMSML027,0.0,1.0,1,1,0,0,0,0,0,0
MTOR60MEMSML028,0.0,1.0,1,1,0,0,0,0,0,0
MTOR60MEMXLR028,0.0,0.0,0,0,0,0,0,0,0,0
MTOR60MGM2XL029,0.0,1.0,1,1,0,0,0,0,0,0
MTOR60MGM2XL034449,28.0,10.0,38,38,0,0,0,0,0,0
MTOR60MGMLAR034,0.0,1.0,1,1,0,0,0,0,0,0
MTOR60MGMLAR034449,4.0,10.0,14,14,0,0,0,0,0,0
MTOR60MGMMED029,0.0,0.0,0,0,0,0,0,0,0,0
MTOR60MGMMED034449,24.0,10.0,34,34,0,0,0,0,0,0
MTOR60MGMSML029,0.0,4.0,4,4,0,0,0,0,0,0
MTOR60MGMXLR029,0.0,3.0,3,3,0,0,0,0,0,0
MTOR60MGMXLR034449,4.0,10.0,14,14,0,0,0,0,0,0
MTOR60MME2XL027,0.0,2.0,2,2,0,0,0,0,0,0
MTOR60MME2XL028,0.0,1.0,1,1,0,0,0,0,0,0
MTOR60MMEMED028,0.0,12.0,12,12,0,0,0,0,0,0
MTOR60MMESML027,4.0,10.0,14,14,0,0,0,0,0,0
MTOR60MMESML028,0.0,9.0,9,9,0,0,0,0,0,0
MTOR60MMEXLR028,0.0,2.0,2,2,0,0,0,0,0,0
MTOR60MNBLAR016,0.0,0.0,0,0,0,0,0,0,0,0
MTOR60NBM2XL030,0.0,3.0,3,3,0,0,0,0,0,0
MTOR60NBM3XL001539,0.0,18.0,18,18,0,0,0,0,0,0
MTOR60NBM4XL001539,92.0,40.0,132,84,29,19,48,23,19,6
MTOR60NBM5XL001539,34.0,14.0,48,44,4,0,4,2,2,0
MTOR60NBMLAR028,0.0,0.0,0,0,0,0,0,0,0,0
MTOR60NBMLAR030,0.0,3.0,3,3,0,0,0,0,0,0
MTOR60NBMMED028,0.0,0.0,0,0,0,0,0,0,0,0
MTOR60NBMMED030,0.0,1.0,1,1,0,0,0,0,0,0
MTOR60NBMSML027,0.0,1.0,1,1,0,0,0,0,0,0
MTOR60NBMSML030,0.0,4.0,4,4,0,0,0,0,0,0
MTOR60NBMXLR030,0.0,4.0,4,4,0,0,0,0,0,0
MTOR60NTC2XL022,0.0,3.0,3,3,0,0,0,0,0,0
MTOR60NTC2XL023,0.0,1.0,1,1,0,0,0,0,0,0
MTOR60NTCMED023,0.0,1.0,1,1,0,0,0,0,0,0
MTOR60NTCSML023,0.0,1.0,1,1,0,0,0,0,0,0
MTOR60NVY2XL013,0.0,1.0,1,1,0,0,0,0,0,0
MTOR60NVY2XL023,0.0,1.0,1,1,0,0,0,0,0,0
MTOR60NVYMED020,0.0,0.0,0,0,0,0,0,0,0,0
MTOR60NVYMED023,0.0,1.0,1,1,0,0,0,0,0,0
MTOR60NVYSML013,0.0,1.0,1,1,0,0,0,0,0,0
MTOR60NVYSML020,0.0,0.0,0,0,0,0,0,0,0,0
MTOR60NVYSML023,0.0,3.0,3,3,0,0,0,0,0,0
MTOR60OVMSML007,0.0,1.0,1,1,0,0,0,0,0,0
MTOR60PGN2XL014,12.0,10.0,22,22,0,0,0,0,0,0
MTOR60PGNLAR014,0.0,0.0,0,0,0,0,0,0,0,0
MTOR60PGNMED014,26.0,0.0,26,26,0,0,0,0,0,0
MTOR60PGNSML014,0.0,0.0,0,0,0,0,0,0,0,0
MTOR60PGNXLR014,24.0,0.0,24,24,0,0,0,0,0,0
MTOR60PHM2XL030,0.0,5.0,5,5,0,0,0,0,0,0
MTOR60PHM2XL033,0.0,1.0,1,1,0,0,0,0,0,0
MTOR60PHMLAR030,0.0,6.0,6,6,0,0,0,0,0,0
MTOR60PHMMED030,0.0,3.0,3,3,0,0,0,0,0,0
MTOR60PHMSML030,0.0,1.0,1,1,0,0,0,0,0,0
MTOR60PHMXLR030,0.0,1.0,1,1,0,0,0,0,0,0
MTOR60PKNSML023,0.0,1.0,1,1,0,0,0,0,0,0
MTOR60PLM2XL030,0.0,1.0,1,1,0,0,0,0,0,0
MTOR60PLM2XL034449,24.0,10.0,34,34,0,0,0,0,0,0
MTOR60PLMLAR030,0.0,3.0,3,3,0,0,0,0,0,0
MTOR60PLMLAR034449,0.0,9.0,9,9,0,0,0,0,0,0
MTOR60PLMMED030,0.0,2.0,2,2,0,0,0,0,0,0
MTOR60PLMMED034449,19.0,10.0,29,29,0,0,0,0,0,0
MTOR60PLMSML030,0.0,4.0,4,4,0,0,0,0,0,0
MTOR60PLMXLR030,0.0,0.0,0,0,0,0,0,0,0,0
MTOR60PLMXLR034449,0.0,10.0,10,10,0,0,0,0,0,0
MTOR60REM2XL031,0.0,0.0,0,0,0,0,0,0,0,0
MTOR60REM2XL034449,26.0,10.0,36,36,0,0,0,0,0,0
MTOR60REMLAR031,0.0,0.0,0,0,0,0,0,0,0,0
MTOR60REMLAR034449,2.0,10.0,12,12,0,0,0,0,0,0
MTOR60REMMED029,0.0,0.0,0,0,0,0,0,0,0,0
MTOR60REMMED031,0.0,0.0,0,0,0,0,0,0,0,0
MTOR60REMMED034449,22.0,10.0,32,32,0,0,0,0,0,0
MTOR60REMSML029,0.0,0.0,0,0,0,0,0,0,0,0
MTOR60REMSML031,0.0,11.0,11,11,0,0,0,0,0,0
MTOR60REMXLR031,0.0,0.0,0,0,0,0,0,0,0,0
MTOR60REMXLR034449,1.0,10.0,11,11,0,0,0,0,0,0
MTOR60RLM2XL030,0.0,0.0,0,0,0,0,0,0,0,0
MTOR60RLMLAR030,0.0,1.0,1,1,0,0,0,0,0,0
MTOR60RLMMED030,0.0,2.0,2,2,0,0,0,0,0,0
MTOR60RLMSML030,0.0,9.0,9,9,0,0,0,0,0,0
MTOR60RLMXLR030,0.0,0.0,0,0,0,0,0,0,0,0
MTOR60RVASML019,0.0,1.0,1,1,0,0,0,0,0,0
MTOR60SDM2XL031,1.0,10.0,11,11,0,0,0,0,0,0
MTOR60SDM2XL033,0.0,1.0,1,1,0,0,0,0,0,0
MTOR60SDMLAR031,0.0,10.0,10,10,0,0,0,0,0,0
MTOR60SDMMED031,0.0,9.0,9,9,0,0,0,0,0,0
MTOR60SDMSML031,0.0,9.0,9,9,0,0,0,0,0,0
MTOR60SDMXLR031,0.0,7.0,7,7,0,0,0,0,0,0
MTOR60SEG2XL023,0.0,7.0,7,7,0,0,0,0,0,0
MTOR60SEGMED023,0.0,2.0,2,2,0,0,0,0,0,0
MTOR60SEGSML023,0.0,4.0,4,4,0,0,0,0,0,0
MTOR60SGN2XL022,0.0,3.0,3,3,0,0,0,0,0,0
MTOR60SGNLAR015,0.0,0.0,0,0,0,0,0,0,0,0
MTOR60SGNLAR023,0.0,1.0,1,1,0,0,0,0,0,0
MTOR60SGNLAR024,0.0,0.0,0,0,0,0,0,0,0,0
MTOR60SGNMED015,0.0,0.0,0,0,0,0,0,0,0,0
MTOR60SGNMED024,0.0,0.0,0,0,0,0,0,0,0,0
MTOR60SGNSML023,0.0,2.0,2,2,0,0,0,0,0,0
MTOR60SGNXLR024,0.0,0.0,0,0,0,0,0,0,0,0
MTOR60SLB2XL022,0.0,3.0,3,3,0,0,0,0,0,0
MTOR60SLB2XL023,0.0,2.0,2,2,0,0,0,0,0,0
MTOR60SLEMED016,0.0,0.0,0,0,0,0,0,0,0,0
MTOR60SLESML010,0.0,2.0,2,2,0,0,0,0,0,0
MTOR60SYMSML027,0.0,3.0,3,3,0,0,0,0,0,0
MTOR60TEM2XL026,0.0,1.0,1,1,0,0,0,0,0,0
MTOR60TEM2XL026449,0.0,2.0,2,2,0,0,0,0,0,0
MTOR60TEMLAR026,0.0,0.0,0,0,0,0,0,0,0,0
MTOR60TEMLAR026449,0.0,0.0,0,0,0,0,0,0,0,0
MTOR60TEMMED026,0.0,1.0,1,1,0,0,0,0,0,0
MTOR60TEMMED026449,0.0,7.0,7,7,0,0,0,0,0,0
MTOR60TEMSML025,0.0,2.0,2,2,0,0,0,0,0,0
MTOR60TEMSML026449,1.0,26.0,27,23,0,4,4,2,2,0
MTOR60TEMXLR026,0.0,1.0,1,1,0,0,0,0,0,0
MTOR60TEMXLR026449,0.0,0.0,0,0,0,0,0,0,0,0
MTOR60TGM2XL026,0.0,3.0,3,3,0,0,0,0,0,0
MTOR60TGM2XL026449,0.0,6.0,6,6,0,0,0,0,0,0
MTOR60TGMLAR026,0.0,0.0,0,0,0,0,0,0,0,0
MTOR60TGMLAR026449,35.0,10.0,45,40,5,0,5,2,2,1
MTOR60TGMLAR029,0.0,0.0,0,0,0,0,0,0,0,0
MTOR60TGMLAR030,0.0,10.0,10,10,0,0,0,0,0,0
MTOR60TGMMED026,0.0,0.0,0,0,0,0,0,0,0,0
MTOR60TGMMED026449,0.0,0.0,0,0,0,0,0,0,0,0
MTOR60TGMMED030,0.0,4.0,4,4,0,0,0,0,0,0
MTOR60TGMSML025,0.0,1.0,1,1,0,0,0,0,0,0
MTOR60TGMSML026449,11.0,16.0,27,27,0,0,0,0,0,0
MTOR60TGMSML029,0.0,7.0,7,7,0,0,0,0,0,0
MTOR60TGMSML030,0.0,10.0,10,10,0,0,0,0,0,0
MTOR60TGMXLR026,0.0,0.0,0,0,0,0,0,0,0,0
MTOR60TGMXLR026449,17.0,10.0,27,27,0,0,0,0,0,0
MTOR60TGMXLR030,0.0,0.0,0,0,0,0,0,0,0,0
MTOR60TLE2XL020,0.0,0.0,0,0,0,0,0,0,0,0
MTOR60TLE2XL021,0.0,0.0,0,0,0,0,0,0,0,0
MTOR60TLELAR021,0.0,25.0,25,21,0,4,4,2,2,0
MTOR60TLESML021,0.0,0.0,0,0,0,0,0,0,0,0
MTOR60TLEXLR021,0.0,1.0,1,1,0,0,0,0,0,0
MTOR60TLM2XL031,0.0,0.0,0,0,0,0,0,0,0,0
MTOR60TLM3XL007,0.0,0.0,0,0,0,0,0,0,0,0
MTOR60TLMLAR007,0.0,0.0,0,0,0,0,0,0,0,0
MTOR60TLMLAR031,0.0,0.0,0,0,0,0,0,0,0,0
MTOR60TLMMED007,0.0,1.0,1,1,0,0,0,0,0,0
MTOR60TLMMED031,0.0,3.0,3,3,0,0,0,0,0,0
MTOR60TLMSML007,0.0,0.0,0,0,0,0,0,0,0,0
MTOR60TLMSML031,0.0,8.0,8,8,0,0,0,0,0,0
MTOR60TLMXLR007,0.0,7.0,7,7,0,0,0,0,0,0
MTOR60TLMXLR031,0.0,1.0,1,1,0,0,0,0,0,0
MTOR60TME2XL026449,0.0,1.0,1,1,0,0,0,0,0,0
MTOR60TMELAR026,0.0,3.0,3,3,0,0,0,0,0,0
MTOR60TMELAR026449,0.0,2.0,2,2,0,0,0,0,0,0
MTOR60TMEMED026,0.0,0.0,0,0,0,0,0,0,0,0
MTOR60TMEMED026449,0.0,0.0,0,0,0,0,0,0,0,0
MTOR60TMESML026449,0.0,15.0,15,15,0,0,0,0,0,0
MTOR60TMEXLR026,0.0,2.0,2,2,0,0,0,0,0,0
MTOR60TMEXLR026449,0.0,1.0,1,1,0,0,0,0,0,0
MTOR60UGM2XL028,0.0,1.0,1,1,0,0,0,0,0,0
MTOR60UGMMED028,0.0,5.0,5,5,0,0,0,0,0,0
MTOR60UGMSML028,0.0,10.0,10,10,0,0,0,0,0,0
MTOR60VIM2XL028,0.0,1.0,1,1,0,0,0,0,0,0
MTOR60VIMLAR028,0.0,0.0,0,0,0,0,0,0,0,0
MTOR60VIMMED028,0.0,0.0,0,0,0,0,0,0,0,0
MTOR60VIMMED029,0.0,1.0,1,1,0,0,0,0,0,0
MTOR60VIMSML028,0.0,3.0,3,3,0,0,0,0,0,0
MTOR60VIMSML029,0.0,0.0,0,0,0,0,0,0,0,0
MTOR60VIMXLR028,0.0,0.0,0,0,0,0,0,0,0,0
MTOR60VIMXLR029,0.0,0.0,0,0,0,0,0,0,0,0
MTOR60WDM2XL027449,0.0,6.0,6,6,0,0,0,0,0,0
MTOR60WDM2XL028,0.0,0.0,0,0,0,0,0,0,0,0
MTOR60WDM2XL030,0.0,2.0,2,2,0,0,0,0,0,0
MTOR60WDM2XL031,0.0,3.0,3,3,0,0,0,0,0,0
MTOR60WDM2XL034449,0.0,0.0,0,0,0,0,0,0,0,0
MTOR60WDMLAR027,0.0,0.0,0,0,0,0,0,0,0,0
MTOR60WDMLAR027449,19.0,22.0,41,39,0,2,2,1,1,0
MTOR60WDMLAR028,0.0,0.0,0,0,0,0,0,0,0,0
MTOR60WDMLAR031,0.0,0.0,0,0,0,0,0,0,0,0
MTOR60WDMLAR034449,12.0,10.0,22,22,0,0,0,0,0,0
MTOR60WDMMED027449,0.0,0.0,0,0,0,0,0,0,0,0
MTOR60WDMMED030,0.0,1.0,1,1,0,0,0,0,0,0
MTOR60WDMMED031,0.0,3.0,3,3,0,0,0,0,0,0
MTOR60WDMMED034449,0.0,6.0,6,6,0,0,0,0,0,0
MTOR60WDMSML027449,0.0,3.0,3,3,0,0,0,0,0,0
MTOR60WDMSML028,0.0,6.0,6,6,0,0,0,0,0,0
MTOR60WDMSML031,0.0,5.0,5,5,0,0,0,0,0,0
MTOR60WDMXLR027449,0.0,9.0,9,9,0,0,0,0,0,0
MTOR60WDMXLR028,0.0,0.0,0,0,0,0,0,0,0,0
MTOR60WDMXLR030,0.0,0.0,0,0,0,0,0,0,0,0
MTOR60WDMXLR031,0.0,0.0,0,0,0,0,0,0,0,0
MTOR60WGNSML019,0.0,0.0,0,0,0,0,0,0,0,0
MTOR60YLM2XL030,0.0,9.0,9,9,0,0,0,0,0,0
MTOR60YLM2XL034449,5.0,10.0,15,15,0,0,0,0,0,0
MTOR60YLMLAR030,0.0,0.0,0,0,0,0,0,0,0,0
MTOR60YLMLAR034449,0.0,3.0,3,3,0,0,0,0,0,0
MTOR60YLMMED030,0.0,1.0,1,1,0,0,0,0,0,0
MTOR60YLMMED034449,0.0,9.0,9,9,0,0,0,0,0,0
MTOR60YLMSML030,0.0,1.0,1,1,0,0,0,0,0,0
MTOR60YLMXLR030,0.0,0.0,0,0,0,0,0,0,0,0
MTOR60YLMXLR034449,0.0,3.0,3,3,0,0,0,0,0,0
MTOR61BLK2XL,0.0,3.0,3,3,0,0,0,0,0,0
MTOR61BTL2XL,0.0,0.0,0,0,0,0,0,0,0,0
MTOR61CLUMED2PK,0.0,6.0,6,6,0,0,0,0,0,0
MTOR61CLUXLR2PK,0.0,2.0,2,2,0,0,0,0,0,0
MTOR61CLY2XL,0.0,2.0,2,2,0,0,0,0,0,0
MTOR61CLYMED,0.0,4.0,4,4,0,0,0,0,0,0
MTOR61DRD2XL,0.0,2.0,2,2,0,0,0,0,0,0
MTOR61DRDXLR,0.0,2.0,2,2,0,0,0,0,0,0
MTOR61LGN2XL,0.0,2.0,2,2,0,0,0,0,0,0
MTOR61LGNMED,0.0,0.0,0,0,0,0,0,0,0,0
MTOR61LIRLAR2PK,0.0,0.0,0,0,0,0,0,0,0,0
MTOR61LIRMED2PK,0.0,4.0,4,4,0,0,0,0,0,0
MTOR61LPE2XL,0.0,2.0,2,2,0,0,0,0,0,0
MTOR61RONMED,0.0,1.0,1,1,0,0,0,0,0,0
MTOR61SPK2XL,0.0,3.0,3,3,0,0,0,0,0,0
MTOR61SPKMED,0.0,4.0,4,4,0,0,0,0,0,0
MTOR61SPKXLR,0.0,2.0,2,2,0,0,0,0,0,0
MTOR61UGY2XL,0.0,3.0,3,3,0,0,0,0,0,0
MTOR61UGYMED,0.0,4.0,4,4,0,0,0,0,0,0
MTOR61WHBMED2PK,0.0,2.0,2,2,0,0,0,0,0,0
MTOR61WHT2XL,0.0,4.0,4,4,0,0,0,0,0,0
MTOR61WHTLAR,0.0,1.0,1,1,0,0,0,0,0,0
MTOR61WHTMED,0.0,4.0,4,4,0,0,0,0,0,0
MTOR67BEM2XL,0.0,1.0,1,1,0,0,0,0,0,0
MTOR67BEMXLR,0.0,1.0,1,1,0,0,0,0,0,0
MTOR67BLM2XL,0.0,0.0,0,0,0,0,0,0,0,0
MTOR67BLMXLR,0.0,1.0,1,1,0,0,0,0,0,0
MTOR67DTM2XL,0.0,2.0,2,2,0,0,0,0,0,0
MTOR67DTMLAR,0.0,0.0,0,0,0,0,0,0,0,0
MTOR67DTMMED,0.0,1.0,1,1,0,0,0,0,0,0
MTOR67GCMLAR,0.0,1.0,1,1,0,0,0,0,0,0
MTOR67MBG2XL,0.0,0.0,0,0,0,0,0,0,0,0
MTOR67MBGLAR,0.0,0.0,0,0,0,0,0,0,0,0
MTOR67PEM2XL,0.0,1.0,1,1,0,0,0,0,0,0
MTOR67PEMXLR,0.0,0.0,0,0,0,0,0,0,0,0
MTOR67WGM2XL,0.0,2.0,2,2,0,0,0,0,0,0
MTOR71AGY2XL549,20.0,25.0,45,40,0,5,5,2,2,1
MTOR71AGYLAR549,140.0,25.0,165,125,35,5,40,19,16,5
MTOR71AGYMED549,22.0,25.0,47,42,0,5,5,2,2,1
MTOR71AGYXLR549,138.0,25.0,163,123,35,5,40,19,16,5
MTOR71BLE2XL,0.0,2.0,2,2,0,0,0,0,0,0
MTOR71BLE4XL579,0.0,25.0,25,21,0,4,4,2,2,0
MTOR71BLE5XL579,0.0,28.0,28,24,0,4,4,2,2,0
MTOR71BLELAR,0.0,1.0,1,1,0,0,0,0,0,0
MTOR71BLEMED,0.0,5.0,5,5,0,0,0,0,0,0
MTOR71BLEXLR,0.0,0.0,0,0,0,0,0,0,0,0
MTOR71BLK2XL,0.0,0.0,0,0,0,0,0,0,0,0
MTOR71BLK2XL549,24.0,24.0,48,44,0,4,4,2,2,0
MTOR71BLK3XL,0.0,0.0,0,0,0,0,0,0,0,0
MTOR71BLK3XL579,0.0,20.0,20,20,0,0,0,0,0,0
MTOR71BLK4XL,0.0,4.0,4,4,0,0,0,0,0,0
MTOR71BLK4XL579,0.0,45.0,45,39,0,6,6,3,2,1
MTOR71BLK5XL,0.0,3.0,3,3,0,0,0,0,0,0
MTOR71BLK5XL579,0.0,26.0,26,22,0,4,4,2,2,0
MTOR71BLKLAR,0.0,1.0,1,1,0,0,0,0,0,0
MTOR71BLKLAR549,126.0,24.0,150,114,32,4,36,17,14,5
MTOR71BLKMED,0.0,0.0,0,0,0,0,0,0,0,0
MTOR71BLKMED549,23.0,25.0,48,43,0,5,5,2,2,1
MTOR71BLKXLR,0.0,0.0,0,0,0,0,0,0,0,0
MTOR71BLKXLR549,101.0,23.0,124,94,27,3,30,14,12,4
MTOR71BOE2XL,0.0,1.0,1,1,0,0,0,0,0,0
MTOR71BOEMED,0.0,0.0,0,0,0,0,0,0,0,0
MTOR71BRD3XL,0.0,0.0,0,0,0,0,0,0,0,0
MTOR71BRDLAR,0.0,0.0,0,0,0,0,0,0,0,0
MTOR71BRDMED,0.0,0.0,0,0,0,0,0,0,0,0
MTOR71BRN2XL,0.0,0.0,0,0,0,0,0,0,0,0
MTOR71BRNMED,0.0,0.0,0,0,0,0,0,0,0,0
MTOR71CFK2XL549,7.0,26.0,33,28,0,5,5,2,2,1
MTOR71CFKLAR549,119.0,27.0,146,107,32,7,39,18,15,6
MTOR71CFKMED549,7.0,26.0,33,28,0,5,5,2,2,1
MTOR71CFKXLR549,124.0,27.0,151,112,32,7,39,18,15,6
MTOR71DPK2XL,0.0,0.0,0,0,0,0,0,0,0,0
MTOR71DPKMED,0.0,1.0,1,1,0,0,0,0,0,0
MTOR71DPKXLR,0.0,0.0,0,0,0,0,0,0,0,0
MTOR71GFT2XL549,22.0,26.0,48,42,0,6,6,3,2,1
MTOR71GFTLAR549,144.0,27.0,171,127,37,7,44,21,17,6
MTOR71GFTMED549,22.0,26.0,48,42,0,6,6,3,2,1
MTOR71GFTXLR549,89.0,46.0,135,86,29,20,49,23,19,7
MTOR71GYRLAR,0.0,1.0,1,1,0,0,0,0,0,0
MTOR71GYRMED,0.0,0.0,0,0,0,0,0,0,0,0
MTOR71GYRXLR,0.0,0.0,0,0,0,0,0,0,0,0
MTOR71IRG4XL579,0.0,25.0,25,21,0,4,4,2,2,0
MTOR71IRG5XL579,0.0,30.0,30,26,0,4,4,2,2,0
MTOR71LTG3XL,0.0,0.0,0,0,0,0,0,0,0,0
MTOR71MNB2XL549,7.0,26.0,33,28,0,5,5,2,2,1
MTOR71MNBLAR549,119.0,27.0,146,107,32,7,39,18,15,6
MTOR71MNBMED549,7.0,26.0,33,28,0,5,5,2,2,1
MTOR71MNBXLR549,123.0,26.0,149,111,32,6,38,18,15,5
MTOR71MON3XL,0.0,36.0,36,31,0,5,5,2,2,1
MTOR71MON3XL579,0.0,28.0,28,24,0,4,4,2,2,0
MTOR71MON4XL,0.0,20.0,20,20,0,0,0,0,0,0
MTOR71MON4XL579,0.0,29.0,29,25,0,4,4,2,2,0
MTOR71MON5XL,0.0,23.0,23,20,0,3,3,1,1,1
MTOR71MON5XL579,0.0,34.0,34,29,0,5,5,2,2,1
MTOR71MSAMED,0.0,1.0,1,1,0,0,0,0,0,0
MTOR71MYELAR,0.0,1.0,1,1,0,0,0,0,0,0
MTOR71MYEMED,0.0,0.0,0,0,0,0,0,0,0,0
MTOR71MYEXLR,0.0,0.0,0,0,0,0,0,0,0,0
MTOR71NVY3XL,0.0,0.0,0,0,0,0,0,0,0,0
MTOR71NYB2XL,0.0,0.0,0,0,0,0,0,0,0,0
MTOR71NYB3XL,0.0,20.0,20,20,0,0,0,0,0,0
MTOR71NYB3XL579,0.0,25.0,25,21,0,4,4,2,2,0
MTOR71NYB4XL,0.0,11.0,11,11,0,0,0,0,0,0
MTOR71NYB4XL579,0.0,25.0,25,21,0,4,4,2,2,0
MTOR71NYB5XL,0.0,16.0,16,16,0,0,0,0,0,0
MTOR71NYB5XL579,0.0,35.0,35,30,0,5,5,2,2,1
MTOR71NYBMED,0.0,0.0,0,0,0,0,0,0,0,0
MTOR71NYBXLR,0.0,0.0,0,0,0,0,0,0,0,0
MTOR71OBR2XL,0.0,2.0,2,2,0,0,0,0,0,0
MTOR71OBR3XL,0.0,34.0,34,29,0,5,5,2,2,1
MTOR71OBR3XL579,0.0,25.0,25,21,0,4,4,2,2,0
MTOR71OBR4XL,0.0,26.0,26,22,0,4,4,2,2,0
MTOR71OBR4XL579,0.0,51.0,51,44,0,7,7,3,3,1
MTOR71OBR5XL,0.0,22.0,22,20,0,2,2,1,1,0
MTOR71OBR5XL579,0.0,32.0,32,27,0,5,5,2,2,1
MTOR71OBRLAR,0.0,0.0,0,0,0,0,0,0,0,0
MTOR71OFW2XL,0.0,3.0,3,3,0,0,0,0,0,0
MTOR71OFWLAR,0.0,0.0,0,0,0,0,0,0,0,0
MTOR71OFWMED,0.0,0.0,0,0,0,0,0,0,0,0
MTOR71OFWXLR,0.0,1.0,1,1,0,0,0,0,0,0
MTOR71PGNLAR,0.0,0.0,0,0,0,0,0,0,0,0
MTOR71PGNMED,0.0,6.0,6,6,0,0,0,0,0,0
MTOR71SKO2XL549,26.0,24.0,50,46,0,4,4,2,2,0
MTOR71SKO4XL579,0.0,24.0,24,20,0,4,4,2,2,0
MTOR71SKO5XL579,0.0,26.0,26,22,0,4,4,2,2,0
MTOR71SKOLAR549,136.0,41.0,177,118,38,21,59,28,23,8
MTOR71SKOMED,0.0,0.0,0,0,0,0,0,0,0,0
MTOR71SKOMED549,28.0,26.0,54,48,0,6,6,3,2,1
MTOR71SKOXLR,0.0,0.0,0,0,0,0,0,0,0,0
MTOR71SKOXLR549,151.0,25.0,176,133,38,5,43,20,17,6
MTOR71TEL3XL,0.0,36.0,36,31,0,5,5,2,2,1
MTOR71TEL3XL579,0.0,32.0,32,27,0,5,5,2,2,1
MTOR71TEL4XL,0.0,20.0,20,20,0,0,0,0,0,0
MTOR71TEL4XL579,0.0,33.0,33,28,0,5,5,2,2,1
MTOR71TEL5XL,0.0,38.0,38,32,0,6,6,3,2,1
MTOR71TEL5XL579,0.0,20.0,20,20,0,0,0,0,0,0
MTOR71TLE2XL,0.0,0.0,0,0,0,0,0,0,0,0
MTOR71TLE3XL,0.0,0.0,0,0,0,0,0,0,0,0
MTOR71TLELAR,0.0,1.0,1,1,0,0,0,0,0,0
MTOR71TLEMED,0.0,2.0,2,2,0,0,0,0,0,0
MTOR71TLEXLR,0.0,0.0,0,0,0,0,0,0,0,0
MTOR71UGY4XL579,0.0,25.0,25,21,0,4,4,2,2,0
MTOR71UGY5XL579,0.0,30.0,30,26,0,4,4,2,2,0
MTOR71UGYMED,0.0,1.0,1,1,0,0,0,0,0,0
MTOR71WHT2XL,0.0,0.0,0,0,0,0,0,0,0,0
MTOR71WHT2XL549,7.0,25.0,32,27,0,5,5,2,2,1
MTOR71WHT3XL,0.0,3.0,3,3,0,0,0,0,0,0
MTOR71WHT3XL579,1.0,27.0,28,24,0,4,4,2,2,0
MTOR71WHT4XL,0.0,16.0,16,16,0,0,0,0,0,0
MTOR71WHT4XL579,0.0,26.0,26,22,0,4,4,2,2,0
MTOR71WHT5XL,0.0,18.0,18,18,0,0,0,0,0,0
MTOR71WHT5XL579,0.0,16.0,16,16,0,0,0,0,0,0
MTOR71WHTLAR,0.0,1.0,1,1,0,0,0,0,0,0
MTOR71WHTLAR549,114.0,23.0,137,105,29,3,32,15,12,5
MTOR71WHTMED,0.0,0.0,0,0,0,0,0,0,0,0
MTOR71WHTMED549,11.0,24.0,35,31,0,4,4,2,2,0
MTOR71WHTXLR,0.0,0.0,0,0,0,0,0,0,0,0
MTOR71WHTXLR549,120.0,23.0,143,109,31,3,34,16,13,5
MTOR71WLGLAR,0.0,0.0,0,0,0,0,0,0,0,0
MTOR71WLGMED,0.0,1.0,1,1,0,0,0,0,0,0
MTOR71YLW2XL549,10.0,16.0,26,26,0,0,0,0,0,0
MTOR71YLWLAR549,145.0,20.0,165,130,35,0,35,17,14,4
MTOR71YLWMED549,22.0,22.0,44,42,0,2,2,1,1,0
MTOR71YLWXLR549,163.0,27.0,190,142,41,7,48,23,19,6
MTOR74ASH2XL,0.0,1.0,1,1,0,0,0,0,0,0
MTOR74ASHMED,0.0,1.0,1,1,0,0,0,0,0,0
MTOR74ASHXLR,0.0,1.0,1,1,0,0,0,0,0,0
MTOR74BLK2XL,0.0,1.0,1,1,0,0,0,0,0,0
MTOR74BLKMED,0.0,0.0,0,0,0,0,0,0,0,0
MTOR74BLKXLR,0.0,5.0,5,5,0,0,0,0,0,0
MTOR74DRDMED,0.0,1.0,1,1,0,0,0,0,0,0
MTOR74GYR2XL,0.0,1.0,1,1,0,0,0,0,0,0
MTOR74GYRLAR,0.0,0.0,0,0,0,0,0,0,0,0
MTOR74IGOMED,0.0,1.0,1,1,0,0,0,0,0,0
MTOR74MON2XL,0.0,2.0,2,2,0,0,0,0,0,0
MTOR74MONXLR,0.0,1.0,1,1,0,0,0,0,0,0
MTOR74MSA2XL,0.0,4.0,4,4,0,0,0,0,0,0
MTOR74MYE2XL,0.0,3.0,3,3,0,0,0,0,0,0
MTOR74OFW2XL,0.0,5.0,5,5,0,0,0,0,0,0
MTOR74OFWMED,0.0,0.0,0,0,0,0,0,0,0,0
MTOR74PDBMED,0.0,0.0,0,0,0,0,0,0,0,0
MTOR74SSE2XL,0.0,1.0,1,1,0,0,0,0,0,0
MTOR7YLWMED,0.0,0.0,0,0,0,0,0,0,0,0
MTOR81AGY2XL,0.0,1.0,1,1,0,0,0,0,0,0
MTOR81BLELAR,0.0,0.0,0,0,0,0,0,0,0,0
MTOR81BLEMED,0.0,0.0,0,0,0,0,0,0,0,0
MTOR81BLEXLR,0.0,0.0,0,0,0,0,0,0,0,0
MTOR81BLK2XL,0.0,0.0,0,0,0,0,0,0,0,0
MTOR81BLK3XL,0.0,0.0,0,0,0,0,0,0,0,0
MTOR81BLK3XL689,0.0,141.0,141,121,0,20,20,9,8,3
MTOR81BLK4XL689,40.0,115.0,155,123,10,22,32,15,12,5
MTOR81BLK5XL689,40.0,113.0,153,121,10,22,32,15,12,5
MTOR81BLKLAR,5.0,10.0,15,15,0,0,0,0,0,0
MTOR81BLKMED,0.0,1.0,1,1,0,0,0,0,0,0
MTOR81BLKSML,0.0,1.0,1,1,0,0,0,0,0,0
MTOR81BLKXLR,0.0,0.0,0,0,0,0,0,0,0,0
MTOR81CHALAR,0.0,0.0,0,0,0,0,0,0,0,0
MTOR81CHAMED,0.0,0.0,0,0,0,0,0,0,0,0
MTOR81CHAXLR,0.0,0.0,0,0,0,0,0,0,0,0
MTOR81DRE2XL,0.0,0.0,0,0,0,0,0,0,0,0
MTOR81GVEMED,0.0,0.0,0,0,0,0,0,0,0,0
MTOR81GYRLAR,0.0,0.0,0,0,0,0,0,0,0,0
MTOR81GYRXLR,0.0,0.0,0,0,0,0,0,0,0,0
MTOR81HBEMED,0.0,0.0,0,0,0,0,0,0,0,0
MTOR81IRG2XL,0.0,0.0,0,0,0,0,0,0,0,0
MTOR81IRGLAR,27.0,12.0,39,39,0,0,0,0,0,0
MTOR81IRGMED,113.0,45.0,158,101,34,23,57,27,22,8
MTOR81IRGSML,155.0,50.0,205,131,44,30,74,35,29,10
MTOR81IRGXLR,0.0,0.0,0,0,0,0,0,0,0,0
MTOR81KHIMED,0.0,1.0,1,1,0,0,0,0,0,0
MTOR81LBEMED,0.0,0.0,0,0,0,0,0,0,0,0
MTOR81LGN2XL,0.0,0.0,0,0,0,0,0,0,0,0
MTOR81LGNLAR,0.0,0.0,0,0,0,0,0,0,0,0
MTOR81LGNMED,0.0,0.0,0,0,0,0,0,0,0,0
MTOR81LGNSML,0.0,128.0,128,110,0,18,18,8,7,3
MTOR81LGNXLR,0.0,1.0,1,1,0,0,0,0,0,0
MTOR81LTG2XL,0.0,8.0,8,8,0,0,0,0,0,0
MTOR81LTG3XL689,0.0,131.0,131,112,0,19,19,9,7,3
MTOR81LTG4XL689,0.0,141.0,141,121,0,20,20,9,8,3
MTOR81LTG5XL689,0.0,128.0,128,110,0,18,18,8,7,3
MTOR81LTGLAR,0.0,2.0,2,2,0,0,0,0,0,0
MTOR81LTGMED,0.0,4.0,4,4,0,0,0,0,0,0
MTOR81MBN2XL,0.0,0.0,0,0,0,0,0,0,0,0
MTOR81MBNLAR,0.0,0.0,0,0,0,0,0,0,0,0
MTOR81MBNMED,0.0,0.0,0,0,0,0,0,0,0,0
MTOR81MBNSML,0.0,7.0,7,7,0,0,0,0,0,0
MTOR81MBNXLR,0.0,0.0,0,0,0,0,0,0,0,0
MTOR81MNB2XL,0.0,3.0,3,3,0,0,0,0,0,0
MTOR81MNB3XL689,0.0,136.0,136,116,0,20,20,9,8,3
MTOR81MNB4XL689,0.0,129.0,129,111,0,18,18,8,7,3
MTOR81MNB5XL689,0.0,128.0,128,110,0,18,18,8,7,3
MTOR81MNBLAR,0.0,0.0,0,0,0,0,0,0,0,0
MTOR81MNBMED,0.0,0.0,0,0,0,0,0,0,0,0
MTOR81MNBXLR,0.0,0.0,0,0,0,0,0,0,0,0
MTOR81MSALAR,0.0,0.0,0,0,0,0,0,0,0,0
MTOR81MSAMED,0.0,1.0,1,1,0,0,0,0,0,0
MTOR81MSAXLR,0.0,0.0,0,0,0,0,0,0,0,0
MTOR81MTGLAR,0.0,1.0,1,1,0,0,0,0,0,0
MTOR81MTGMED,0.0,3.0,3,3,0,0,0,0,0,0
MTOR81MYE2XL,0.0,0.0,0,0,0,0,0,0,0,0
MTOR81MYELAR,0.0,0.0,0,0,0,0,0,0,0,0
MTOR81MYEMED,0.0,0.0,0,0,0,0,0,0,0,0
MTOR81MYEXLR,0.0,0.0,0,0,0,0,0,0,0,0
MTOR81NYB3XL689,0.0,127.0,127,109,0,18,18,8,7,3
MTOR81NYB4XL689,0.0,138.0,138,118,0,20,20,9,8,3
MTOR81NYB5XL689,0.0,136.0,136,116,0,20,20,9,8,3
MTOR81OBRMED,0.0,1.0,1,1,0,0,0,0,0,0
MTOR81OGYLAR,0.0,0.0,0,0,0,0,0,0,0,0
MTOR81OGYMED,0.0,0.0,0,0,0,0,0,0,0,0
MTOR81OLD2XL,0.0,0.0,0,0,0,0,0,0,0,0
MTOR81TEL2XL,0.0,0.0,0,0,0,0,0,0,0,0
MTOR81TEL3XL689,0.0,122.0,122,104,0,18,18,8,7,3
MTOR81TEL4XL689,0.0,139.0,139,119,0,20,20,9,8,3
MTOR81TEL5XL689,0.0,135.0,135,115,0,20,20,9,8,3
MTOR81TELLAR,0.0,5.0,5,5,0,0,0,0,0,0
MTOR81TELMED,0.0,0.0,0,0,0,0,0,0,0,0
MTOR81TRN2XL,0.0,0.0,0,0,0,0,0,0,0,0
MTOR81TRNLAR,0.0,0.0,0,0,0,0,0,0,0,0
MTOR81TRNMED,0.0,1.0,1,1,0,0,0,0,0,0
MTOR81TRNXLR,0.0,0.0,0,0,0,0,0,0,0,0
MTOR81VIO2XL,0.0,4.0,4,4,0,0,0,0,0,0
MTOR81VIOLAR,0.0,0.0,0,0,0,0,0,0,0,0
MTOR81VIOMED,0.0,3.0,3,3,0,0,0,0,0,0
MTOR81VIOXLR,0.0,0.0,0,0,0,0,0,0,0,0
MTOR81WHT2XL,0.0,0.0,0,0,0,0,0,0,0,0
MTOR81WHT3XL689,0.0,149.0,149,127,0,22,22,10,9,3
MTOR81WHT4XL689,0.0,144.0,144,123,0,21,21,10,8,3
MTOR81WHT5XL689,0.0,140.0,140,120,0,20,20,9,8,3
MTOR81WHTLAR,0.0,0.0,0,0,0,0,0,0,0,0
MTOR81WHTMED,0.0,0.0,0,0,0,0,0,0,0,0
MTOR81WHTSML,0.0,1.0,1,1,0,0,0,0,0,0
MTOR81WHTXLR,0.0,0.0,0,0,0,0,0,0,0,0
MTOR81WLGLAR,0.0,0.0,0,0,0,0,0,0,0,0
MTOR81WLGMED,0.0,0.0,0,0,0,0,0,0,0,0
MTOR81WLGXLR,0.0,0.0,0,0,0,0,0,0,0,0
MTOR81YLW2XL,0.0,0.0,0,0,0,0,0,0,0,0
MTOR81YLWLAR,0.0,0.0,0,0,0,0,0,0,0,0
MTOR81YLWMED,0.0,1.0,1,1,0,0,0,0,0,0
MTOR81YLWXLR,0.0,0.0,0,0,0,0,0,0,0,0
MTOR82ARA2XL,0.0,1.0,1,1,0,0,0,0,0,0
MTOR82BL1MED,0.0,4.0,4,4,0,0,0,0,0,0
MTOR82BL22XL,0.0,7.0,7,7,0,0,0,0,0,0
MTOR82BL2XLR,0.0,1.0,1,1,0,0,0,0,0,0
MTOR82BLK2XL,0.0,3.0,3,3,0,0,0,0,0,0
MTOR82BLKLAR,0.0,0.0,0,0,0,0,0,0,0,0
MTOR82BLKXLR,0.0,1.0,1,1,0,0,0,0,0,0
MTOR82LTN2XL,0.0,1.0,1,1,0,0,0,0,0,0
MTOR82TLEXLR,0.0,1.0,1,1,0,0,0,0,0,0
MTOR84BLE2XL,11.0,13.0,24,24,0,0,0,0,0,0
MTOR84BLELAR,0.0,4.0,4,4,0,0,0,0,0,0
MTOR84BLEMED,0.0,2.0,2,2,0,0,0,0,0,0
MTOR84BLEXLR,8.0,19.0,27,27,0,0,0,0,0,0
MTOR84BLK2XL,0.0,1.0,1,1,0,0,0,0,0,0
MTOR84BLKMED,0.0,0.0,0,0,0,0,0,0,0,0
MTOR84BLKXLR,0.0,0.0,0,0,0,0,0,0,0,0
MTOR84DRD2XL,0.0,1.0,1,1,0,0,0,0,0,0
MTOR84GYR2XL,26.0,13.0,39,39,0,0,0,0,0,0
MTOR84GYRLAR,0.0,1.0,1,1,0,0,0,0,0,0
MTOR84GYRMED,0.0,1.0,1,1,0,0,0,0,0,0
MTOR84GYRXLR,0.0,7.0,7,7,0,0,0,0,0,0
MTOR84IRGMED,0.0,0.0,0,0,0,0,0,0,0,0
MTOR84LGNMED,0.0,1.0,1,1,0,0,0,0,0,0
MTOR84LGNXLR,0.0,1.0,1,1,0,0,0,0,0,0
MTOR84MBN2XL,0.0,2.0,2,2,0,0,0,0,0,0
MTOR84MSA2XL,0.0,4.0,4,4,0,0,0,0,0,0
MTOR84MSALAR,0.0,5.0,5,5,0,0,0,0,0,0
MTOR84MSAMED,0.0,2.0,2,2,0,0,0,0,0,0
MTOR84MSAXLR,0.0,7.0,7,7,0,0,0,0,0,0
MTOR84MYE2XL,0.0,13.0,13,13,0,0,0,0,0,0
MTOR84MYELAR,0.0,0.0,0,0,0,0,0,0,0,0
MTOR84MYEMED,0.0,0.0,0,0,0,0,0,0,0,0
MTOR84OFW2XL,2.0,12.0,14,14,0,0,0,0,0,0
MTOR84OFWLAR,0.0,3.0,3,3,0,0,0,0,0,0
MTOR84OFWMED,0.0,4.0,4,4,0,0,0,0,0,0
MTOR84OFWXLR,1.0,19.0,20,20,0,0,0,0,0,0
MTOR84SKO2XL,0.0,1.0,1,1,0,0,0,0,0,0
MTOR84SKOLAR,0.0,0.0,0,0,0,0,0,0,0,0
MTOR84SKOXLR,0.0,1.0,1,1,0,0,0,0,0,0
MTOR84WLG2XL,0.0,3.0,3,3,0,0,0,0,0,0
MTOR84WLGLAR,22.0,9.0,31,31,0,0,0,0,0,0
MTOR84WLGMED,0.0,1.0,1,1,0,0,0,0,0,0
MTOR84WLGXLR,21.0,10.0,31,31,0,0,0,0,0,0
MTOR96RYBLAR,0.0,0.0,0,0,0,0,0,0,0,0
MTOR96RYBMED,0.0,5.0,5,5,0,0,0,0,0,0
MTOR96RYBXLR,0.0,0.0,0,0,0,0,0,0,0,0
MTOR97RYB2XL,0.0,1.0,1,1,0,0,0,0,0,0
MTOR97RYBLAR,0.0,0.0,0,0,0,0,0,0,0,0
MTOR97RYBMED,0.0,5.0,5,5,0,0,0,0,0,0
MTOR97RYBXLR,0.0,0.0,0,0,0,0,0,0,0,0
MTOR9PNKXLR,0.0,0.0,0,0,0,0,0,0,0,0
MTOR9SKYXLR,0.0,0.0,0,0,0,0,0,0,0,0
MTP476CBNMED,0.0,1.0,1,1,0,0,0,0,0,0
MTP476NVYMED,0.0,1.0,1,1,0,0,0,0,0,0
MTP476WHTXLR,0.0,1.0,1,1,0,0,0,0,0,0
MTP478DCN2XL,0.0,0.0,0,0,0,0,0,0,0,0
MTP478DCNXLR,0.0,1.0,1,1,0,0,0,0,0,0
MTP478REDMED,0.0,0.0,0,0,0,0,0,0,0,0
MTP480BGMSML,0.0,1.0,1,1,0,0,0,0,0,0
MTP494SPGXLR,0.0,1.0,1,1,0,0,0,0,0,0
MTP512OVMLAR,0.0,1.0,1,1,0,0,0,0,0,0
MTP537DMMMED,0.0,1.0,1,1,0,0,0,0,0,0
MTP545LTLXLR,0.0,0.0,0,0,0,0,0,0,0,0
MTP545NVYXLR,0.0,1.0,1,1,0,0,0,0,0,0
MTP545RYBMED,0.0,1.0,1,1,0,0,0,0,0,0
MTP570OVMSML,0.0,1.0,1,1,0,0,0,0,0,0
MTP571BUSLAR2PK,0.0,1.0,1,1,0,0,0,0,0,0
MTP571BUSMED2PK,0.0,0.0,0,0,0,0,0,0,0,0
MTP571BUSXLR2PK,0.0,1.0,1,1,0,0,0,0,0,0
MTP571DALLAR2PK,0.0,1.0,1,1,0,0,0,0,0,0
MTP571DALMED2PK,0.0,1.0,1,1,0,0,0,0,0,0
MTP571DALXLR2PK,0.0,4.0,4,4,0,0,0,0,0,0
MTP571DATLAR2PK,0.0,0.0,0,0,0,0,0,0,0,0
MTP571DATMED2PK,0.0,1.0,1,1,0,0,0,0,0,0
MTP571DATXLR2PK,0.0,1.0,1,1,0,0,0,0,0,0
MTP571DEBMED2PK,0.0,1.0,1,1,0,0,0,0,0,0
MTP572HTGSML,0.0,1.0,1,1,0,0,0,0,0,0
MTP572LTLMED,0.0,1.0,1,1,0,0,0,0,0,0
MTP575BBVMED,0.0,3.0,3,3,0,0,0,0,0,0
MTP575BBVXLR,0.0,1.0,1,1,0,0,0,0,0,0
MTP575CRDMED,0.0,1.0,1,1,0,0,0,0,0,0
MTP575CYWLAR,0.0,0.0,0,0,0,0,0,0,0,0
MTP575CYWMED,0.0,1.0,1,1,0,0,0,0,0,0
MTP582LTGXLR,0.0,1.0,1,1,0,0,0,0,0,0
MTP584BLF2XL,0.0,6.0,6,6,0,0,0,0,0,0
MTP584BLFMED,0.0,4.0,4,4,0,0,0,0,0,0
MTP584BLFXLR,0.0,2.0,2,2,0,0,0,0,0,0
MTP584COM2XL2PK,0.0,2.0,2,2,0,0,0,0,0,0
MTP584COMMED2PK,0.0,6.0,6,6,0,0,0,0,0,0
MTP584CRDLAR,0.0,2.0,2,2,0,0,0,0,0,0
MTP584CRDXLR,0.0,1.0,1,1,0,0,0,0,0,0
MTP584HTG2XL,0.0,2.0,2,2,0,0,0,0,0,0
MTP584HTGLAR,0.0,0.0,0,0,0,0,0,0,0,0
MTP584HTGMED,0.0,3.0,3,3,0,0,0,0,0,0
MTP584HTGXLR,0.0,1.0,1,1,0,0,0,0,0,0
MTP584MBN2XL,0.0,2.0,2,2,0,0,0,0,0,0
MTP584MBNMED,0.0,1.0,1,1,0,0,0,0,0,0
MTP584MBNXLR,0.0,1.0,1,1,0,0,0,0,0,0
MTP584REDLAR,0.0,1.0,1,1,0,0,0,0,0,0
MTP584REDMED,0.0,2.0,2,2,0,0,0,0,0,0
MTP584REDXLR,0.0,2.0,2,2,0,0,0,0,0,0
MTP584RERLAR2PK,0.0,6.0,6,6,0,0,0,0,0,0
MTP584RERMED2PK,0.0,5.0,5,5,0,0,0,0,0,0
MTP584RYB2XL,0.0,5.0,5,5,0,0,0,0,0,0
MTP584RYBMED,0.0,1.0,1,1,0,0,0,0,0,0
MTP584RYBXLR,0.0,1.0,1,1,0,0,0,0,0,0
MTP584SCB2XL,0.0,1.0,1,1,0,0,0,0,0,0
MTP584SCBLAR,0.0,1.0,1,1,0,0,0,0,0,0
MTP584SEG2XL,0.0,1.0,1,1,0,0,0,0,0,0
MTP584SEGLAR,0.0,1.0,1,1,0,0,0,0,0,0
MTP584SEGMED,0.0,2.0,2,2,0,0,0,0,0,0
MTP584SSE2XL,0.0,2.0,2,2,0,0,0,0,0,0
MTP584SSELAR,0.0,2.0,2,2,0,0,0,0,0,0
MTP584SSEMED,0.0,3.0,3,3,0,0,0,0,0,0
MTP584SSEXLR,0.0,5.0,5,5,0,0,0,0,0,0
MTP584STS2XL2PK,0.0,4.0,4,4,0,0,0,0,0,0
MTP584STSLAR2PK,0.0,2.0,2,2,0,0,0,0,0,0
MTP584STSMED2PK,0.0,6.0,6,6,0,0,0,0,0,0
MTP584SUS2XL2PK,0.0,2.0,2,2,0,0,0,0,0,0
MTP584SUSLAR2PK,0.0,3.0,3,3,0,0,0,0,0,0
MTP584SUSMED2PK,0.0,2.0,2,2,0,0,0,0,0,0
MTP584SUSXLR2PK,0.0,4.0,4,4,0,0,0,0,0,0
MTP586TELXLR,0.0,1.0,1,1,0,0,0,0,0,0
MTP586WHTMED,0.0,1.0,1,1,0,0,0,0,0,0
MTP586WHTXLR,0.0,1.0,1,1,0,0,0,0,0,0
MTP588REDXLR,0.0,0.0,0,0,0,0,0,0,0,0
MTP605LTGMED,0.0,0.0,0,0,0,0,0,0,0,0
MTP612BUGMED,0.0,0.0,0,0,0,0,0,0,0,0
MTP612CBNXLR,0.0,0.0,0,0,0,0,0,0,0,0
MTP612LTGLAR,0.0,0.0,0,0,0,0,0,0,0,0
MTP612LTGXLR,0.0,0.0,0,0,0,0,0,0,0,0
MTP612LTN2XL,0.0,0.0,0,0,0,0,0,0,0,0
MTP612LTNXLR,0.0,0.0,0,0,0,0,0,0,0,0
MTP612OVELAR,0.0,0.0,0,0,0,0,0,0,0,0
MTP613BUG2XL,0.0,0.0,0,0,0,0,0,0,0,0
MTP613BUGLAR,0.0,0.0,0,0,0,0,0,0,0,0
MTP613BUGMED,0.0,0.0,0,0,0,0,0,0,0,0
MTP613CRB2XL,0.0,0.0,0,0,0,0,0,0,0,0
MTP613CRBMED,0.0,0.0,0,0,0,0,0,0,0,0
MTP613CRBXLR,0.0,0.0,0,0,0,0,0,0,0,0
MTP613HTG2XL,0.0,2.0,2,2,0,0,0,0,0,0
MTP613HTGLAR,0.0,0.0,0,0,0,0,0,0,0,0
MTP613HTGXLR,0.0,0.0,0,0,0,0,0,0,0,0
MTP613TEL2XL,0.0,4.0,4,4,0,0,0,0,0,0
MTP613TELLAR,0.0,0.0,0,0,0,0,0,0,0,0
MTP613TELMED,0.0,0.0,0,0,0,0,0,0,0,0
MTP614EBESML,0.0,1.0,1,1,0,0,0,0,0,0
MTP615CRDMED,0.0,0.0,0,0,0,0,0,0,0,0
MTP615TELXLR,0.0,1.0,1,1,0,0,0,0,0,0
MTP618BCTSML,0.0,0.0,0,0,0,0,0,0,0,0
MTP621BCT2XL,0.0,0.0,0,0,0,0,0,0,0,0
MTP621BCTLAR,0.0,0.0,0,0,0,0,0,0,0,0
MTP621BCTMED,0.0,0.0,0,0,0,0,0,0,0,0
MTP621BCTSML,0.0,1.0,1,1,0,0,0,0,0,0
MTP621BCTXLR,0.0,1.0,1,1,0,0,0,0,0,0
MTP621BLFMED,0.0,0.0,0,0,0,0,0,0,0,0
MTP621BRDMED,0.0,0.0,0,0,0,0,0,0,0,0
MTP621CRB2XL,0.0,2.0,2,2,0,0,0,0,0,0
MTP621CRBSML,0.0,1.0,1,1,0,0,0,0,0,0
MTP621EBE2XL,0.0,1.0,1,1,0,0,0,0,0,0
MTP621EBELAR,0.0,0.0,0,0,0,0,0,0,0,0
MTP621EBEMED,0.0,1.0,1,1,0,0,0,0,0,0
MTP621EBESML,0.0,0.0,0,0,0,0,0,0,0,0
MTP621OML2XL,0.0,0.0,0,0,0,0,0,0,0,0
MTP621OMLLAR,0.0,0.0,0,0,0,0,0,0,0,0
MTP621OMLMED,0.0,1.0,1,1,0,0,0,0,0,0
MTP621OMLSML,0.0,1.0,1,1,0,0,0,0,0,0
MTP621OMLXLR,0.0,0.0,0,0,0,0,0,0,0,0
MTP621PGNLAR,0.0,0.0,0,0,0,0,0,0,0,0
MTP621PGNMED,0.0,0.0,0,0,0,0,0,0,0,0
MTP621PGNSML,0.0,1.0,1,1,0,0,0,0,0,0
MTP621PGNXLR,0.0,2.0,2,2,0,0,0,0,0,0
MTP621TLELAR,0.0,0.0,0,0,0,0,0,0,0,0
MTP621TLEMED,0.0,0.0,0,0,0,0,0,0,0,0
MTP621TLESML,0.0,0.0,0,0,0,0,0,0,0,0
MTP621TLEXLR,0.0,0.0,0,0,0,0,0,0,0,0
MTP626LTNMED,0.0,0.0,0,0,0,0,0,0,0,0
MTP626SCBLAR,0.0,0.0,0,0,0,0,0,0,0,0
MTP626SCBXLR,0.0,0.0,0,0,0,0,0,0,0,0
MTP627DRE2XL,0.0,0.0,0,0,0,0,0,0,0,0
MTP627LTNLAR,0.0,0.0,0,0,0,0,0,0,0,0
MTP627PGNLAR,0.0,0.0,0,0,0,0,0,0,0,0
MTP627PGNMED,0.0,0.0,0,0,0,0,0,0,0,0
MTP627SCBMED,0.0,5.0,5,5,0,0,0,0,0,0
MTP627SEGMED,0.0,0.0,0,0,0,0,0,0,0,0
MTP627SEGXLR,0.0,0.0,0,0,0,0,0,0,0,0
MTP629SGN2XL,0.0,1.0,1,1,0,0,0,0,0,0
MTP630SPMMED,0.0,0.0,0,0,0,0,0,0,0,0
MTP631DREXLR,0.0,1.0,1,1,0,0,0,0,0,0
MTP639BRDSML,0.0,1.0,1,1,0,0,0,0,0,0
MTP639LTGSML,0.0,2.0,2,2,0,0,0,0,0,0
MTP639SCBSML,0.0,2.0,2,2,0,0,0,0,0,0
MTP639WHT2XL,0.0,1.0,1,1,0,0,0,0,0,0
MTP639WHTSML,0.0,2.0,2,2,0,0,0,0,0,0
MTP642BMELAR,0.0,0.0,0,0,0,0,0,0,0,0
MTP642BMEMED,0.0,0.0,0,0,0,0,0,0,0,0
MTP642CEMLAR,0.0,0.0,0,0,0,0,0,0,0,0
MTP642CEMMED,0.0,0.0,0,0,0,0,0,0,0,0
MTP642CEMXLR,0.0,0.0,0,0,0,0,0,0,0,0
MTP642DCM2XL,0.0,0.0,0,0,0,0,0,0,0,0
MTP642DCMLAR,0.0,0.0,0,0,0,0,0,0,0,0
MTP642DCMMED,0.0,0.0,0,0,0,0,0,0,0,0
MTP642DCMSML,0.0,0.0,0,0,0,0,0,0,0,0
MTP642DCMXLR,0.0,0.0,0,0,0,0,0,0,0,0
MTP642DMMLAR,0.0,0.0,0,0,0,0,0,0,0,0
MTP642FGM2XL,0.0,0.0,0,0,0,0,0,0,0,0
MTP642FGMMED,0.0,1.0,1,1,0,0,0,0,0,0
MTP642FGMXLR,0.0,0.0,0,0,0,0,0,0,0,0
MTP642LGM2XL,0.0,2.0,2,2,0,0,0,0,0,0
MTP642LGMLAR,0.0,1.0,1,1,0,0,0,0,0,0
MTP642LGMMED,0.0,1.0,1,1,0,0,0,0,0,0
MTP642LGMSML,0.0,0.0,0,0,0,0,0,0,0,0
MTP642LGMXLR,0.0,0.0,0,0,0,0,0,0,0,0
MTP642LNMLAR,0.0,0.0,0,0,0,0,0,0,0,0
MTP642LNMMED,0.0,13.0,13,13,0,0,0,0,0,0
MTP647LTGMED,0.0,2.0,2,2,0,0,0,0,0,0
MTP648NVYLAR,0.0,0.0,0,0,0,0,0,0,0,0
MTP648TELMED,0.0,0.0,0,0,0,0,0,0,0,0
MTP659BLH2XL2PK,0.0,1.0,1,1,0,0,0,0,0,0
MTP659DRDMED,0.0,2.0,2,2,0,0,0,0,0,0
MTP659FAW2XL2PK,0.0,1.0,1,1,0,0,0,0,0,0
MTP659GHEMED,0.0,1.0,1,1,0,0,0,0,0,0
MTP659NVYLAR,0.0,0.0,0,0,0,0,0,0,0,0
MTP659NVYMED,0.0,3.0,3,3,0,0,0,0,0,0
MTP659RONMED,0.0,0.0,0,0,0,0,0,0,0,0
MTP659SOMLAR,0.0,2.0,2,2,0,0,0,0,0,0
MTP659SOMXLR,0.0,2.0,2,2,0,0,0,0,0,0
MTP659WGNXLR,0.0,0.0,0,0,0,0,0,0,0,0
MTP660BLKLAR,0.0,0.0,0,0,0,0,0,0,0,0
MTP660CRBXLR,0.0,6.0,6,6,0,0,0,0,0,0
MTP660LATLAR2PK,0.0,1.0,1,1,0,0,0,0,0,0
MTP660LATMED2PK,0.0,1.0,1,1,0,0,0,0,0,0
MTP660LATXLR2PK,0.0,1.0,1,1,0,0,0,0,0,0
MTP661BLF2XL,0.0,2.0,2,2,0,0,0,0,0,0
MTP661BLFLAR,0.0,0.0,0,0,0,0,0,0,0,0
MTP661BLFMED,0.0,2.0,2,2,0,0,0,0,0,0
MTP661BLKXLR,0.0,1.0,1,1,0,0,0,0,0,0
MTP661BTL2XL,0.0,1.0,1,1,0,0,0,0,0,0
MTP661CGEXLR,0.0,0.0,0,0,0,0,0,0,0,0
MTP661SSDXLR,0.0,2.0,2,2,0,0,0,0,0,0
MTP661UGYMED,0.0,1.0,1,1,0,0,0,0,0,0
MTP666BLK2XL004,0.0,2.0,2,2,0,0,0,0,0,0
MTP666BLKLAR004,0.0,2.0,2,2,0,0,0,0,0,0
MTP666BLKMED004,11.0,17.0,28,28,0,0,0,0,0,0
MTP666BLKSML004,16.0,20.0,36,36,0,0,0,0,0,0
MTP666BLKXLR004,0.0,0.0,0,0,0,0,0,0,0,0
MTP666CFK2XL004,0.0,0.0,0,0,0,0,0,0,0,0
MTP666CFKLAR004,0.0,0.0,0,0,0,0,0,0,0,0
MTP666CFKMED004,0.0,30.0,30,26,0,4,4,2,2,0
MTP666CFKSML004,0.0,26.0,26,22,0,4,4,2,2,0
MTP666CFKXLR004,0.0,0.0,0,0,0,0,0,0,0,0
MTP666CHA2XL002,0.0,5.0,5,5,0,0,0,0,0,0
MTP666CHA2XL004,0.0,0.0,0,0,0,0,0,0,0,0
MTP666CHALAR002,0.0,2.0,2,2,0,0,0,0,0,0
MTP666CHALAR004,0.0,1.0,1,1,0,0,0,0,0,0
MTP666CHAMED002,0.0,7.0,7,7,0,0,0,0,0,0
MTP666CHAMED004,49.0,26.0,75,53,16,6,22,10,9,3
MTP666CHASML002,1.0,17.0,18,18,0,0,0,0,0,0
MTP666CHASML004,19.0,10.0,29,29,0,0,0,0,0,0
MTP666CHAXLR002,0.0,10.0,10,10,0,0,0,0,0,0
MTP666CHAXLR004,0.0,0.0,0,0,0,0,0,0,0,0
MTP666MNB2XL002,1.0,23.0,24,21,0,3,3,1,1,1
MTP666MNB2XL004,0.0,10.0,10,10,0,0,0,0,0,0
MTP666MNBLAR002,0.0,3.0,3,3,0,0,0,0,0,0
MTP666MNBLAR004,11.0,16.0,27,27,0,0,0,0,0,0
MTP666MNBMED002,0.0,5.0,5,5,0,0,0,0,0,0
MTP666MNBMED004,69.0,10.0,79,62,17,0,17,8,7,2
MTP666MNBSML002,0.0,39.0,39,33,0,6,6,3,2,1
MTP666MNBSML004,29.0,10.0,39,39,0,0,0,0,0,0
MTP666MNBXLR002,5.0,11.0,16,16,0,0,0,0,0,0
MTP666MNBXLR004,17.0,17.0,34,34,0,0,0,0,0,0
MTP666TEL2XL002,0.0,2.0,2,2,0,0,0,0,0,0
MTP666TEL2XL004,0.0,3.0,3,3,0,0,0,0,0,0
MTP666TELLAR002,0.0,1.0,1,1,0,0,0,0,0,0
MTP666TELLAR004,0.0,6.0,6,6,0,0,0,0,0,0
MTP666TELMED002,0.0,8.0,8,8,0,0,0,0,0,0
MTP666TELMED004,48.0,26.0,74,52,16,6,22,10,9,3
MTP666TELSML002,8.0,20.0,28,28,0,0,0,0,0,0
MTP666TELSML004,26.0,10.0,36,36,0,0,0,0,0,0
MTP666TELXLR002,0.0,15.0,15,15,0,0,0,0,0,0
MTP666TELXLR004,0.0,18.0,18,18,0,0,0,0,0,0
MTP666WHT2XL002,0.0,1.0,1,1,0,0,0,0,0,0
MTP666WHTLAR002,0.0,0.0,0,0,0,0,0,0,0,0
MTP666WHTMED002,0.0,0.0,0,0,0,0,0,0,0,0
MTP666WHTSML002,0.0,1.0,1,1,0,0,0,0,0,0
MTP666WHTXLR002,0.0,0.0,0,0,0,0,0,0,0,0
MTP666WLG2XL002,0.0,3.0,3,3,0,0,0,0,0,0
MTP666WLGLAR002,0.0,3.0,3,3,0,0,0,0,0,0
MTP666WLGMED002,0.0,2.0,2,2,0,0,0,0,0,0
MTP666WLGSML002,0.0,27.0,27,23,0,4,4,2,2,0
MTP666WLGXLR002,0.0,2.0,2,2,0,0,0,0,0,0
MTP666YLW2XL002,0.0,6.0,6,6,0,0,0,0,0,0
MTP666YLW2XL004,0.0,3.0,3,3,0,0,0,0,0,0
MTP666YLWLAR002,0.0,7.0,7,7,0,0,0,0,0,0
MTP666YLWLAR004,0.0,2.0,2,2,0,0,0,0,0,0
MTP666YLWMED002,0.0,5.0,5,5,0,0,0,0,0,0
MTP666YLWMED004,34.0,30.0,64,51,4,9,13,6,5,2
MTP666YLWSML002,6.0,13.0,19,19,0,0,0,0,0,0
MTP666YLWSML004,17.0,15.0,32,32,0,0,0,0,0,0
MTP666YLWXLR002,0.0,3.0,3,3,0,0,0,0,0,0
MTP666YLWXLR004,1.0,20.0,21,21,0,0,0,0,0,0
MTP669BLK2XL,0.0,0.0,0,0,0,0,0,0,0,0
MTP669BLKLAR,0.0,0.0,0,0,0,0,0,0,0,0
MTP669BLKMED,0.0,0.0,0,0,0,0,0,0,0,0
MTP669BLKSML,0.0,0.0,0,0,0,0,0,0,0,0
MTP669BLKXLR,0.0,0.0,0,0,0,0,0,0,0,0
MTP669BTLLAR,0.0,0.0,0,0,0,0,0,0,0,0
MTP669BTLMED,0.0,0.0,0,0,0,0,0,0,0,0
MTP669DCNLAR,0.0,2.0,2,2,0,0,0,0,0,0
MTP669DCNMED,0.0,0.0,0,0,0,0,0,0,0,0
MTP669DCNXLR,0.0,0.0,0,0,0,0,0,0,0,0
MTP669HTGLAR,0.0,0.0,0,0,0,0,0,0,0,0
MTP669HTGMED,0.0,0.0,0,0,0,0,0,0,0,0
MTP669HTGXLR,0.0,0.0,0,0,0,0,0,0,0,0
MTP669NVYXLR,0.0,1.0,1,1,0,0,0,0,0,0
MTP669OMLLAR,0.0,12.0,12,12,0,0,0,0,0,0
MTP669OMLMED,0.0,0.0,0,0,0,0,0,0,0,0
MTP669RSTLAR,0.0,0.0,0,0,0,0,0,0,0,0
MTP669RSTMED,0.0,0.0,0,0,0,0,0,0,0,0
MTP669SCBLAR,0.0,0.0,0,0,0,0,0,0,0,0
MTP670BRD2XL429,0.0,0.0,0,0,0,0,0,0,0,0
MTP670BRDLAR,0.0,1.0,1,1,0,0,0,0,0,0
MTP670BRDLAR429,369.0,245.0,614,393,133,88,221,104,86,31
MTP670BRDMED,0.0,0.0,0,0,0,0,0,0,0,0
MTP670BRDMED429,98.0,40.0,138,88,30,20,50,24,19,7
MTP670BRDXLR,0.0,0.0,0,0,0,0,0,0,0,0
MTP670BRDXLR429,297.0,52.0,349,241,76,32,108,51,42,15
MTP670DRE2XL,0.0,1.0,1,1,0,0,0,0,0,0
MTP670DRELAR,0.0,0.0,0,0,0,0,0,0,0,0
MTP670DSBLAR,0.0,1.0,1,1,0,0,0,0,0,0
MTP670DSBXLR,0.0,0.0,0,0,0,0,0,0,0,0
MTP670NYB2XL,19.0,18.0,37,37,0,0,0,0,0,0
MTP670NYBLAR,651.0,349.0,1000,640,216,144,360,170,140,50
MTP670NYBMED,302.0,30.0,332,250,72,10,82,39,32,11
MTP670NYBXLR,470.0,161.0,631,404,136,91,227,107,88,32
MTP670PGNLAR,0.0,0.0,0,0,0,0,0,0,0,0
MTP670PGNMED,0.0,0.0,0,0,0,0,0,0,0,0
MTP670PGNXLR,0.0,0.0,0,0,0,0,0,0,0,0
MTP670SEGLAR,0.0,29.0,29,25,0,4,4,2,2,0
MTP670SEGXLR,0.0,0.0,0,0,0,0,0,0,0,0
MTP670SKO2XL,20.0,12.0,32,32,0,0,0,0,0,0
MTP670SKOLAR,893.0,326.0,1219,780,263,176,439,207,171,61
MTP670SKOMED,336.0,100.0,436,279,94,63,157,74,61,22
MTP670SKOXLR,625.0,302.0,927,593,200,134,334,158,130,46
MTP670TRN2XL,0.0,6.0,6,6,0,0,0,0,0,0
MTP670TRNLAR,515.0,233.0,748,479,161,108,269,127,105,37
MTP670TRNMED,118.0,20.0,138,108,30,0,30,14,12,4
MTP670TRNXLR,290.0,22.0,312,243,67,2,69,33,27,9
MTP673PGN2XL,0.0,0.0,0,0,0,0,0,0,0,0
MTP674BLK2XL,0.0,3.0,3,3,0,0,0,0,0,0
MTP674CYW2XL,0.0,1.0,1,1,0,0,0,0,0,0
MTP674HTG2XL,0.0,2.0,2,2,0,0,0,0,0,0
MTP674RPK2XL,0.0,1.0,1,1,0,0,0,0,0,0
MTP674RPKLAR,0.0,1.0,1,1,0,0,0,0,0,0
MTP682BLKLAR,0.0,5.0,5,5,0,0,0,0,0,0
MTP682BLKMED,0.0,7.0,7,7,0,0,0,0,0,0
MTP682BLKXLR,0.0,6.0,6,6,0,0,0,0,0,0
MTP682BRNLAR,0.0,9.0,9,9,0,0,0,0,0,0
MTP682BRNMED,0.0,6.0,6,6,0,0,0,0,0,0
MTP682BRNXLR,0.0,7.0,7,7,0,0,0,0,0,0
MTP682LRG2XL,0.0,10.0,10,10,0,0,0,0,0,0
MTP682LRGLAR,0.0,1.0,1,1,0,0,0,0,0,0
MTP682LRGMED,0.0,1.0,1,1,0,0,0,0,0,0
MTP682LTBMED,0.0,4.0,4,4,0,0,0,0,0,0
MTP682LTBXLR,0.0,1.0,1,1,0,0,0,0,0,0
MTP682PGNLAR,0.0,5.0,5,5,0,0,0,0,0,0
MTP682PGNMED,0.0,1.0,1,1,0,0,0,0,0,0
MTP682PGNXLR,0.0,1.0,1,1,0,0,0,0,0,0
MTP682WWDLAR,0.0,6.0,6,6,0,0,0,0,0,0
MTP682WWDMED,0.0,9.0,9,9,0,0,0,0,0,0
MTP682WWDXLR,0.0,6.0,6,6,0,0,0,0,0,0
MTP685BLK2XL,0.0,2.0,2,2,0,0,0,0,0,0
MTP685BLKMED,0.0,1.0,1,1,0,0,0,0,0,0
MTP685BLKXLR,0.0,1.0,1,1,0,0,0,0,0,0
MTP685BLL2XL2PK,0.0,6.0,6,6,0,0,0,0,0,0
MTP685BLLMED2PK,0.0,1.0,1,1,0,0,0,0,0,0
MTP685BLLXLR2PK,0.0,2.0,2,2,0,0,0,0,0,0
MTP685CLY2XL,0.0,4.0,4,4,0,0,0,0,0,0
MTP685CLYLAR,0.0,1.0,1,1,0,0,0,0,0,0
MTP685CLYXLR,0.0,3.0,3,3,0,0,0,0,0,0
MTP685LIO2XL2PK,0.0,3.0,3,3,0,0,0,0,0,0
MTP685LIOLAR2PK,0.0,2.0,2,2,0,0,0,0,0,0
MTP685LIOMED2PK,0.0,5.0,5,5,0,0,0,0,0,0
MTP685LIOXLR2PK,0.0,1.0,1,1,0,0,0,0,0,0
MTP685LRGXLR,0.0,1.0,1,1,0,0,0,0,0,0
MTP685LTOLAR,0.0,0.0,0,0,0,0,0,0,0,0
MTP685LTOMED,0.0,0.0,0,0,0,0,0,0,0,0
MTP685MIS2XL2PK,0.0,4.0,4,4,0,0,0,0,0,0
MTP685MISLAR2PK,0.0,1.0,1,1,0,0,0,0,0,0
MTP685MISMED2PK,0.0,3.0,3,3,0,0,0,0,0,0
MTP685MISXLR2PK,0.0,1.0,1,1,0,0,0,0,0,0
MTP685MNBMED,0.0,1.0,1,1,0,0,0,0,0,0
MTP685OFW2XL,0.0,1.0,1,1,0,0,0,0,0,0
MTP685OFWLAR,0.0,1.0,1,1,0,0,0,0,0,0
MTP685RBD2XL,0.0,0.0,0,0,0,0,0,0,0,0
MTP685RBDLAR,0.0,1.0,1,1,0,0,0,0,0,0
MTP685RBDMED,0.0,1.0,1,1,0,0,0,0,0,0
MTP685RBDXLR,0.0,1.0,1,1,0,0,0,0,0,0
MTP685RUC2XL2PK,0.0,4.0,4,4,0,0,0,0,0,0
MTP685RUCLAR2PK,0.0,5.0,5,5,0,0,0,0,0,0
MTP685RUCMED2PK,0.0,13.0,13,13,0,0,0,0,0,0
MTP685RUCXLR2PK,0.0,4.0,4,4,0,0,0,0,0,0
MTP685SPK2XL,0.0,1.0,1,1,0,0,0,0,0,0
MTP685SPKLAR,0.0,2.0,2,2,0,0,0,0,0,0
MTP685SPKMED,0.0,1.0,1,1,0,0,0,0,0,0
MTP685SPKXLR,0.0,1.0,1,1,0,0,0,0,0,0
MTP686BLKLAR,0.0,4.0,4,4,0,0,0,0,0,0
MTP686BLKXLR,0.0,2.0,2,2,0,0,0,0,0,0
MTP686BRD2XL,0.0,2.0,2,2,0,0,0,0,0,0
MTP686BRDLAR,0.0,3.0,3,3,0,0,0,0,0,0
MTP686BRDMED,0.0,5.0,5,5,0,0,0,0,0,0
MTP686BRDXLR,0.0,4.0,4,4,0,0,0,0,0,0
MTP686BRN2XL,0.0,3.0,3,3,0,0,0,0,0,0
MTP686BRNLAR,0.0,7.0,7,7,0,0,0,0,0,0
MTP686BRNMED,0.0,2.0,2,2,0,0,0,0,0,0
MTP686BRNXLR,0.0,8.0,8,8,0,0,0,0,0,0
MTP686OABMED2PK,0.0,2.0,2,2,0,0,0,0,0,0
MTP686OMLLAR,0.0,1.0,1,1,0,0,0,0,0,0
MTP686OMLMED,0.0,0.0,0,0,0,0,0,0,0,0
MTP686PCH2XL,0.0,5.0,5,5,0,0,0,0,0,0
MTP686PCHLAR,0.0,3.0,3,3,0,0,0,0,0,0
MTP686PCHMED,0.0,4.0,4,4,0,0,0,0,0,0
MTP686PCHXLR,0.0,12.0,12,12,0,0,0,0,0,0
MTP686PEB2XL2PK,0.0,5.0,5,5,0,0,0,0,0,0
MTP686PEBLAR2PK,0.0,14.0,14,14,0,0,0,0,0,0
MTP686PEBMED2PK,0.0,14.0,14,14,0,0,0,0,0,0
MTP686PEBXLR2PK,0.0,8.0,8,8,0,0,0,0,0,0
MTP686PGN2XL,0.0,2.0,2,2,0,0,0,0,0,0
MTP686PGNLAR,0.0,4.0,4,4,0,0,0,0,0,0
MTP686PGNMED,0.0,1.0,1,1,0,0,0,0,0,0
MTP686PGNXLR,0.0,2.0,2,2,0,0,0,0,0,0
MTP686RIPLAR2PK,0.0,3.0,3,3,0,0,0,0,0,0
MTP686RIPMED2PK,0.0,8.0,8,8,0,0,0,0,0,0
MTP686RIPXLR2PK,0.0,5.0,5,5,0,0,0,0,0,0
MTP686RVA2XL,0.0,1.0,1,1,0,0,0,0,0,0
MTP686RVALAR,0.0,3.0,3,3,0,0,0,0,0,0
MTP686RVAMED,0.0,3.0,3,3,0,0,0,0,0,0
MTP686RVAXLR,0.0,3.0,3,3,0,0,0,0,0,0
MTP686WIB2XL2PK,0.0,2.0,2,2,0,0,0,0,0,0
MTP686WIBLAR2PK,0.0,2.0,2,2,0,0,0,0,0,0
MTP686WIBMED2PK,0.0,4.0,4,4,0,0,0,0,0,0
MTP686WIBXLR2PK,0.0,2.0,2,2,0,0,0,0,0,0
MTP686WWD2XL,0.0,5.0,5,5,0,0,0,0,0,0
MTP686WWDLAR,0.0,2.0,2,2,0,0,0,0,0,0
MTP686WWDMED,0.0,4.0,4,4,0,0,0,0,0,0
MTP686WWDXLR,0.0,4.0,4,4,0,0,0,0,0,0
MTP687PAELAR,0.0,1.0,1,1,0,0,0,0,0,0
MTP688BRDMED,0.0,0.0,0,0,0,0,0,0,0,0
MTP688HTGLAR,0.0,0.0,0,0,0,0,0,0,0,0
MTP688LTG2XL,0.0,1.0,1,1,0,0,0,0,0,0
MTP688LTGLAR,0.0,1.0,1,1,0,0,0,0,0,0
MTP688SEGXLR,0.0,0.0,0,0,0,0,0,0,0,0
MTP689MBNMED,0.0,0.0,0,0,0,0,0,0,0,0
MTP690BRMLAR,0.0,14.0,14,14,0,0,0,0,0,0
MTP690DCMLAR,0.0,0.0,0,0,0,0,0,0,0,0
MTP690SBMLAR,0.0,5.0,5,5,0,0,0,0,0,0
MTP690SBMMED,0.0,0.0,0,0,0,0,0,0,0,0
MTP690SGMLAR,0.0,0.0,0,0,0,0,0,0,0,0
MTP691DSBXLR,0.0,0.0,0,0,0,0,0,0,0,0
MTP691DTELAR,0.0,0.0,0,0,0,0,0,0,0,0
MTP691MNB2XL,0.0,2.0,2,2,0,0,0,0,0,0
MTP691SBKMED,0.0,0.0,0,0,0,0,0,0,0,0
MTP691TLE2XL,0.0,1.0,1,1,0,0,0,0,0,0
MTP692BLK2XL,0.0,7.0,7,7,0,0,0,0,0,0
MTP692BLKLAR,0.0,1.0,1,1,0,0,0,0,0,0
MTP692BLKMED,0.0,1.0,1,1,0,0,0,0,0,0
MTP692BSR2XL2PK,0.0,1.0,1,1,0,0,0,0,0,0
MTP692BSRLAR2PK,0.0,1.0,1,1,0,0,0,0,0,0
MTP692BSRMED2PK,0.0,19.0,19,19,0,0,0,0,0,0
MTP692BSRXLR2PK,0.0,0.0,0,0,0,0,0,0,0,0
MTP692CLY2XL,0.0,2.0,2,2,0,0,0,0,0,0
MTP692CLYLAR,0.0,1.0,1,1,0,0,0,0,0,0
MTP692CLYXLR,0.0,0.0,0,0,0,0,0,0,0,0
MTP692CSK2XL2PK,0.0,0.0,0,0,0,0,0,0,0,0
MTP692CSKMED2PK,0.0,9.0,9,9,0,0,0,0,0,0
MTP692DBTMED2PK,0.0,1.0,1,1,0,0,0,0,0,0
MTP692DMBMED2PK,0.0,1.0,1,1,0,0,0,0,0,0
MTP692DSBMED,0.0,0.0,0,0,0,0,0,0,0,0
MTP692DTE2XL,0.0,1.0,1,1,0,0,0,0,0,0
MTP692DTELAR,0.0,1.0,1,1,0,0,0,0,0,0
MTP692DTEXLR,0.0,0.0,0,0,0,0,0,0,0,0
MTP692MNBMED,0.0,0.0,0,0,0,0,0,0,0,0
MTP692MNBXLR,0.0,1.0,1,1,0,0,0,0,0,0
MTP692SBK2XL,0.0,1.0,1,1,0,0,0,0,0,0
MTP692TLELAR,0.0,4.0,4,4,0,0,0,0,0,0
MTP695MBNLAR,0.0,1.0,1,1,0,0,0,0,0,0
MTP701AGY2XL,0.0,4.0,4,4,0,0,0,0,0,0
MTP701AGYLAR,0.0,13.0,13,13,0,0,0,0,0,0
MTP701AGYMED,0.0,0.0,0,0,0,0,0,0,0,0
MTP701AGYXLR,0.0,0.0,0,0,0,0,0,0,0,0
MTP701BLE2XL,0.0,0.0,0,0,0,0,0,0,0,0
MTP701BLELAR,0.0,2.0,2,2,0,0,0,0,0,0
MTP701BLEMED,0.0,2.0,2,2,0,0,0,0,0,0
MTP701BLESML,0.0,1.0,1,1,0,0,0,0,0,0
MTP701BLEXLR,0.0,0.0,0,0,0,0,0,0,0,0
MTP701BLK2XL,0.0,0.0,0,0,0,0,0,0,0,0
MTP701BLK2XL449,33.0,10.0,43,40,3,0,3,1,1,1
MTP701BLKLAR,0.0,0.0,0,0,0,0,0,0,0,0
MTP701BLKLAR449,274.0,103.0,377,241,82,54,136,64,53,19
MTP701BLKMED,0.0,0.0,0,0,0,0,0,0,0,0
MTP701BLKMED449,0.0,3.0,3,3,0,0,0,0,0,0
MTP701BLKSML449,0.0,17.0,17,17,0,0,0,0,0,0
MTP701BLKXLR449,86.0,17.0,103,81,22,0,22,10,9,3
MTP701BOE2XL,0.0,3.0,3,3,0,0,0,0,0,0
MTP701BOELAR,0.0,0.0,0,0,0,0,0,0,0,0
MTP701BOEMED,0.0,2.0,2,2,0,0,0,0,0,0
MTP701BOEXLR,0.0,0.0,0,0,0,0,0,0,0,0
MTP701CFK2XL,0.0,9.0,9,9,0,0,0,0,0,0
MTP701CFKLAR,0.0,0.0,0,0,0,0,0,0,0,0
MTP701CFKMED,0.0,0.0,0,0,0,0,0,0,0,0
MTP701CFKXLR,0.0,2.0,2,2,0,0,0,0,0,0
MTP701CHA2XL,0.0,0.0,0,0,0,0,0,0,0,0
MTP701CHALAR,0.0,0.0,0,0,0,0,0,0,0,0
MTP701CHAMED,0.0,0.0,0,0,0,0,0,0,0,0
MTP701CHAXLR,0.0,0.0,0,0,0,0,0,0,0,0
MTP701CRBLAR,0.0,0.0,0,0,0,0,0,0,0,0
MTP701CRBXLR,0.0,0.0,0,0,0,0,0,0,0,0
MTP701CTFMED,0.0,1.0,1,1,0,0,0,0,0,0
MTP701CTFXLR,0.0,1.0,1,1,0,0,0,0,0,0
MTP701FIGLAR,0.0,0.0,0,0,0,0,0,0,0,0
MTP701FIGMED,0.0,1.0,1,1,0,0,0,0,0,0
MTP701FIGXLR,0.0,1.0,1,1,0,0,0,0,0,0
MTP701GYR2XL,0.0,1.0,1,1,0,0,0,0,0,0
MTP701GYRMED,0.0,0.0,0,0,0,0,0,0,0,0
MTP701GYRXLR,0.0,1.0,1,1,0,0,0,0,0,0
MTP701IRG2XL,0.0,1.0,1,1,0,0,0,0,0,0
MTP701IRGMED,0.0,0.0,0,0,0,0,0,0,0,0
MTP701IRGXLR,0.0,0.0,0,0,0,0,0,0,0,0
MTP701LRG2XL,0.0,0.0,0,0,0,0,0,0,0,0
MTP701LRGMED,0.0,2.0,2,2,0,0,0,0,0,0
MTP701LRGXLR,0.0,1.0,1,1,0,0,0,0,0,0
MTP701LTGXLR,0.0,0.0,0,0,0,0,0,0,0,0
MTP701MNB2XL,0.0,23.0,23,20,0,3,3,1,1,1
MTP701MNBLAR,0.0,20.0,20,20,0,0,0,0,0,0
MTP701MNBMED,0.0,16.0,16,16,0,0,0,0,0,0
MTP701MNBXLR,0.0,27.0,27,23,0,4,4,2,2,0
MTP701MYE2XL,0.0,1.0,1,1,0,0,0,0,0,0
MTP701MYELAR,0.0,1.0,1,1,0,0,0,0,0,0
MTP701MYEMED,0.0,1.0,1,1,0,0,0,0,0,0
MTP701NYB2XL,0.0,9.0,9,9,0,0,0,0,0,0
MTP701NYBLAR,0.0,0.0,0,0,0,0,0,0,0,0
MTP701NYBMED,0.0,0.0,0,0,0,0,0,0,0,0
MTP701NYBXLR,0.0,0.0,0,0,0,0,0,0,0,0
MTP701OBR2XL,0.0,9.0,9,9,0,0,0,0,0,0
MTP701OBRLAR,0.0,0.0,0,0,0,0,0,0,0,0
MTP701OBRMED,0.0,29.0,29,25,0,4,4,2,2,0
MTP701OBRXLR,0.0,0.0,0,0,0,0,0,0,0,0
MTP701OGY2XL,0.0,2.0,2,2,0,0,0,0,0,0
MTP701OGYLAR,0.0,0.0,0,0,0,0,0,0,0,0
MTP701OGYMED,0.0,1.0,1,1,0,0,0,0,0,0
MTP701OGYXLR,0.0,0.0,0,0,0,0,0,0,0,0
MTP701OINLAR,0.0,0.0,0,0,0,0,0,0,0,0
MTP701OINMED,0.0,0.0,0,0,0,0,0,0,0,0
MTP701OINXLR,0.0,0.0,0,0,0,0,0,0,0,0
MTP701SKO2XL,0.0,22.0,22,20,0,2,2,1,1,0
MTP701SKOLAR,0.0,3.0,3,3,0,0,0,0,0,0
MTP701SKOMED,0.0,21.0,21,20,0,1,1,0,0,1
MTP701SKOXLR,0.0,18.0,18,18,0,0,0,0,0,0
MTP701TEL2XL,0.0,2.0,2,2,0,0,0,0,0,0
MTP701TELLAR,0.0,0.0,0,0,0,0,0,0,0,0
MTP701TELMED,0.0,0.0,0,0,0,0,0,0,0,0
MTP701TELXLR,0.0,0.0,0,0,0,0,0,0,0,0
MTP701TMC2XL,0.0,0.0,0,0,0,0,0,0,0,0
MTP701TSPMED,0.0,0.0,0,0,0,0,0,0,0,0
MTP701UGY2XL,0.0,3.0,3,3,0,0,0,0,0,0
MTP701UGYLAR,0.0,3.0,3,3,0,0,0,0,0,0
MTP701UGYMED,25.0,11.0,36,36,0,0,0,0,0,0
MTP701UGYXLR,0.0,0.0,0,0,0,0,0,0,0,0
MTP701YLW2XL,0.0,23.0,23,20,0,3,3,1,1,1
MTP701YLWLAR,0.0,0.0,0,0,0,0,0,0,0,0
MTP701YLWMED,0.0,17.0,17,17,0,0,0,0,0,0
MTP701YLWXLR,0.0,0.0,0,0,0,0,0,0,0,0
MTP702AGYLAR,0.0,0.0,0,0,0,0,0,0,0,0
MTP702AGYMED,0.0,1.0,1,1,0,0,0,0,0,0
MTP702AGYXLR,0.0,0.0,0,0,0,0,0,0,0,0
MTP702BLK2XL,0.0,2.0,2,2,0,0,0,0,0,0
MTP702BLK2XL599,0.0,5.0,5,5,0,0,0,0,0,0
MTP702BLKLAR,0.0,8.0,8,8,0,0,0,0,0,0
MTP702BLKLAR599,284.0,36.0,320,235,69,16,85,40,33,12
MTP702BLKMED,0.0,9.0,9,9,0,0,0,0,0,0
MTP702BLKMED599,153.0,19.0,172,135,37,0,37,17,14,6
MTP702BLKXLR,0.0,1.0,1,1,0,0,0,0,0,0
MTP702BLKXLR599,55.0,10.0,65,51,14,0,14,7,5,2
MTP702BRD2XL,0.0,1.0,1,1,0,0,0,0,0,0
MTP702BRDLAR,0.0,0.0,0,0,0,0,0,0,0,0
MTP702BRDMED,0.0,25.0,25,21,0,4,4,2,2,0
MTP702BRDXLR,0.0,0.0,0,0,0,0,0,0,0,0
MTP702BTELAR,0.0,42.0,42,36,0,6,6,3,2,1
MTP702BTEMED,0.0,0.0,0,0,0,0,0,0,0,0
MTP702CRB2XL,0.0,4.0,4,4,0,0,0,0,0,0
MTP702CRBLAR,0.0,0.0,0,0,0,0,0,0,0,0
MTP702CRBMED,0.0,50.0,50,43,0,7,7,3,3,1
MTP702CRBXLR,0.0,0.0,0,0,0,0,0,0,0,0
MTP702GVE2XL,0.0,0.0,0,0,0,0,0,0,0,0
MTP702GVE2XL599,0.0,4.0,4,4,0,0,0,0,0,0
MTP702GVELAR,0.0,4.0,4,4,0,0,0,0,0,0
MTP702GVELAR599,232.0,44.0,276,193,59,24,83,39,32,12
MTP702GVEMED,0.0,13.0,13,13,0,0,0,0,0,0
MTP702GVEMED599,175.0,69.0,244,156,53,35,88,42,34,12
MTP702GVEXLR,0.0,2.0,2,2,0,0,0,0,0,0
MTP702GVEXLR599,61.0,12.0,73,57,16,0,16,8,6,2
MTP702HBELAR,0.0,0.0,0,0,0,0,0,0,0,0
MTP702HBEMED,0.0,0.0,0,0,0,0,0,0,0,0
MTP702IGOLAR,0.0,1.0,1,1,0,0,0,0,0,0
MTP702IRGLAR,0.0,1.0,1,1,0,0,0,0,0,0
MTP702LGN2XL,0.0,3.0,3,3,0,0,0,0,0,0
MTP702LGNMED,0.0,5.0,5,5,0,0,0,0,0,0
MTP702LGNXLR,0.0,1.0,1,1,0,0,0,0,0,0
MTP702LTG2XL,8.0,31.0,39,33,0,6,6,3,2,1
MTP702LTGLAR,242.0,147.0,389,249,84,56,140,66,54,20
MTP702LTGMED,180.0,59.0,239,153,52,34,86,41,33,12
MTP702LTGXLR,84.0,54.0,138,88,30,20,50,24,19,7
MTP702MTG2XL,48.0,38.0,86,56,18,12,30,14,12,4
MTP702MTGLAR,356.0,170.0,526,337,113,76,189,89,74,26
MTP702MTGMED,239.0,82.0,321,205,70,46,116,55,45,16
MTP702MTGXLR,176.0,64.0,240,154,52,34,86,41,33,12
MTP702NVY2XL,0.0,0.0,0,0,0,0,0,0,0,0
MTP702NVYLAR,0.0,0.0,0,0,0,0,0,0,0,0
MTP702NVYMED,0.0,0.0,0,0,0,0,0,0,0,0
MTP702NVYXLR,0.0,0.0,0,0,0,0,0,0,0,0
MTP702OBR2XL,0.0,0.0,0,0,0,0,0,0,0,0
MTP702OBR2XL599,0.0,9.0,9,9,0,0,0,0,0,0
MTP702OBRLAR,0.0,1.0,1,1,0,0,0,0,0,0
MTP702OBRLAR599,240.0,134.0,374,239,81,54,135,64,52,19
MTP702OBRMED,0.0,3.0,3,3,0,0,0,0,0,0
MTP702OBRMED599,120.0,60.0,180,115,39,26,65,31,25,9
MTP702OBRXLR,0.0,1.0,1,1,0,0,0,0,0,0
MTP702OBRXLR599,91.0,45.0,136,87,29,20,49,23,19,7
MTP702OINXLR,0.0,0.0,0,0,0,0,0,0,0,0
MTP702TLE2XL,0.0,5.0,5,5,0,0,0,0,0,0
MTP702TLELAR,2.0,10.0,12,12,0,0,0,0,0,0
MTP702TLEMED,0.0,5.0,5,5,0,0,0,0,0,0
MTP702TLEXLR,0.0,1.0,1,1,0,0,0,0,0,0
MTP702TSPLAR,0.0,0.0,0,0,0,0,0,0,0,0
MTP702TSPMED,0.0,0.0,0,0,0,0,0,0,0,0
MTP702TSPXLR,0.0,0.0,0,0,0,0,0,0,0,0
MTP702WHT2XL,0.0,0.0,0,0,0,0,0,0,0,0
MTP702WHT2XL599,0.0,5.0,5,5,0,0,0,0,0,0
MTP702WHTLAR,0.0,5.0,5,5,0,0,0,0,0,0
MTP702WHTLAR599,88.0,10.0,98,77,21,0,21,10,8,3
MTP702WHTMED,0.0,2.0,2,2,0,0,0,0,0,0
MTP702WHTMED599,43.0,10.0,53,42,11,0,11,5,4,2
MTP702WHTXLR,0.0,1.0,1,1,0,0,0,0,0,0
MTP702WHTXLR599,0.0,2.0,2,2,0,0,0,0,0,0
MTP703IGOLAR,0.0,0.0,0,0,0,0,0,0,0,0
MTP706BEL2XL,4.0,10.0,14,14,0,0,0,0,0,0
MTP706BELLAR,48.0,10.0,58,45,13,0,13,6,5,2
MTP706BELMED,0.0,11.0,11,11,0,0,0,0,0,0
MTP706BELSML,0.0,6.0,6,6,0,0,0,0,0,0
MTP706BELXLR,4.0,10.0,14,14,0,0,0,0,0,0
MTP706BRD2XL,0.0,1.0,1,1,0,0,0,0,0,0
MTP706BRD2XL369,175.0,189.0,364,233,79,52,131,62,51,18
MTP706BRDLAR,0.0,2.0,2,2,0,0,0,0,0,0
MTP706BRDLAR369,1329.0,173.0,1502,1024,325,153,478,226,186,66
MTP706BRDMED,0.0,0.0,0,0,0,0,0,0,0,0
MTP706BRDMED369,722.0,138.0,860,556,186,118,304,144,118,42
MTP706BRDSML,0.0,0.0,0,0,0,0,0,0,0,0
MTP706BRDSML369,279.0,198.0,477,305,103,69,172,81,67,24
MTP706BRDXLR,0.0,0.0,0,0,0,0,0,0,0,0
MTP706BRDXLR369,1248.0,183.0,1431,959,309,163,472,223,184,65
MTP706FIG2XL,0.0,1.0,1,1,0,0,0,0,0,0
MTP706FIGLAR,0.0,1.0,1,1,0,0,0,0,0,0
MTP706FIGMED,37.0,11.0,48,41,7,0,7,3,3,1
MTP706FIGXLR,8.0,10.0,18,18,0,0,0,0,0,0
MTP706GVE2XL,0.0,1.0,1,1,0,0,0,0,0,0
MTP706GVE2XL369,233.0,139.0,372,238,80,54,134,63,52,19
MTP706GVELAR,0.0,0.0,0,0,0,0,0,0,0,0
MTP706GVELAR369,1475.0,143.0,1618,1146,349,123,472,223,184,65
MTP706GVEMED,7.0,10.0,17,17,0,0,0,0,0,0
MTP706GVEMED369,892.0,195.0,1087,696,235,156,391,185,152,54
MTP706GVESML,0.0,1.0,1,1,0,0,0,0,0,0
MTP706GVESML369,323.0,187.0,510,326,110,74,184,87,72,25
MTP706GVEXLR,0.0,0.0,0,0,0,0,0,0,0,0
MTP706GVEXLR369,1379.0,160.0,1539,1067,332,140,472,223,184,65
MTP707WWDSML,0.0,0.0,0,0,0,0,0,0,0,0
MTP710BLK2XL,0.0,0.0,0,0,0,0,0,0,0,0
MTP710BLKLAR,0.0,1.0,1,1,0,0,0,0,0,0
MTP710BLKXLR,0.0,0.0,0,0,0,0,0,0,0,0
MTP710NVY2XL,0.0,0.0,0,0,0,0,0,0,0,0
MTP710NVY3XL,0.0,0.0,0,0,0,0,0,0,0,0
MTP710NVYLAR,0.0,0.0,0,0,0,0,0,0,0,0
MTP710NVYMED,0.0,0.0,0,0,0,0,0,0,0,0
MTP710NVYXLR,0.0,0.0,0,0,0,0,0,0,0,0
MTP710SBELAR,0.0,0.0,0,0,0,0,0,0,0,0
MTP710SBEMED,0.0,1.0,1,1,0,0,0,0,0,0
MTP710WHT2XL,0.0,5.0,5,5,0,0,0,0,0,0
MTP710WHTLAR,0.0,0.0,0,0,0,0,0,0,0,0
MTP710WHTMED,0.0,0.0,0,0,0,0,0,0,0,0
MTP710WHTXLR,0.0,0.0,0,0,0,0,0,0,0,0
MTP712AGY2XL,125.0,134.0,259,166,56,37,93,44,36,13
MTP712AGYLAR,472.0,369.0,841,538,182,121,303,143,118,42
MTP712AGYMED,484.0,356.0,840,538,181,121,302,143,117,42
MTP712AGYSML,302.0,198.0,500,320,108,72,180,85,70,25
MTP712AGYXLR,466.0,361.0,827,529,179,119,298,141,116,41
MTP712DCN2XL,0.0,8.0,8,8,0,0,0,0,0,0
MTP712DCN2XL419,0.0,0.0,0,0,0,0,0,0,0,0
MTP712DCNLAR,0.0,0.0,0,0,0,0,0,0,0,0
MTP712DCNMED,0.0,0.0,0,0,0,0,0,0,0,0
MTP712DCNXLR,0.0,38.0,38,32,0,6,6,3,2,1
MTP712GFT2XL,275.0,112.0,387,248,83,56,139,66,54,19
MTP712GFTLAR,1104.0,20.0,1124,881,243,0,243,115,94,34
MTP712GFTMED,1053.0,20.0,1073,841,232,0,232,110,90,32
MTP712GFTSML,571.0,541.0,1112,712,240,160,400,189,156,55
MTP712GFTXLR,953.0,321.0,1274,815,275,184,459,217,178,64
MTP712LGN2XL,131.0,46.0,177,113,38,26,64,30,25,9
MTP712LGNLAR,0.0,1.0,1,1,0,0,0,0,0,0
MTP712LGNLAT,0.0,1.0,1,1,0,0,0,0,0,0
MTP712LGNMED,0.0,2.0,2,2,0,0,0,0,0,0
MTP712LGNSML,0.0,0.0,0,0,0,0,0,0,0,0
MTP712LGNXLR,18.0,10.0,28,28,0,0,0,0,0,0
MTP712LLC2XL,156.0,137.0,293,188,63,42,105,50,41,14
MTP712LLCLAR,511.0,366.0,877,561,190,126,316,149,123,44
MTP712LLCMED,460.0,290.0,750,480,162,108,270,128,105,37
MTP712LLCSML,319.0,198.0,517,331,112,74,186,88,72,26
MTP712LLCXLR,447.0,332.0,779,499,168,112,280,132,109,39
MTP712LTN2XL,0.0,1.0,1,1,0,0,0,0,0,0
MTP712LTNLAR,0.0,0.0,0,0,0,0,0,0,0,0
MTP712LTNMED,0.0,0.0,0,0,0,0,0,0,0,0
MTP712LTNXLR,0.0,0.0,0,0,0,0,0,0,0,0
MTP712MBN2XL,0.0,0.0,0,0,0,0,0,0,0,0
MTP712MBN3XL,0.0,0.0,0,0,0,0,0,0,0,0
MTP712MBNLAR,0.0,0.0,0,0,0,0,0,0,0,0
MTP712MBNMED,0.0,0.0,0,0,0,0,0,0,0,0
MTP712MBNXLR,0.0,0.0,0,0,0,0,0,0,0,0
MTP712SEG2XL,0.0,0.0,0,0,0,0,0,0,0,0
MTP712SEGLAR,0.0,0.0,0,0,0,0,0,0,0,0
MTP712SEGMED,0.0,0.0,0,0,0,0,0,0,0,0
MTP712SEGXLR,0.0,0.0,0,0,0,0,0,0,0,0
MTP712SKO2XL,139.0,142.0,281,180,61,40,101,48,39,14
MTP712SKOLAR,536.0,400.0,936,599,202,135,337,159,131,47
MTP712SKOMED,543.0,363.0,906,580,196,130,326,154,127,45
MTP712SKOSML,305.0,194.0,499,319,108,72,180,85,70,25
MTP712SKOXLR,485.0,370.0,855,547,185,123,308,145,120,43
MTP712VIO2XL,138.0,134.0,272,174,59,39,98,46,38,14
MTP712VIOLAR,503.0,375.0,878,562,190,126,316,149,123,44
MTP712VIOMED,457.0,311.0,768,492,166,110,276,130,107,39
MTP712VIOSML,319.0,199.0,518,332,112,74,186,88,72,26
MTP712VIOXLR,460.0,349.0,809,518,175,116,291,137,113,41
MTP713BLK2XL,0.0,1.0,1,1,0,0,0,0,0,0
MTP713BLKLAR,0.0,0.0,0,0,0,0,0,0,0,0
MTP713BRDMED,0.0,0.0,0,0,0,0,0,0,0,0
MTP713BRDXLR,0.0,0.0,0,0,0,0,0,0,0,0
MTP713CRB2XL,0.0,3.0,3,3,0,0,0,0,0,0
MTP713LGN2XL,0.0,2.0,2,2,0,0,0,0,0,0
MTP713LGNLAR,0.0,0.0,0,0,0,0,0,0,0,0
MTP713LGNXLR,0.0,1.0,1,1,0,0,0,0,0,0
MTP714BLFMED,0.0,0.0,0,0,0,0,0,0,0,0
MTP714BLYMED2PK,0.0,3.0,3,3,0,0,0,0,0,0
MTP714BMNMED2PK,0.0,2.0,2,2,0,0,0,0,0,0
MTP714BRDMED,0.0,0.0,0,0,0,0,0,0,0,0
MTP714BRDXLR,0.0,0.0,0,0,0,0,0,0,0,0
MTP714CLNMED2PK,0.0,7.0,7,7,0,0,0,0,0,0
MTP714CLNXLR2PK,0.0,0.0,0,0,0,0,0,0,0,0
MTP714CLY2XL,0.0,1.0,1,1,0,0,0,0,0,0
MTP714CLYLAR,0.0,0.0,0,0,0,0,0,0,0,0
MTP714CLYMED,0.0,0.0,0,0,0,0,0,0,0,0
MTP714CRB2XL,0.0,2.0,2,2,0,0,0,0,0,0
MTP714LGN2XL,0.0,3.0,3,3,0,0,0,0,0,0
MTP714LGNLAR,0.0,0.0,0,0,0,0,0,0,0,0
MTP714LGNMED,0.0,0.0,0,0,0,0,0,0,0,0
MTP714MON2XL,0.0,9.0,9,9,0,0,0,0,0,0
MTP714MONMED,0.0,0.0,0,0,0,0,0,0,0,0
MTP714SLE2XL,0.0,2.0,2,2,0,0,0,0,0,0
MTP716BTEXLR,0.0,0.0,0,0,0,0,0,0,0,0
MTP716DCNLAR,0.0,0.0,0,0,0,0,0,0,0,0
MTP716SBEXLR,0.0,3.0,3,3,0,0,0,0,0,0
MTP717MNBLAR,0.0,0.0,0,0,0,0,0,0,0,0
MTP717SLELAR,0.0,0.0,0,0,0,0,0,0,0,0
MTP717SOMMED,0.0,0.0,0,0,0,0,0,0,0,0
MTP718BLK2XL,0.0,3.0,3,3,0,0,0,0,0,0
MTP718BLKSML,0.0,0.0,0,0,0,0,0,0,0,0
MTP718DCNLAR,0.0,0.0,0,0,0,0,0,0,0,0
MTP718DCNXLR,0.0,1.0,1,1,0,0,0,0,0,0
MTP718DTEMED,0.0,1.0,1,1,0,0,0,0,0,0
MTP718DTESML,0.0,1.0,1,1,0,0,0,0,0,0
MTP718SOM2XL,0.0,3.0,3,3,0,0,0,0,0,0
MTP718SOMLAR,0.0,2.0,2,2,0,0,0,0,0,0
MTP718SOMMED,0.0,5.0,5,5,0,0,0,0,0,0
MTP718SSD2XL,0.0,1.0,1,1,0,0,0,0,0,0
MTP725BTD2XL,0.0,1.0,1,1,0,0,0,0,0,0
MTP725BTDLAR,0.0,10.0,10,10,0,0,0,0,0,0
MTP725BTDSML,0.0,1.0,1,1,0,0,0,0,0,0
MTP725DNM2XL,0.0,0.0,0,0,0,0,0,0,0,0
MTP725DNMSML,0.0,1.0,1,1,0,0,0,0,0,0
MTP725DTEXLR,0.0,9.0,9,9,0,0,0,0,0,0
MTP725LTG2XL,0.0,3.0,3,3,0,0,0,0,0,0
MTP725LTGSML,0.0,2.0,2,2,0,0,0,0,0,0
MTP725LTLLAR,0.0,1.0,1,1,0,0,0,0,0,0
MTP725LTLSML,0.0,1.0,1,1,0,0,0,0,0,0
MTP725MNBLAR,0.0,0.0,0,0,0,0,0,0,0,0
MTP725SSESML,0.0,0.0,0,0,0,0,0,0,0,0
MTP725SSEXLR,0.0,0.0,0,0,0,0,0,0,0,0
MTP726BRNXLR,0.0,0.0,0,0,0,0,0,0,0,0
MTP727BLK2XL,0.0,12.0,12,12,0,0,0,0,0,0
MTP727BLKXLR,0.0,3.0,3,3,0,0,0,0,0,0
MTP727BRD2XL,0.0,10.0,10,10,0,0,0,0,0,0
MTP727BRDLAR,0.0,1.0,1,1,0,0,0,0,0,0
MTP727BRDMED,0.0,4.0,4,4,0,0,0,0,0,0
MTP727BRN2XL,0.0,1.0,1,1,0,0,0,0,0,0
MTP727BRNLAR,0.0,2.0,2,2,0,0,0,0,0,0
MTP727BRNMED,0.0,6.0,6,6,0,0,0,0,0,0
MTP727BRNXLR,0.0,2.0,2,2,0,0,0,0,0,0
MTP727BTE2XL,0.0,3.0,3,3,0,0,0,0,0,0
MTP727BTEMED,0.0,3.0,3,3,0,0,0,0,0,0
MTP727CRB2XL,0.0,6.0,6,6,0,0,0,0,0,0
MTP727CRBLAR,0.0,5.0,5,5,0,0,0,0,0,0
MTP727CRBMED,0.0,4.0,4,4,0,0,0,0,0,0
MTP727CRBXLR,0.0,4.0,4,4,0,0,0,0,0,0
MTP727LGN2XL,0.0,3.0,3,3,0,0,0,0,0,0
MTP727LGNLAR,0.0,9.0,9,9,0,0,0,0,0,0
MTP727LGNMED,0.0,4.0,4,4,0,0,0,0,0,0
MTP727LGNXLR,0.0,0.0,0,0,0,0,0,0,0,0
MTP727SBE2XL,0.0,11.0,11,11,0,0,0,0,0,0
MTP727SBELAR,0.0,2.0,2,2,0,0,0,0,0,0
MTP727SBEMED,0.0,4.0,4,4,0,0,0,0,0,0
MTP727SLE2XL,0.0,7.0,7,7,0,0,0,0,0,0
MTP727SLELAR,0.0,8.0,8,8,0,0,0,0,0,0
MTP727SLEMED,0.0,4.0,4,4,0,0,0,0,0,0
MTP727SLEXLR,0.0,8.0,8,8,0,0,0,0,0,0
MTP729PGNLAR,0.0,0.0,0,0,0,0,0,0,0,0
MTP730LBELAR,0.0,2.0,2,2,0,0,0,0,0,0
MTP740BLK2XL,0.0,14.0,14,14,0,0,0,0,0,0
MTP740BLKLAR,0.0,11.0,11,11,0,0,0,0,0,0
MTP740BLKMED,9.0,16.0,25,25,0,0,0,0,0,0
MTP740BLKSML,0.0,1.0,1,1,0,0,0,0,0,0
MTP740BLKXLR,0.0,3.0,3,3,0,0,0,0,0,0
MTP740BRDLAR,0.0,0.0,0,0,0,0,0,0,0,0
MTP740FXM2XL,0.0,0.0,0,0,0,0,0,0,0,0
MTP740FXMMED,0.0,0.0,0,0,0,0,0,0,0,0
MTP740FXMXLR,0.0,0.0,0,0,0,0,0,0,0,0
MTP740GVE2XL,0.0,2.0,2,2,0,0,0,0,0,0
MTP740GVELAR,0.0,7.0,7,7,0,0,0,0,0,0
MTP740GVEMED,0.0,2.0,2,2,0,0,0,0,0,0
MTP740GVEXLR,0.0,0.0,0,0,0,0,0,0,0,0
MTP740HTM2XL,0.0,1.0,1,1,0,0,0,0,0,0
MTP740HTMLAR,0.0,3.0,3,3,0,0,0,0,0,0
MTP740HTMMED,0.0,2.0,2,2,0,0,0,0,0,0
MTP740HTMSML,0.0,32.0,32,27,0,5,5,2,2,1
MTP740HTMXLR,0.0,4.0,4,4,0,0,0,0,0,0
MTP740IGM2XL,0.0,1.0,1,1,0,0,0,0,0,0
MTP740IGMLAR,0.0,2.0,2,2,0,0,0,0,0,0
MTP740IGMMED,0.0,6.0,6,6,0,0,0,0,0,0
MTP740IGMSML,0.0,29.0,29,25,0,4,4,2,2,0
MTP740IGMXLR,0.0,1.0,1,1,0,0,0,0,0,0
MTP740MME2XL,0.0,6.0,6,6,0,0,0,0,0,0
MTP740MMELAR,0.0,2.0,2,2,0,0,0,0,0,0
MTP740MMEMED,0.0,1.0,1,1,0,0,0,0,0,0
MTP740MMESML,0.0,12.0,12,12,0,0,0,0,0,0
MTP740MMEXLR,0.0,1.0,1,1,0,0,0,0,0,0
MTP740NAMMED,0.0,0.0,0,0,0,0,0,0,0,0
MTP740NBM2XL,0.0,0.0,0,0,0,0,0,0,0,0
MTP740NBMLAR,0.0,5.0,5,5,0,0,0,0,0,0
MTP740NBMMED,0.0,3.0,3,3,0,0,0,0,0,0
MTP740NBMXLR,0.0,0.0,0,0,0,0,0,0,0,0
MTP740NVM2XL,0.0,0.0,0,0,0,0,0,0,0,0
MTP740NVMXLR,0.0,0.0,0,0,0,0,0,0,0,0
MTP740SMELAR,0.0,0.0,0,0,0,0,0,0,0,0
MTP740SMEMED,0.0,0.0,0,0,0,0,0,0,0,0
MTP740SMEXLR,0.0,0.0,0,0,0,0,0,0,0,0
MTP740SYM2XL,0.0,4.0,4,4,0,0,0,0,0,0
MTP740SYMLAR,0.0,8.0,8,8,0,0,0,0,0,0
MTP740SYMMED,0.0,10.0,10,10,0,0,0,0,0,0
MTP740SYMXLR,0.0,0.0,0,0,0,0,0,0,0,0
MTP740TAM2XL,0.0,1.0,1,1,0,0,0,0,0,0
MTP740TAMMED,0.0,0.0,0,0,0,0,0,0,0,0
MTP740TAMXLR,0.0,0.0,0,0,0,0,0,0,0,0
MTP741DMM2XL,0.0,0.0,0,0,0,0,0,0,0,0
MTP741SGMMED,0.0,0.0,0,0,0,0,0,0,0,0
MTP742CEMMED,0.0,1.0,1,1,0,0,0,0,0,0
MTP742LGMLAR,0.0,0.0,0,0,0,0,0,0,0,0
MTP742PGMMED,0.0,1.0,1,1,0,0,0,0,0,0
MTP744CFBMED,0.0,10.0,10,10,0,0,0,0,0,0
MTP744CFBXLR,0.0,0.0,0,0,0,0,0,0,0,0
MTP744COLSML,0.0,2.0,2,2,0,0,0,0,0,0
MTP744DCNMED,0.0,0.0,0,0,0,0,0,0,0,0
MTP744DNM2XL,0.0,2.0,2,2,0,0,0,0,0,0
MTP744DNMSML,0.0,1.0,1,1,0,0,0,0,0,0
MTP744FIG2XL,0.0,1.0,1,1,0,0,0,0,0,0
MTP744FIGMED,0.0,1.0,1,1,0,0,0,0,0,0
MTP744FIGSML,0.0,1.0,1,1,0,0,0,0,0,0
MTP744FIGXLR,0.0,0.0,0,0,0,0,0,0,0,0
MTP744NVYMED,0.0,1.0,1,1,0,0,0,0,0,0
MTP744NVYSML,0.0,11.0,11,11,0,0,0,0,0,0
MTP744PGNMED,0.0,1.0,1,1,0,0,0,0,0,0
MTP745CNMMED,0.0,0.0,0,0,0,0,0,0,0,0
MTP745CNMSML,0.0,0.0,0,0,0,0,0,0,0,0
MTP745COMMED,0.0,1.0,1,1,0,0,0,0,0,0
MTP745DMMMED,0.0,1.0,1,1,0,0,0,0,0,0
MTP745FGMSML,0.0,2.0,2,2,0,0,0,0,0,0
MTP747AGW2XL007,0.0,6.0,6,6,0,0,0,0,0,0
MTP747AGW2XL007489,0.0,1.0,1,1,0,0,0,0,0,0
MTP747AGWLAR007,33.0,51.0,84,69,3,12,15,7,6,2
MTP747AGWLAR007489,17.0,47.0,64,55,0,9,9,4,4,1
MTP747AGWMED007,0.0,1.0,1,1,0,0,0,0,0,0
MTP747AGWMED007489,12.0,12.0,24,24,0,0,0,0,0,0
MTP747AGWXLR007,34.0,50.0,84,68,4,12,16,8,6,2
MTP747AGWXLR007489,44.0,21.0,65,50,14,1,15,7,6,2
MTP747BDALAR008,0.0,0.0,0,0,0,0,0,0,0,0
MTP747BDAMED008,0.0,0.0,0,0,0,0,0,0,0,0
MTP747BDAXLR008,0.0,0.0,0,0,0,0,0,0,0,0
MTP747BKELAR008,0.0,0.0,0,0,0,0,0,0,0,0
MTP747BKEMED008,0.0,0.0,0,0,0,0,0,0,0,0
MTP747BKEXLR008,0.0,0.0,0,0,0,0,0,0,0,0
MTP747BLK2XL009,0.0,5.0,5,5,0,0,0,0,0,0
MTP747BLKLAR009,0.0,5.0,5,5,0,0,0,0,0,0
MTP747BLKMED009,0.0,6.0,6,6,0,0,0,0,0,0
MTP747BLKXLR009,0.0,8.0,8,8,0,0,0,0,0,0
MTP747BRELAR008,0.0,0.0,0,0,0,0,0,0,0,0
MTP747BREMED008,0.0,0.0,0,0,0,0,0,0,0,0
MTP747BREXLR008,0.0,0.0,0,0,0,0,0,0,0,0
MTP747CBH2XL007,0.0,13.0,13,13,0,0,0,0,0,0
MTP747CBH2XL007489,0.0,0.0,0,0,0,0,0,0,0,0
MTP747CBHLAR007,0.0,46.0,46,39,0,7,7,3,3,1
MTP747CBHLAR007489,52.0,32.0,84,54,18,12,30,14,12,4
MTP747CBHMED007,0.0,34.0,34,29,0,5,5,2,2,1
MTP747CBHMED007489,5.0,20.0,25,25,0,0,0,0,0,0
MTP747CBHXLR007,0.0,11.0,11,11,0,0,0,0,0,0
MTP747CBHXLR007489,23.0,13.0,36,36,0,0,0,0,0,0
MTP747CBT2XL002,0.0,0.0,0,0,0,0,0,0,0,0
MTP747CBTLAR002,0.0,24.0,24,20,0,4,4,2,2,0
MTP747CBTMED002,0.0,0.0,0,0,0,0,0,0,0,0
MTP747CBTXLR002,0.0,0.0,0,0,0,0,0,0,0,0
MTP747CCDLAR,0.0,1.0,1,1,0,0,0,0,0,0
MTP747CLSSML,0.0,1.0,1,1,0,0,0,0,0,0
MTP747CSE2XL,0.0,39.0,39,33,0,6,6,3,2,1
MTP747CSELAR,0.0,0.0,0,0,0,0,0,0,0,0
MTP747CSEMED,0.0,0.0,0,0,0,0,0,0,0,0
MTP747CSEXLR,0.0,12.0,12,12,0,0,0,0,0,0
MTP747DDC2XL006489,0.0,21.0,21,20,0,1,1,0,0,1
MTP747DDCLAR006489,0.0,80.0,80,68,0,12,12,6,5,1
MTP747DDCMED006,0.0,2.0,2,2,0,0,0,0,0,0
MTP747DDCMED006489,0.0,18.0,18,18,0,0,0,0,0,0
MTP747DDCXLR006489,0.0,68.0,68,58,0,10,10,5,4,1
MTP747DHE2XL007,0.0,4.0,4,4,0,0,0,0,0,0
MTP747DHE2XL007489,0.0,0.0,0,0,0,0,0,0,0,0
MTP747DHELAR007,0.0,8.0,8,8,0,0,0,0,0,0
MTP747DHELAR007489,0.0,53.0,53,45,0,8,8,4,3,1
MTP747DHEMED007,0.0,0.0,0,0,0,0,0,0,0,0
MTP747DHEMED007489,0.0,0.0,0,0,0,0,0,0,0,0
MTP747DHEXLR007,0.0,18.0,18,18,0,0,0,0,0,0
MTP747DHEXLR007489,0.0,55.0,55,47,0,8,8,4,3,1
MTP747FCY2XL007,0.0,2.0,2,2,0,0,0,0,0,0
MTP747FCY2XL007489,0.0,2.0,2,2,0,0,0,0,0,0
MTP747FCYLAR007,17.0,20.0,37,37,0,0,0,0,0,0
MTP747FCYLAR007489,35.0,24.0,59,50,5,4,9,4,4,1
MTP747FCYMED007,0.0,2.0,2,2,0,0,0,0,0,0
MTP747FCYMED007489,19.0,20.0,39,39,0,0,0,0,0,0
MTP747FCYXLR007,20.0,12.0,32,32,0,0,0,0,0,0
MTP747FCYXLR007489,22.0,31.0,53,45,0,8,8,4,3,1
MTP747GCOMED,0.0,0.0,0,0,0,0,0,0,0,0
MTP747GDALAR008,0.0,0.0,0,0,0,0,0,0,0,0
MTP747GDAMED008,0.0,0.0,0,0,0,0,0,0,0,0
MTP747GDAXLR008,0.0,0.0,0,0,0,0,0,0,0,0
MTP747GLB2XL007,13.0,19.0,32,32,0,0,0,0,0,0
MTP747GLB2XL007489,5.0,10.0,15,15,0,0,0,0,0,0
MTP747GLBLAR007,75.0,31.0,106,72,23,11,34,16,13,5
MTP747GLBLAR007489,72.0,54.0,126,81,27,18,45,21,18,6
MTP747GLBMED007,18.0,11.0,29,29,0,0,0,0,0,0
MTP747GLBMED007489,2.0,10.0,12,12,0,0,0,0,0,0
MTP747GLBXLR007,30.0,11.0,41,41,0,0,0,0,0,0
MTP747GLBXLR007489,54.0,50.0,104,67,22,15,37,17,14,6
MTP747GMILAR008,0.0,0.0,0,0,0,0,0,0,0,0
MTP747GMIMED008,0.0,0.0,0,0,0,0,0,0,0,0
MTP747GMIXLR008,0.0,0.0,0,0,0,0,0,0,0,0
MTP747GMT2XL006,0.0,1.0,1,1,0,0,0,0,0,0
MTP747GMTLAR006,0.0,1.0,1,1,0,0,0,0,0,0
MTP747GMTMED006,0.0,3.0,3,3,0,0,0,0,0,0
MTP747GMTXLR006,0.0,3.0,3,3,0,0,0,0,0,0
MTP747GYS2XL002,0.0,0.0,0,0,0,0,0,0,0,0
MTP747GYSLAR002,0.0,17.0,17,17,0,0,0,0,0,0
MTP747GYSMED002,0.0,1.0,1,1,0,0,0,0,0,0
MTP747GYSXLR002,0.0,0.0,0,0,0,0,0,0,0,0
MTP747IBM2XL007,0.0,2.0,2,2,0,0,0,0,0,0
MTP747IBM2XL007489,0.0,0.0,0,0,0,0,0,0,0,0
MTP747IBMLAR007,0.0,23.0,23,20,0,3,3,1,1,1
MTP747IBMLAR007489,56.0,37.0,93,60,20,13,33,16,13,4
MTP747IBMMED007,0.0,1.0,1,1,0,0,0,0,0,0
MTP747IBMMED007489,30.0,34.0,64,55,0,9,9,4,4,1
MTP747IBMXLR007,0.0,18.0,18,18,0,0,0,0,0,0
MTP747IBMXLR007489,37.0,42.0,79,61,7,11,18,8,7,3
MTP747LGN2XL009,0.0,0.0,0,0,0,0,0,0,0,0
MTP747LGNLAR009,0.0,4.0,4,4,0,0,0,0,0,0
MTP747LGNMED009,0.0,9.0,9,9,0,0,0,0,0,0
MTP747LGNXLR009,0.0,4.0,4,4,0,0,0,0,0,0
MTP747LHS2XL006,0.0,2.0,2,2,0,0,0,0,0,0
MTP747LHSLAR006,0.0,1.0,1,1,0,0,0,0,0,0
MTP747LHSMED006,0.0,2.0,2,2,0,0,0,0,0,0
MTP747LHSXLR006,0.0,2.0,2,2,0,0,0,0,0,0
MTP747LLC2XL010,0.0,4.0,4,4,0,0,0,0,0,0
MTP747LLCLAR010,0.0,3.0,3,3,0,0,0,0,0,0
MTP747LLCMED010,0.0,6.0,6,6,0,0,0,0,0,0
MTP747LLCXLR010,0.0,4.0,4,4,0,0,0,0,0,0
MTP747MSA2XL009,0.0,5.0,5,5,0,0,0,0,0,0
MTP747MSALAR009,6.0,10.0,16,16,0,0,0,0,0,0
MTP747MSAMED009,9.0,10.0,19,19,0,0,0,0,0,0
MTP747MSAXLR009,3.0,10.0,13,13,0,0,0,0,0,0
MTP747MSS2XL,0.0,1.0,1,1,0,0,0,0,0,0
MTP747MTG2XL010,0.0,3.0,3,3,0,0,0,0,0,0
MTP747MTGLAR010,0.0,6.0,6,6,0,0,0,0,0,0
MTP747MTGMED010,0.0,7.0,7,7,0,0,0,0,0,0
MTP747MTGXLR010,0.0,6.0,6,6,0,0,0,0,0,0
MTP747OCT2XL006,0.0,2.0,2,2,0,0,0,0,0,0
MTP747OCT2XL006489,0.0,23.0,23,20,0,3,3,1,1,1
MTP747OCTLAR006489,6.0,57.0,63,54,0,9,9,4,4,1
MTP747OCTMED006,0.0,2.0,2,2,0,0,0,0,0,0
MTP747OCTMED006489,2.0,17.0,19,19,0,0,0,0,0,0
MTP747OCTXLR006489,3.0,65.0,68,58,0,10,10,5,4,1
MTP747OLD2XL009,0.0,5.0,5,5,0,0,0,0,0,0
MTP747OLDLAR009,0.0,7.0,7,7,0,0,0,0,0,0
MTP747OLDMED009,1.0,10.0,11,11,0,0,0,0,0,0
MTP747OLDXLR009,0.0,7.0,7,7,0,0,0,0,0,0
MTP747PGILAR006,0.0,3.0,3,3,0,0,0,0,0,0
MTP747PGIMED006,0.0,8.0,8,8,0,0,0,0,0,0
MTP747PGIXLR006,0.0,5.0,5,5,0,0,0,0,0,0
MTP747PMTLAR008,0.0,0.0,0,0,0,0,0,0,0,0
MTP747PMTMED008,0.0,0.0,0,0,0,0,0,0,0,0
MTP747PMTXLR008,0.0,0.0,0,0,0,0,0,0,0,0
MTP747PWDMED,0.0,0.0,0,0,0,0,0,0,0,0
MTP747PWDXLR,0.0,0.0,0,0,0,0,0,0,0,0
MTP747RBNSML,0.0,1.0,1,1,0,0,0,0,0,0
MTP747RGSLAR,0.0,0.0,0,0,0,0,0,0,0,0
MTP747RSE2XL002,0.0,2.0,2,2,0,0,0,0,0,0
MTP747RSELAR002,2.0,10.0,12,12,0,0,0,0,0,0
MTP747RSEMED002,0.0,1.0,1,1,0,0,0,0,0,0
MTP747RSEXLR002,0.0,0.0,0,0,0,0,0,0,0,0
MTP747SKO2XL009,0.0,8.0,8,8,0,0,0,0,0,0
MTP747SKOLAR009,3.0,10.0,13,13,0,0,0,0,0,0
MTP747SKOMED009,4.0,10.0,14,14,0,0,0,0,0,0
MTP747SKOXLR009,0.0,10.0,10,10,0,0,0,0,0,0
MTP747SKY2XL010,0.0,1.0,1,1,0,0,0,0,0,0
MTP747SKYLAR010,0.0,5.0,5,5,0,0,0,0,0,0
MTP747SKYMED010,0.0,5.0,5,5,0,0,0,0,0,0
MTP747SKYXLR010,0.0,6.0,6,6,0,0,0,0,0,0
MTP747TILLAR,0.0,0.0,0,0,0,0,0,0,0,0
MTP747TILMED,0.0,7.0,7,7,0,0,0,0,0,0
MTP747TILSML,0.0,6.0,6,6,0,0,0,0,0,0
MTP747TSM2XL002,0.0,2.0,2,2,0,0,0,0,0,0
MTP747TSM2XL005,0.0,9.0,9,9,0,0,0,0,0,0
MTP747TSMLAR002,0.0,2.0,2,2,0,0,0,0,0,0
MTP747TSMLAR005,0.0,15.0,15,15,0,0,0,0,0,0
MTP747TSMMED002,0.0,0.0,0,0,0,0,0,0,0,0
MTP747TSMMED005,0.0,0.0,0,0,0,0,0,0,0,0
MTP747TSMXLR002,0.0,0.0,0,0,0,0,0,0,0,0
MTP747TSMXLR005,0.0,1.0,1,1,0,0,0,0,0,0
MTP747VIO2XL009,0.0,2.0,2,2,0,0,0,0,0,0
MTP747VIO2XL010,0.0,2.0,2,2,0,0,0,0,0,0
MTP747VIOLAR009,0.0,4.0,4,4,0,0,0,0,0,0
MTP747VIOLAR010,0.0,2.0,2,2,0,0,0,0,0,0
MTP747VIOMED009,0.0,6.0,6,6,0,0,0,0,0,0
MTP747VIOMED010,0.0,3.0,3,3,0,0,0,0,0,0
MTP747VIOXLR009,0.0,0.0,0,0,0,0,0,0,0,0
MTP747VIOXLR010,0.0,2.0,2,2,0,0,0,0,0,0
MTP747WFE2XL006,0.0,1.0,1,1,0,0,0,0,0,0
MTP747WFEMED006,0.0,6.0,6,6,0,0,0,0,0,0
MTP747WFEXLR006,0.0,2.0,2,2,0,0,0,0,0,0
MTP747WHT2XL010,0.0,3.0,3,3,0,0,0,0,0,0
MTP747WHTLAR010,0.0,4.0,4,4,0,0,0,0,0,0
MTP747WHTMED010,0.0,4.0,4,4,0,0,0,0,0,0
MTP747WHTXLR010,0.0,4.0,4,4,0,0,0,0,0,0
MTP747YLW2XL010,0.0,1.0,1,1,0,0,0,0,0,0
MTP747YLWLAR010,0.0,3.0,3,3,0,0,0,0,0,0
MTP747YLWMED010,0.0,5.0,5,5,0,0,0,0,0,0
MTP747YLWXLR010,0.0,4.0,4,4,0,0,0,0,0,0
MTP749BLM2XL,0.0,1.0,1,1,0,0,0,0,0,0
MTP749BLMSML,0.0,1.0,1,1,0,0,0,0,0,0
MTP749LGM2XL,0.0,0.0,0,0,0,0,0,0,0,0
MTP750BRMLAR,0.0,0.0,0,0,0,0,0,0,0,0
MTP750BRMSML,0.0,3.0,3,3,0,0,0,0,0,0
MTP750DMMMED,0.0,1.0,1,1,0,0,0,0,0,0
MTP750LGMSML,0.0,1.0,1,1,0,0,0,0,0,0
MTP755LGNSML,0.0,1.0,1,1,0,0,0,0,0,0
MTP757BRMSML,0.0,1.0,1,1,0,0,0,0,0,0
MTP757GVMSML,0.0,1.0,1,1,0,0,0,0,0,0
MTP757GVMXLR,0.0,2.0,2,2,0,0,0,0,0,0
MTP757SGM2XL,0.0,0.0,0,0,0,0,0,0,0,0
MTP757SGMLAR,0.0,0.0,0,0,0,0,0,0,0,0
MTP758CFBLAR,0.0,0.0,0,0,0,0,0,0,0,0
MTP758CFBMED,0.0,0.0,0,0,0,0,0,0,0,0
MTP758COLMED,0.0,0.0,0,0,0,0,0,0,0,0
MTP758DCNSML,0.0,0.0,0,0,0,0,0,0,0,0
MTP758DNMSML,0.0,1.0,1,1,0,0,0,0,0,0
MTP758FIGMED,0.0,0.0,0,0,0,0,0,0,0,0
MTP758FIGSML,0.0,0.0,0,0,0,0,0,0,0,0
MTP758NVDSML2PK,0.0,1.0,1,1,0,0,0,0,0,0
MTP758NVYSML,0.0,1.0,1,1,0,0,0,0,0,0
MTP758PGNMED,0.0,1.0,1,1,0,0,0,0,0,0
MTP758PGNSML,0.0,1.0,1,1,0,0,0,0,0,0
MTP759AGY2XL005,0.0,3.0,3,3,0,0,0,0,0,0
MTP759AGYLAR005,0.0,9.0,9,9,0,0,0,0,0,0
MTP759AGYMED005,1.0,10.0,11,11,0,0,0,0,0,0
MTP759AGYSML005,0.0,2.0,2,2,0,0,0,0,0,0
MTP759AGYXLR005,0.0,11.0,11,11,0,0,0,0,0,0
MTP759BLK2XL004,0.0,3.0,3,3,0,0,0,0,0,0
MTP759BLKLAR004,0.0,6.0,6,6,0,0,0,0,0,0
MTP759BLKMED004,0.0,7.0,7,7,0,0,0,0,0,0
MTP759BLKSML004,0.0,4.0,4,4,0,0,0,0,0,0
MTP759BLKXLR004,0.0,6.0,6,6,0,0,0,0,0,0
MTP759BLM2XL006,19.0,22.0,41,39,0,2,2,1,1,0
MTP759BLMLAR006,21.0,36.0,57,49,0,8,8,4,3,1
MTP759BLMMED006,39.0,87.0,126,99,9,18,27,13,10,4
MTP759BLMSML006,63.0,23.0,86,64,19,3,22,10,9,3
MTP759BLMXLR006,6.0,60.0,66,56,0,10,10,5,4,1
MTP759CFK2XL005,0.0,1.0,1,1,0,0,0,0,0,0
MTP759CFKLAR005,0.0,0.0,0,0,0,0,0,0,0,0
MTP759CFKMED005,0.0,0.0,0,0,0,0,0,0,0,0
MTP759CFKSML005,0.0,0.0,0,0,0,0,0,0,0,0
MTP759CFKXLR005,0.0,0.0,0,0,0,0,0,0,0,0
MTP759CME2XL006,13.0,44.0,57,49,0,8,8,4,3,1
MTP759CMELAR006,11.0,64.0,75,64,0,11,11,5,4,2
MTP759CMEMED006,43.0,89.0,132,100,13,19,32,15,12,5
MTP759CMESML006,67.0,24.0,91,67,20,4,24,11,9,4
MTP759CMEXLR006,11.0,59.0,70,60,0,10,10,5,4,1
MTP759CNGLAR004,0.0,0.0,0,0,0,0,0,0,0,0
MTP759CNGMED004,0.0,0.0,0,0,0,0,0,0,0,0
MTP759CNGXLR004,0.0,0.0,0,0,0,0,0,0,0,0
MTP759CTFLAR004,0.0,3.0,3,3,0,0,0,0,0,0
MTP759CTFMED004,0.0,5.0,5,5,0,0,0,0,0,0
MTP759CTFSML004,0.0,1.0,1,1,0,0,0,0,0,0
MTP759CTFXLR004,0.0,4.0,4,4,0,0,0,0,0,0
MTP759DCNSML,0.0,0.0,0,0,0,0,0,0,0,0
MTP759DCNSML002,0.0,0.0,0,0,0,0,0,0,0,0
MTP759GVELAR003,0.0,1.0,1,1,0,0,0,0,0,0
MTP759HBE2XL004,0.0,5.0,5,5,0,0,0,0,0,0
MTP759HBELAR004,0.0,10.0,10,10,0,0,0,0,0,0
MTP759HBEMED003,0.0,3.0,3,3,0,0,0,0,0,0
MTP759HBEMED004,0.0,7.0,7,7,0,0,0,0,0,0
MTP759HBESML003,0.0,0.0,0,0,0,0,0,0,0,0
MTP759HBESML004,0.0,4.0,4,4,0,0,0,0,0,0
MTP759HBEXLR003,0.0,1.0,1,1,0,0,0,0,0,0
MTP759HBEXLR004,0.0,9.0,9,9,0,0,0,0,0,0
MTP759LAM2XL006,0.0,97.0,97,83,0,14,14,7,5,2
MTP759LAMLAR006,48.0,60.0,108,74,18,16,34,16,13,5
MTP759LAMMED006,72.0,86.0,158,101,34,23,57,27,22,8
MTP759LAMSML006,78.0,23.0,101,76,22,3,25,12,10,3
MTP759LAMXLR006,79.0,27.0,106,76,23,7,30,14,12,4
MTP759LGM2XL006,4.0,33.0,37,32,0,5,5,2,2,1
MTP759LGMLAR006,0.0,49.0,49,42,0,7,7,3,3,1
MTP759LGMMED006,55.0,67.0,122,79,25,18,43,20,17,6
MTP759LGMSML006,61.0,29.0,90,62,19,9,28,13,11,4
MTP759LGMXLR006,8.0,49.0,57,49,0,8,8,4,3,1
MTP759LGNMED003,0.0,1.0,1,1,0,0,0,0,0,0
MTP759LRGMED,0.0,0.0,0,0,0,0,0,0,0,0
MTP759MNB2XL005,0.0,4.0,4,4,0,0,0,0,0,0
MTP759MNBLAR005,0.0,0.0,0,0,0,0,0,0,0,0
MTP759MNBMED005,0.0,5.0,5,5,0,0,0,0,0,0
MTP759MNBSML005,0.0,3.0,3,3,0,0,0,0,0,0
MTP759MNBXLR005,0.0,6.0,6,6,0,0,0,0,0,0
MTP759NTCMED004,0.0,0.0,0,0,0,0,0,0,0,0
MTP759NTCXLR004,0.0,1.0,1,1,0,0,0,0,0,0
MTP759NYB2XL005,0.0,1.0,1,1,0,0,0,0,0,0
MTP759NYBLAR005,0.0,0.0,0,0,0,0,0,0,0,0
MTP759NYBMED005,0.0,6.0,6,6,0,0,0,0,0,0
MTP759NYBSML005,0.0,4.0,4,4,0,0,0,0,0,0
MTP759NYBXLR005,0.0,5.0,5,5,0,0,0,0,0,0
MTP759RLM2XL006,35.0,28.0,63,50,5,8,13,6,5,2
MTP759RLMLAR006,14.0,90.0,104,89,0,15,15,7,6,2
MTP759RLMMED006,103.0,50.0,153,98,33,22,55,26,21,8
MTP759RLMSML006,77.0,28.0,105,74,23,8,31,15,12,4
MTP759RLMXLR006,20.0,91.0,111,95,0,16,16,8,6,2
MTP759SGNSML003,0.0,0.0,0,0,0,0,0,0,0,0
MTP759SKOMED005,0.0,7.0,7,7,0,0,0,0,0,0
MTP759SKOSML005,0.0,15.0,15,15,0,0,0,0,0,0
MTP759TEL2XL006,52.0,34.0,86,55,19,12,31,15,12,4
MTP759TELLAR006,86.0,33.0,119,80,26,13,39,18,15,6
MTP759TELMED006,91.0,71.0,162,104,35,23,58,27,23,8
MTP759TELSML006,83.0,22.0,105,80,23,2,25,12,10,3
MTP759TELXLR006,39.0,82.0,121,94,9,18,27,13,10,4
MTP759TSP2XL004,0.0,0.0,0,0,0,0,0,0,0,0
MTP759TSPLAR004,0.0,3.0,3,3,0,0,0,0,0,0
MTP759TSPMED004,0.0,3.0,3,3,0,0,0,0,0,0
MTP759TSPSML004,0.0,3.0,3,3,0,0,0,0,0,0
MTP759TSPXLR004,0.0,3.0,3,3,0,0,0,0,0,0
MTP759UGYSML003,0.0,1.0,1,1,0,0,0,0,0,0
MTP759WLG2XL005,0.0,1.0,1,1,0,0,0,0,0,0
MTP759WLGLAR005,0.0,1.0,1,1,0,0,0,0,0,0
MTP759WLGMED005,0.0,1.0,1,1,0,0,0,0,0,0
MTP759WLGSML005,0.0,4.0,4,4,0,0,0,0,0,0
MTP759WLGXLR005,0.0,2.0,2,2,0,0,0,0,0,0
MTP768AGYLAR,0.0,0.0,0,0,0,0,0,0,0,0
MTP768AGYMED,0.0,1.0,1,1,0,0,0,0,0,0
MTP768AGYXLR,0.0,30.0,30,26,0,4,4,2,2,0
MTP768BELXLR,0.0,0.0,0,0,0,0,0,0,0,0
MTP768BTEMED,0.0,0.0,0,0,0,0,0,0,0,0
MTP768CTFMED,0.0,0.0,0,0,0,0,0,0,0,0
MTP768NVYXLR,0.0,0.0,0,0,0,0,0,0,0,0
MTP768SGNLAR,0.0,0.0,0,0,0,0,0,0,0,0
MTP768TSP2XL,0.0,2.0,2,2,0,0,0,0,0,0
MTP768TSPXLR,0.0,1.0,1,1,0,0,0,0,0,0
MTP769BELXLR,0.0,3.0,3,3,0,0,0,0,0,0
MTP769TLEMED,0.0,0.0,0,0,0,0,0,0,0,0
MTP771LLC2XL,0.0,4.0,4,4,0,0,0,0,0,0
MTP771LLCLAR,0.0,0.0,0,0,0,0,0,0,0,0
MTP771LLCMED,0.0,0.0,0,0,0,0,0,0,0,0
MTP771LLCXLR,0.0,0.0,0,0,0,0,0,0,0,0
MTP771TLE2XL,0.0,7.0,7,7,0,0,0,0,0,0
MTP771TLELAR,0.0,0.0,0,0,0,0,0,0,0,0
MTP771TLEMED,0.0,3.0,3,3,0,0,0,0,0,0
MTP771TLEXLR,0.0,1.0,1,1,0,0,0,0,0,0
MTP771WHT2XL,0.0,0.0,0,0,0,0,0,0,0,0
MTP771WHTLAR,0.0,0.0,0,0,0,0,0,0,0,0
MTP771WHTXLR,0.0,1.0,1,1,0,0,0,0,0,0
MTP772AGYMED,0.0,0.0,0,0,0,0,0,0,0,0
MTP772AGYXLR,0.0,0.0,0,0,0,0,0,0,0,0
MTP772FIGLAR,0.0,1.0,1,1,0,0,0,0,0,0
MTP772FIGXLR,0.0,0.0,0,0,0,0,0,0,0,0
MTP772TCA2XL,0.0,1.0,1,1,0,0,0,0,0,0
MTP772TSP2XL,0.0,0.0,0,0,0,0,0,0,0,0
MTP773LBEMED,0.0,10.0,10,10,0,0,0,0,0,0
MTP773WHTXLR,0.0,4.0,4,4,0,0,0,0,0,0
MTP777BLTSML,0.0,1.0,1,1,0,0,0,0,0,0
MTP777LGNSML,0.0,1.0,1,1,0,0,0,0,0,0
MTP780BLTXLR,0.0,4.0,4,4,0,0,0,0,0,0
MTP780BRD2XL,0.0,4.0,4,4,0,0,0,0,0,0
MTP780BRDLAR,0.0,6.0,6,6,0,0,0,0,0,0
MTP780BRDMED,0.0,8.0,8,8,0,0,0,0,0,0
MTP780BRDSML,9.0,48.0,57,49,0,8,8,4,3,1
MTP780BRDXLR,0.0,6.0,6,6,0,0,0,0,0,0
MTP780TLE2XL,0.0,2.0,2,2,0,0,0,0,0,0
MTP780TLELAR,0.0,1.0,1,1,0,0,0,0,0,0
MTP780TLEMED,0.0,1.0,1,1,0,0,0,0,0,0
MTP780TLESML,0.0,1.0,1,1,0,0,0,0,0,0
MTP780TLEXLR,0.0,1.0,1,1,0,0,0,0,0,0
MTP785MBNSML,0.0,0.0,0,0,0,0,0,0,0,0
MTP786ASH2XL,0.0,1.0,1,1,0,0,0,0,0,0
MTP786ASHMED,0.0,1.0,1,1,0,0,0,0,0,0
MTP786ASHXLR,0.0,0.0,0,0,0,0,0,0,0,0
MTP786BLKSML,0.0,2.0,2,2,0,0,0,0,0,0
MTP786BLKXLR,0.0,1.0,1,1,0,0,0,0,0,0
MTP786LGN2XL,0.0,6.0,6,6,0,0,0,0,0,0
MTP786LGNMED,0.0,2.0,2,2,0,0,0,0,0,0
MTP786LGNSML,0.0,11.0,11,11,0,0,0,0,0,0
MTP786SKY2XL,0.0,6.0,6,6,0,0,0,0,0,0
MTP786SKYLAR,0.0,6.0,6,6,0,0,0,0,0,0
MTP786SKYMED,0.0,3.0,3,3,0,0,0,0,0,0
MTP786SKYSML,0.0,8.0,8,8,0,0,0,0,0,0
MTP786SKYXLR,0.0,4.0,4,4,0,0,0,0,0,0
MTP786WGN2XL,0.0,4.0,4,4,0,0,0,0,0,0
MTP786WGNLAR,0.0,1.0,1,1,0,0,0,0,0,0
MTP786WGNMED,0.0,7.0,7,7,0,0,0,0,0,0
MTP786WGNSML,0.0,10.0,10,10,0,0,0,0,0,0
MTP786WGNXLR,0.0,0.0,0,0,0,0,0,0,0,0
MTP786WWD2XL,0.0,5.0,5,5,0,0,0,0,0,0
MTP786WWDMED,0.0,1.0,1,1,0,0,0,0,0,0
MTP786WWDSML,0.0,11.0,11,11,0,0,0,0,0,0
MTP786WWDXLR,0.0,4.0,4,4,0,0,0,0,0,0
MTP790BLE2XL,0.0,8.0,8,8,0,0,0,0,0,0
MTP790BLELAR,0.0,9.0,9,9,0,0,0,0,0,0
MTP790BLEMED,0.0,7.0,7,7,0,0,0,0,0,0
MTP790BLEXLR,0.0,2.0,2,2,0,0,0,0,0,0
MTP790BLKMED,0.0,1.0,1,1,0,0,0,0,0,0
MTP790DPK2XL,0.0,3.0,3,3,0,0,0,0,0,0
MTP790DPKLAR,0.0,7.0,7,7,0,0,0,0,0,0
MTP790DPKMED,0.0,8.0,8,8,0,0,0,0,0,0
MTP790DPKXLR,0.0,2.0,2,2,0,0,0,0,0,0
MTP790GYR2XL,0.0,2.0,2,2,0,0,0,0,0,0
MTP790GYRLAR,0.0,10.0,10,10,0,0,0,0,0,0
MTP790GYRMED,0.0,1.0,1,1,0,0,0,0,0,0
MTP790GYRXLR,0.0,2.0,2,2,0,0,0,0,0,0
MTP790MYE2XL,0.0,5.0,5,5,0,0,0,0,0,0
MTP790MYELAR,3.0,16.0,19,19,0,0,0,0,0,0
MTP790MYEMED,0.0,4.0,4,4,0,0,0,0,0,0
MTP790MYEXLR,0.0,3.0,3,3,0,0,0,0,0,0
MTP790OGY2XL,0.0,9.0,9,9,0,0,0,0,0,0
MTP790OGYLAR,0.0,12.0,12,12,0,0,0,0,0,0
MTP790OGYMED,0.0,6.0,6,6,0,0,0,0,0,0
MTP790OGYXLR,0.0,4.0,4,4,0,0,0,0,0,0
MTP799BRD2XL,0.0,0.0,0,0,0,0,0,0,0,0
MTP799BRDLAR,0.0,0.0,0,0,0,0,0,0,0,0
MTP799BRNXLR,0.0,0.0,0,0,0,0,0,0,0,0
MTP799FIGLAR,0.0,0.0,0,0,0,0,0,0,0,0
MTP799IRGXLR,0.0,1.0,1,1,0,0,0,0,0,0
MTP799LGN2XL,0.0,0.0,0,0,0,0,0,0,0,0
MTP801ADP2XL,0.0,8.0,8,8,0,0,0,0,0,0
MTP801ADPLAR,0.0,7.0,7,7,0,0,0,0,0,0
MTP801ADPMED,0.0,5.0,5,5,0,0,0,0,0,0
MTP801ADPSML,0.0,3.0,3,3,0,0,0,0,0,0
MTP801ADPXLR,0.0,7.0,7,7,0,0,0,0,0,0
MTP801BLK2XL,0.0,8.0,8,8,0,0,0,0,0,0
MTP801BLKLAR,0.0,4.0,4,4,0,0,0,0,0,0
MTP801BLKMED,0.0,7.0,7,7,0,0,0,0,0,0
MTP801BLKSML,0.0,3.0,3,3,0,0,0,0,0,0
MTP801BLKXLR,0.0,4.0,4,4,0,0,0,0,0,0
MTP801LBE2XL,0.0,4.0,4,4,0,0,0,0,0,0
MTP801LBELAR,0.0,9.0,9,9,0,0,0,0,0,0
MTP801LBEMED,0.0,6.0,6,6,0,0,0,0,0,0
MTP801LBESML,0.0,3.0,3,3,0,0,0,0,0,0
MTP801LBEXLR,0.0,5.0,5,5,0,0,0,0,0,0
MTP801MBN2XL,0.0,7.0,7,7,0,0,0,0,0,0
MTP801MBNLAR,0.0,8.0,8,8,0,0,0,0,0,0
MTP801MBNMED,0.0,5.0,5,5,0,0,0,0,0,0
MTP801MBNSML,0.0,3.0,3,3,0,0,0,0,0,0
MTP801MBNXLR,0.0,8.0,8,8,0,0,0,0,0,0
MTP801MNB2XL,0.0,11.0,11,11,0,0,0,0,0,0
MTP801MNBLAR,3.0,18.0,21,21,0,0,0,0,0,0
MTP801MNBMED,1.0,14.0,15,15,0,0,0,0,0,0
MTP801MNBXLR,2.0,13.0,15,15,0,0,0,0,0,0
MTP801OFW2XL,0.0,5.0,5,5,0,0,0,0,0,0
MTP801OFWMED,0.0,0.0,0,0,0,0,0,0,0,0
MTP801OFWXLR,0.0,1.0,1,1,0,0,0,0,0,0
MTP801PGN2XL,0.0,10.0,10,10,0,0,0,0,0,0
MTP801PGNLAR,0.0,16.0,16,16,0,0,0,0,0,0
MTP801PGNMED,0.0,11.0,11,11,0,0,0,0,0,0
MTP801PGNSML,0.0,1.0,1,1,0,0,0,0,0,0
MTP801PGNXLR,0.0,13.0,13,13,0,0,0,0,0,0
MTP801PKN2XL,0.0,8.0,8,8,0,0,0,0,0,0
MTP801PKNLAR,0.0,15.0,15,15,0,0,0,0,0,0
MTP801PKNMED,0.0,5.0,5,5,0,0,0,0,0,0
MTP801PKNXLR,0.0,15.0,15,15,0,0,0,0,0,0
MTP802LTGLAR,0.0,1.0,1,1,0,0,0,0,0,0
MTP804BLK2XL539,0.0,8.0,8,8,0,0,0,0,0,0
MTP804BLKLAR539,36.0,16.0,52,46,6,0,6,3,2,1
MTP804BLKMED539,1.0,15.0,16,16,0,0,0,0,0,0
MTP804BLKXLR539,36.0,16.0,52,46,6,0,6,3,2,1
MTP804CHA2XL539,0.0,8.0,8,8,0,0,0,0,0,0
MTP804CHALAR539,36.0,16.0,52,46,6,0,6,3,2,1
MTP804CHAMED539,36.0,52.0,88,69,6,13,19,9,7,3
MTP804CHAXLR539,1.0,15.0,16,16,0,0,0,0,0,0
MTP804LLC2XL539,0.0,8.0,8,8,0,0,0,0,0,0
MTP804LLCLAR539,1.0,15.0,16,16,0,0,0,0,0,0
MTP804LLCMED539,1.0,15.0,16,16,0,0,0,0,0,0
MTP804LLCXLR539,1.0,15.0,16,16,0,0,0,0,0,0
MTP804LTG2XL539,0.0,8.0,8,8,0,0,0,0,0,0
MTP804LTGLAR539,1.0,15.0,16,16,0,0,0,0,0,0
MTP804LTGMED539,1.0,15.0,16,16,0,0,0,0,0,0
MTP804LTGXLR539,36.0,16.0,52,46,6,0,6,3,2,1
MTP804MNB2XL539,0.0,8.0,8,8,0,0,0,0,0,0
MTP804MNBLAR539,1.0,15.0,16,16,0,0,0,0,0,0
MTP804MNBMED539,0.0,14.0,14,14,0,0,0,0,0,0
MTP804MNBXLR539,36.0,16.0,52,46,6,0,6,3,2,1
MTP804TEL2XL539,0.0,8.0,8,8,0,0,0,0,0,0
MTP804TELLAR539,11.0,41.0,52,44,0,8,8,4,3,1
MTP804TELMED539,1.0,15.0,16,16,0,0,0,0,0,0
MTP804TELXLR539,1.0,15.0,16,16,0,0,0,0,0,0
MTP804WHT2XL539,0.0,10.0,10,10,0,0,0,0,0,0
MTP804WHTLAR539,11.0,78.0,89,76,0,13,13,6,5,2
MTP804WHTMED539,11.0,40.0,51,44,0,7,7,3,3,1
MTP804WHTXLR539,1.0,15.0,16,16,0,0,0,0,0,0
MTP804YLW2XL539,0.0,8.0,8,8,0,0,0,0,0,0
MTP804YLWLAR539,1.0,15.0,16,16,0,0,0,0,0,0
MTP804YLWMED539,1.0,15.0,16,16,0,0,0,0,0,0
MTP804YLWXLR539,11.0,77.0,88,75,0,13,13,6,5,2
MTP805BLK2XL,0.0,17.0,17,17,0,0,0,0,0,0
MTP805BLKLAR,0.0,0.0,0,0,0,0,0,0,0,0
MTP805BLKMED,0.0,2.0,2,2,0,0,0,0,0,0
MTP805BLKSML,0.0,14.0,14,14,0,0,0,0,0,0
MTP805BLKXLR,0.0,0.0,0,0,0,0,0,0,0,0
MTP805CNG2XL,0.0,10.0,10,10,0,0,0,0,0,0
MTP805CNGLAR,0.0,2.0,2,2,0,0,0,0,0,0
MTP805CNGMED,39.0,11.0,50,41,9,0,9,4,4,1
MTP805CNGSML,18.0,10.0,28,28,0,0,0,0,0,0
MTP805CNGXLR,0.0,0.0,0,0,0,0,0,0,0,0
MTP805DTE2XL,0.0,23.0,23,20,0,3,3,1,1,1
MTP805DTEMED,0.0,0.0,0,0,0,0,0,0,0,0
MTP805DTESML,0.0,35.0,35,30,0,5,5,2,2,1
MTP805DTEXLR,0.0,0.0,0,0,0,0,0,0,0,0
MTP805GFT2XL,12.0,29.0,41,35,0,6,6,3,2,1
MTP805GFTLAR,0.0,1.0,1,1,0,0,0,0,0,0
MTP805GFTMED,0.0,1.0,1,1,0,0,0,0,0,0
MTP805GFTSML,14.0,20.0,34,34,0,0,0,0,0,0
MTP805GFTXLR,0.0,0.0,0,0,0,0,0,0,0,0
MTP805GVE2XL,0.0,2.0,2,2,0,0,0,0,0,0
MTP805GVELAR,0.0,0.0,0,0,0,0,0,0,0,0
MTP805GVEMED,0.0,3.0,3,3,0,0,0,0,0,0
MTP805GVESML,0.0,17.0,17,17,0,0,0,0,0,0
MTP805GVEXLR,0.0,0.0,0,0,0,0,0,0,0,0
MTP805OML2XL,0.0,41.0,41,35,0,6,6,3,2,1
MTP805OMLLAR,0.0,1.0,1,1,0,0,0,0,0,0
MTP805OMLMED,0.0,0.0,0,0,0,0,0,0,0,0
MTP805OMLSML,0.0,15.0,15,15,0,0,0,0,0,0
MTP805OMLXLR,0.0,0.0,0,0,0,0,0,0,0,0
MTP805SBE2XL,0.0,19.0,19,19,0,0,0,0,0,0
MTP805SBELAR,0.0,1.0,1,1,0,0,0,0,0,0
MTP805SBEMED,21.0,11.0,32,32,0,0,0,0,0,0
MTP805SBESML,14.0,23.0,37,34,0,3,3,1,1,1
MTP805SBEXLR,0.0,4.0,4,4,0,0,0,0,0,0
MTP805TLE2XL,0.0,13.0,13,13,0,0,0,0,0,0
MTP805TLELAR,0.0,0.0,0,0,0,0,0,0,0,0
MTP805TLEMED,47.0,10.0,57,44,13,0,13,6,5,2
MTP805TLESML,0.0,0.0,0,0,0,0,0,0,0,0
MTP805TLEXLR,28.0,11.0,39,39,0,0,0,0,0,0
MTP805TRN2XL,0.0,0.0,0,0,0,0,0,0,0,0
MTP805TRNLAR,0.0,2.0,2,2,0,0,0,0,0,0
MTP805TRNMED,0.0,2.0,2,2,0,0,0,0,0,0
MTP805TRNSML,15.0,10.0,25,25,0,0,0,0,0,0
MTP805TRNXLR,1.0,15.0,16,16,0,0,0,0,0,0
MTP806CRBMED,0.0,0.0,0,0,0,0,0,0,0,0
MTP806FIG2XL,0.0,1.0,1,1,0,0,0,0,0,0
MTP806GVE2XL,0.0,1.0,1,1,0,0,0,0,0,0
MTP806GVELAR,0.0,0.0,0,0,0,0,0,0,0,0
MTP807BLK2XL,78.0,29.0,107,75,23,9,32,15,12,5
MTP807BLKLAR,27.0,11.0,38,38,0,0,0,0,0,0
MTP807BLKMED,49.0,10.0,59,46,13,0,13,6,5,2
MTP807BLKXLR,35.0,25.0,60,50,5,5,10,5,4,1
MTP807DPK2XL,0.0,1.0,1,1,0,0,0,0,0,0
MTP807DPKLAR,4.0,10.0,14,14,0,0,0,0,0,0
MTP807DPKMED,0.0,2.0,2,2,0,0,0,0,0,0
MTP807DPKXLR,20.0,10.0,30,30,0,0,0,0,0,0
MTP807GVE2XL,0.0,2.0,2,2,0,0,0,0,0,0
MTP807GVELAR,0.0,1.0,1,1,0,0,0,0,0,0
MTP807GVEMED,6.0,19.0,25,25,0,0,0,0,0,0
MTP807GVEXLR,0.0,4.0,4,4,0,0,0,0,0,0
MTP807HBE2XL,0.0,0.0,0,0,0,0,0,0,0,0
MTP807HBELAR,0.0,6.0,6,6,0,0,0,0,0,0
MTP807HBEMED,11.0,15.0,26,26,0,0,0,0,0,0
MTP807HBEXLR,0.0,3.0,3,3,0,0,0,0,0,0
MTP807KHI2XL,31.0,15.0,46,45,1,0,1,0,0,1
MTP807KHILAR,13.0,10.0,23,23,0,0,0,0,0,0
MTP807KHIMED,15.0,10.0,25,25,0,0,0,0,0,0
MTP807KHIXLR,4.0,15.0,19,19,0,0,0,0,0,0
MTP807MNB2XL,1.0,20.0,21,21,0,0,0,0,0,0
MTP807MNBLAR,0.0,7.0,7,7,0,0,0,0,0,0
MTP807MNBMED,0.0,10.0,10,10,0,0,0,0,0,0
MTP807MNBXLR,26.0,11.0,37,37,0,0,0,0,0,0
MTP807NTC2XL,0.0,3.0,3,3,0,0,0,0,0,0
MTP807NTCLAR,0.0,1.0,1,1,0,0,0,0,0,0
MTP807NTCMED,0.0,2.0,2,2,0,0,0,0,0,0
MTP807NTCXLR,0.0,0.0,0,0,0,0,0,0,0,0
MTP807OBR2XL,0.0,15.0,15,15,0,0,0,0,0,0
MTP807OBRLAR,0.0,4.0,4,4,0,0,0,0,0,0
MTP807OBRMED,0.0,14.0,14,14,0,0,0,0,0,0
MTP807OBRXLR,0.0,6.0,6,6,0,0,0,0,0,0
MTP807OFW2XL,0.0,3.0,3,3,0,0,0,0,0,0
MTP807OFWLAR,0.0,7.0,7,7,0,0,0,0,0,0
MTP807OFWMED,0.0,8.0,8,8,0,0,0,0,0,0
MTP807OFWXLR,0.0,3.0,3,3,0,0,0,0,0,0
MTP807OLD2XL,0.0,4.0,4,4,0,0,0,0,0,0
MTP807OLDLAR,0.0,10.0,10,10,0,0,0,0,0,0
MTP807OLDMED,0.0,13.0,13,13,0,0,0,0,0,0
MTP807OLDXLR,0.0,7.0,7,7,0,0,0,0,0,0
MTP807SKO2XL,0.0,3.0,3,3,0,0,0,0,0,0
MTP807SKOLAR,0.0,4.0,4,4,0,0,0,0,0,0
MTP807SKOMED,0.0,6.0,6,6,0,0,0,0,0,0
MTP807SKOXLR,0.0,8.0,8,8,0,0,0,0,0,0
MTP807TCA2XL,0.0,7.0,7,7,0,0,0,0,0,0
MTP807TCALAR,0.0,10.0,10,10,0,0,0,0,0,0
MTP807TCAMED,9.0,16.0,25,25,0,0,0,0,0,0
MTP807TCAXLR,2.0,13.0,15,15,0,0,0,0,0,0
MTP807TEL2XL,18.0,10.0,28,28,0,0,0,0,0,0
MTP807TELLAR,0.0,2.0,2,2,0,0,0,0,0,0
MTP807TELMED,0.0,8.0,8,8,0,0,0,0,0,0
MTP807TELXLR,3.0,10.0,13,13,0,0,0,0,0,0
MTP807TRN2XL,0.0,2.0,2,2,0,0,0,0,0,0
MTP807TRNLAR,0.0,7.0,7,7,0,0,0,0,0,0
MTP807TRNMED,0.0,8.0,8,8,0,0,0,0,0,0
MTP807TRNXLR,0.0,6.0,6,6,0,0,0,0,0,0
MTP807VIO2XL,0.0,4.0,4,4,0,0,0,0,0,0
MTP807VIOLAR,0.0,7.0,7,7,0,0,0,0,0,0
MTP807VIOMED,25.0,10.0,35,35,0,0,0,0,0,0
MTP807VIOXLR,0.0,5.0,5,5,0,0,0,0,0,0
MTP807YLW2XL,51.0,11.0,62,49,13,0,13,6,5,2
MTP807YLWLAR,17.0,11.0,28,28,0,0,0,0,0,0
MTP807YLWMED,38.0,10.0,48,40,8,0,8,4,3,1
MTP807YLWXLR,15.0,17.0,32,32,0,0,0,0,0,0
MTP808BTE2XL,0.0,4.0,4,4,0,0,0,0,0,0
MTP808BTELAR,0.0,0.0,0,0,0,0,0,0,0,0
MTP808BTEMED,0.0,0.0,0,0,0,0,0,0,0,0
MTP808BTESML,0.0,0.0,0,0,0,0,0,0,0,0
MTP808BTEXLR,0.0,2.0,2,2,0,0,0,0,0,0
MTP808CHA2XL,0.0,20.0,20,20,0,0,0,0,0,0
MTP808CHA3XL,0.0,6.0,6,6,0,0,0,0,0,0
MTP808CHALAR,0.0,0.0,0,0,0,0,0,0,0,0
MTP808CHAMED,0.0,0.0,0,0,0,0,0,0,0,0
MTP808CHAXLR,0.0,4.0,4,4,0,0,0,0,0,0
MTP808DRD2XL,0.0,1.0,1,1,0,0,0,0,0,0
MTP808DRDLAR,0.0,0.0,0,0,0,0,0,0,0,0
MTP808DRDMED,0.0,0.0,0,0,0,0,0,0,0,0
MTP808DRDSML,0.0,0.0,0,0,0,0,0,0,0,0
MTP808DRDXLR,0.0,0.0,0,0,0,0,0,0,0,0
MTP808GVE2XL,0.0,0.0,0,0,0,0,0,0,0,0
MTP808GVELAR,0.0,3.0,3,3,0,0,0,0,0,0
MTP808GVEMED,0.0,1.0,1,1,0,0,0,0,0,0
MTP808GVESML,0.0,3.0,3,3,0,0,0,0,0,0
MTP808GVEXLR,0.0,0.0,0,0,0,0,0,0,0,0
MTP808IRG2XL,0.0,0.0,0,0,0,0,0,0,0,0
MTP808IRGLAR,0.0,6.0,6,6,0,0,0,0,0,0
MTP808IRGMED,0.0,1.0,1,1,0,0,0,0,0,0
MTP808IRGSML,0.0,0.0,0,0,0,0,0,0,0,0
MTP808IRGXLR,6.0,10.0,16,16,0,0,0,0,0,0
MTP808LTG2XL,0.0,26.0,26,22,0,4,4,2,2,0
MTP808LTG3XL,0.0,0.0,0,0,0,0,0,0,0,0
MTP808LTGLAR,0.0,0.0,0,0,0,0,0,0,0,0
MTP808LTGMED,0.0,0.0,0,0,0,0,0,0,0,0
MTP808LTGXLR,0.0,0.0,0,0,0,0,0,0,0,0
MTP808SEG2XL,0.0,0.0,0,0,0,0,0,0,0,0
MTP808SEGLAR,0.0,0.0,0,0,0,0,0,0,0,0
MTP808SEGMED,0.0,0.0,0,0,0,0,0,0,0,0
MTP808SEGXLR,0.0,0.0,0,0,0,0,0,0,0,0
MTP808SKO2XL,59.0,43.0,102,65,22,15,37,17,14,6
MTP808SKO3XL,0.0,0.0,0,0,0,0,0,0,0,0
MTP808SKOLAR,0.0,10.0,10,10,0,0,0,0,0,0
MTP808SKOMED,0.0,0.0,0,0,0,0,0,0,0,0
MTP808SKOSML,0.0,0.0,0,0,0,0,0,0,0,0
MTP808SKOXLR,217.0,164.0,381,244,82,55,137,65,53,19
MTP808SKY2XL,24.0,13.0,37,37,0,0,0,0,0,0
MTP808SKY3XL,0.0,1.0,1,1,0,0,0,0,0,0
MTP808SKYLAR,0.0,1.0,1,1,0,0,0,0,0,0
MTP808SKYMED,0.0,0.0,0,0,0,0,0,0,0,0
MTP808SKYXLR,5.0,10.0,15,15,0,0,0,0,0,0
MTP810GVEMED,0.0,1.0,1,1,0,0,0,0,0,0
MTP811ASH2XL,10.0,13.0,23,23,0,0,0,0,0,0
MTP811ASHLAR,1.0,11.0,12,12,0,0,0,0,0,0
MTP811ASHMED,13.0,16.0,29,29,0,0,0,0,0,0
MTP811ASHXLR,24.0,18.0,42,42,0,0,0,0,0,0
MTP811BLK2XL,2.0,15.0,17,17,0,0,0,0,0,0
MTP811BLKLAR,0.0,0.0,0,0,0,0,0,0,0,0
MTP811BLKMED,9.0,31.0,40,34,0,6,6,3,2,1
MTP811BLKXLR,3.0,19.0,22,22,0,0,0,0,0,0
MTP811CHA2XL,25.0,22.0,47,45,0,2,2,1,1,0
MTP811CHALAR,69.0,20.0,89,70,19,0,19,9,7,3
MTP811CHAMED,4.0,20.0,24,24,0,0,0,0,0,0
MTP811CHAXLR,78.0,33.0,111,74,24,13,37,17,14,6
MTP811LBEMED,0.0,1.0,1,1,0,0,0,0,0,0
MTP811NVYMED,0.0,0.0,0,0,0,0,0,0,0,0
MTP811TEL2XL,7.0,14.0,21,21,0,0,0,0,0,0
MTP811TELLAR,23.0,10.0,33,33,0,0,0,0,0,0
MTP811TELMED,38.0,10.0,48,40,8,0,8,4,3,1
MTP811TELXLR,58.0,24.0,82,60,18,4,22,10,9,3
MTP811WHT2XL,0.0,19.0,19,19,0,0,0,0,0,0
MTP811WHTXLR,0.0,0.0,0,0,0,0,0,0,0,0
MTP812AHM2XL002,0.0,0.0,0,0,0,0,0,0,0,0
MTP812BMMLAR004,0.0,0.0,0,0,0,0,0,0,0,0
MTP812BMMMED004,0.0,28.0,28,24,0,4,4,2,2,0
MTP812BMMXLR004,0.0,0.0,0,0,0,0,0,0,0,0
MTP812BRD2XL004549,0.0,2.0,2,2,0,0,0,0,0,0
MTP812BRDLAR004549,0.0,10.0,10,10,0,0,0,0,0,0
MTP812BRDMED004549,6.0,10.0,16,16,0,0,0,0,0,0
MTP812BRDXLR004549,0.0,5.0,5,5,0,0,0,0,0,0
MTP812CHA2XL002549,0.0,2.0,2,2,0,0,0,0,0,0
MTP812CHALAR002549,0.0,3.0,3,3,0,0,0,0,0,0
MTP812CHAMED002549,0.0,9.0,9,9,0,0,0,0,0,0
MTP812CHAXLR002549,0.0,8.0,8,8,0,0,0,0,0,0
MTP812CTM2XL002,0.0,0.0,0,0,0,0,0,0,0,0
MTP812CTMLAR002,0.0,1.0,1,1,0,0,0,0,0,0
MTP812CTMXLR002,0.0,0.0,0,0,0,0,0,0,0,0
MTP812GRMLAR005,0.0,0.0,0,0,0,0,0,0,0,0
MTP812GRMMED005,0.0,0.0,0,0,0,0,0,0,0,0
MTP812GVE2XL003549,0.0,0.0,0,0,0,0,0,0,0,0
MTP812GVELAR003549,0.0,0.0,0,0,0,0,0,0,0,0
MTP812GVEMED003,0.0,1.0,1,1,0,0,0,0,0,0
MTP812GVEMED003549,0.0,7.0,7,7,0,0,0,0,0,0
MTP812GVEXLR003,0.0,1.0,1,1,0,0,0,0,0,0
MTP812GVEXLR003549,0.0,21.0,21,20,0,1,1,0,0,1
MTP812HBMLAR002,0.0,3.0,3,3,0,0,0,0,0,0
MTP812LTG2XL003549,2.0,10.0,12,12,0,0,0,0,0,0
MTP812LTGLAR003549,83.0,99.0,182,116,40,26,66,31,26,9
MTP812LTGMED003549,184.0,117.0,301,193,65,43,108,51,42,15
MTP812LTGXLR003549,130.0,74.0,204,131,44,29,73,34,28,11
MTP812MMELAR004,0.0,1.0,1,1,0,0,0,0,0,0
MTP812MMEMED004,0.0,1.0,1,1,0,0,0,0,0,0
MTP812MMEMED005,0.0,1.0,1,1,0,0,0,0,0,0
MTP812MMEXLR004,0.0,1.0,1,1,0,0,0,0,0,0
MTP812MMEXLR005,0.0,4.0,4,4,0,0,0,0,0,0
MTP812MTG2XL003549,0.0,2.0,2,2,0,0,0,0,0,0
MTP812MTGLAR003549,0.0,1.0,1,1,0,0,0,0,0,0
MTP812MTGMED003549,28.0,20.0,48,48,0,0,0,0,0,0
MTP812MTGXLR003549,3.0,14.0,17,17,0,0,0,0,0,0
MTP812NAMLAR002,0.0,0.0,0,0,0,0,0,0,0,0
MTP812NAMMED002,0.0,0.0,0,0,0,0,0,0,0,0
MTP812NAMXLR002,0.0,0.0,0,0,0,0,0,0,0,0
MTP812NBM2XL004,0.0,0.0,0,0,0,0,0,0,0,0
MTP812NBM2XL004549,0.0,6.0,6,6,0,0,0,0,0,0
MTP812NBM2XL005,0.0,1.0,1,1,0,0,0,0,0,0
MTP812NBMLAR004,0.0,0.0,0,0,0,0,0,0,0,0
MTP812NBMLAR004549,181.0,89.0,270,173,58,39,97,46,38,13
MTP812NBMMED004,0.0,0.0,0,0,0,0,0,0,0,0
MTP812NBMMED004549,209.0,218.0,427,273,92,62,154,73,60,21
MTP812NBMMED005,0.0,0.0,0,0,0,0,0,0,0,0
MTP812NBMXLR004,0.0,1.0,1,1,0,0,0,0,0,0
MTP812NBMXLR004549,195.0,63.0,258,165,56,37,93,44,36,13
MTP812NBMXLR005,0.0,2.0,2,2,0,0,0,0,0,0
MTP812NVYMED003,0.0,1.0,1,1,0,0,0,0,0,0
MTP812OGM2XL002,0.0,1.0,1,1,0,0,0,0,0,0
MTP812SYMLAR004,0.0,2.0,2,2,0,0,0,0,0,0
MTP812SYMMED004,0.0,1.0,1,1,0,0,0,0,0,0
MTP812SYMMED005,0.0,0.0,0,0,0,0,0,0,0,0
MTP812SYMXLR004,0.0,2.0,2,2,0,0,0,0,0,0
MTP812SYMXLR005,0.0,2.0,2,2,0,0,0,0,0,0
MTP812TGM2XL004,0.0,3.0,3,3,0,0,0,0,0,0
MTP812TGM2XL004549,0.0,8.0,8,8,0,0,0,0,0,0
MTP812TGMLAR004,0.0,2.0,2,2,0,0,0,0,0,0
MTP812TGMLAR004549,12.0,11.0,23,23,0,0,0,0,0,0
MTP812TGMMED004,0.0,6.0,6,6,0,0,0,0,0,0
MTP812TGMMED004549,10.0,12.0,22,22,0,0,0,0,0,0
MTP812TGMXLR004,0.0,2.0,2,2,0,0,0,0,0,0
MTP812TGMXLR004549,8.0,14.0,22,22,0,0,0,0,0,0
MTP812TMEMED002,0.0,0.0,0,0,0,0,0,0,0,0
MTP812UGM2XL005,0.0,1.0,1,1,0,0,0,0,0,0
MTP812UGMMED005,0.0,1.0,1,1,0,0,0,0,0,0
MTP812UGMXLR005,0.0,0.0,0,0,0,0,0,0,0,0
MTP812WDMLAR004,0.0,0.0,0,0,0,0,0,0,0,0
MTP812WDMMED004,0.0,1.0,1,1,0,0,0,0,0,0
MTP812WDMMED005,0.0,0.0,0,0,0,0,0,0,0,0
MTP812WDMXLR004,0.0,0.0,0,0,0,0,0,0,0,0
MTP812WDMXLR005,0.0,0.0,0,0,0,0,0,0,0,0
MTP815BLKMED,0.0,1.0,1,1,0,0,0,0,0,0
MTP815GVEMED,0.0,1.0,1,1,0,0,0,0,0,0
MTP815OLDMED,0.0,1.0,1,1,0,0,0,0,0,0
MTP820ATY2XL,0.0,3.0,3,3,0,0,0,0,0,0
MTP820ATYLAR,0.0,1.0,1,1,0,0,0,0,0,0
MTP820ATYXLR,0.0,1.0,1,1,0,0,0,0,0,0
MTP820CFK2XL005699,94.0,44.0,138,88,30,20,50,24,19,7
MTP820CFKLAR005699,35.0,147.0,182,151,5,26,31,15,12,4
MTP820CFKMED005699,81.0,64.0,145,93,31,21,52,25,20,7
MTP820CFKXLR005699,70.0,125.0,195,127,40,28,68,32,26,10
MTP820COT2XL,0.0,5.0,5,5,0,0,0,0,0,0
MTP820COTLAR,0.0,8.0,8,8,0,0,0,0,0,0
MTP820COTMED,0.0,8.0,8,8,0,0,0,0,0,0
MTP820COTXLR,0.0,8.0,8,8,0,0,0,0,0,0
MTP820KPNLAR,0.0,0.0,0,0,0,0,0,0,0,0
MTP820KPNMED,0.0,1.0,1,1,0,0,0,0,0,0
MTP820LTG2XL005699,0.0,67.0,67,57,0,10,10,5,4,1
MTP820LTGLAR005699,0.0,93.0,93,80,0,13,13,6,5,2
MTP820LTGMED005699,0.0,59.0,59,51,0,8,8,4,3,1
MTP820LTGXLR005699,0.0,95.0,95,81,0,14,14,7,5,2
MTP820MMMMED,0.0,32.0,32,27,0,5,5,2,2,1
MTP820MMMXLR,0.0,2.0,2,2,0,0,0,0,0,0
MTP820MNB2XL005699,0.0,54.0,54,46,0,8,8,4,3,1
MTP820MNBLAR005699,0.0,70.0,70,60,0,10,10,5,4,1
MTP820MNBMED005699,0.0,47.0,47,40,0,7,7,3,3,1
MTP820MNBXLR005699,0.0,71.0,71,61,0,10,10,5,4,1
MTP820RYB2XL005699,0.0,49.0,49,42,0,7,7,3,3,1
MTP820RYBLAR005699,0.0,66.0,66,56,0,10,10,5,4,1
MTP820RYBMED005699,0.0,44.0,44,38,0,6,6,3,2,1
MTP820RYBXLR005699,0.0,67.0,67,57,0,10,10,5,4,1
MTP820SDEMED,0.0,4.0,4,4,0,0,0,0,0,0
MTP820SDEXLR,0.0,1.0,1,1,0,0,0,0,0,0
MTP820SDL2XL005699,11.0,62.0,73,63,0,10,10,5,4,1
MTP820SDLLAR005699,7.0,80.0,87,75,0,12,12,6,5,1
MTP820SDLMED005699,3.0,52.0,55,47,0,8,8,4,3,1
MTP820SDLXLR005699,39.0,46.0,85,64,9,12,21,10,8,3
MTP820TEL2XL005699,102.0,71.0,173,111,37,25,62,29,24,9
MTP820TELLAR005699,142.0,108.0,250,160,54,36,90,42,35,13
MTP820TELMED005699,93.0,66.0,159,102,34,23,57,27,22,8
MTP820TELXLR005699,142.0,106.0,248,159,53,36,89,42,35,12
MTP820TTT2XL,0.0,2.0,2,2,0,0,0,0,0,0
MTP820TTTMED,0.0,15.0,15,15,0,0,0,0,0,0
MTP821BAS2XL003,0.0,6.0,6,6,0,0,0,0,0,0
MTP821BASLAR003,14.0,14.0,28,28,0,0,0,0,0,0
MTP821BASMED003,0.0,6.0,6,6,0,0,0,0,0,0
MTP821BASXLR003,0.0,16.0,16,16,0,0,0,0,0,0
MTP821BLE2XL005,10.0,10.0,20,20,0,0,0,0,0,0
MTP821BLELAR005,0.0,0.0,0,0,0,0,0,0,0,0
MTP821BLEMED005,0.0,10.0,10,10,0,0,0,0,0,0
MTP821BLESML005,23.0,11.0,34,34,0,0,0,0,0,0
MTP821BLEXLR005,19.0,10.0,29,29,0,0,0,0,0,0
MTP821BLH2XL003,0.0,3.0,3,3,0,0,0,0,0,0
MTP821BLHLAR003,0.0,4.0,4,4,0,0,0,0,0,0
MTP821BLHMED003,0.0,3.0,3,3,0,0,0,0,0,0
MTP821BLHXLR003,0.0,5.0,5,5,0,0,0,0,0,0
MTP821BLK2XL005,0.0,28.0,28,24,0,4,4,2,2,0
MTP821BLKLAR005,0.0,0.0,0,0,0,0,0,0,0,0
MTP821BLKMED005,0.0,27.0,27,23,0,4,4,2,2,0
MTP821BLKSML005,0.0,0.0,0,0,0,0,0,0,0,0
MTP821BLKXLR005,0.0,0.0,0,0,0,0,0,0,0,0
MTP821CFK2XL007,0.0,54.0,54,46,0,8,8,4,3,1
MTP821CFKLAR007,31.0,34.0,65,55,1,9,10,5,4,1
MTP821CFKMED007,12.0,37.0,49,42,0,7,7,3,3,1
MTP821CFKXLR007,26.0,28.0,54,46,0,8,8,4,3,1
MTP821DKHLAR004,0.0,0.0,0,0,0,0,0,0,0,0
MTP821DLH2XL003,0.0,1.0,1,1,0,0,0,0,0,0
MTP821DLHLAR003,0.0,0.0,0,0,0,0,0,0,0,0
MTP821DLHMED003,0.0,1.0,1,1,0,0,0,0,0,0
MTP821DPKLAR005,0.0,2.0,2,2,0,0,0,0,0,0
MTP821DPKMED005,6.0,10.0,16,16,0,0,0,0,0,0
MTP821DPKSML005,26.0,10.0,36,36,0,0,0,0,0,0
MTP821DPKXLR005,16.0,10.0,26,26,0,0,0,0,0,0
MTP821ESE2XL003,0.0,9.0,9,9,0,0,0,0,0,0
MTP821ESELAR003,0.0,9.0,9,9,0,0,0,0,0,0
MTP821ESEMED003,0.0,7.0,7,7,0,0,0,0,0,0
MTP821ESEXLR003,0.0,7.0,7,7,0,0,0,0,0,0
MTP821FCS2XL,0.0,0.0,0,0,0,0,0,0,0,0
MTP821FCSLAR,0.0,0.0,0,0,0,0,0,0,0,0
MTP821FCSMED,0.0,8.0,8,8,0,0,0,0,0,0
MTP821FCSSML,0.0,210.0,210,180,0,30,30,14,12,4
MTP821FCSXLR,0.0,0.0,0,0,0,0,0,0,0,0
MTP821GTE2XL004,0.0,1.0,1,1,0,0,0,0,0,0
MTP821GTELAR004,0.0,2.0,2,2,0,0,0,0,0,0
MTP821GTEMED004,0.0,4.0,4,4,0,0,0,0,0,0
MTP821GTEXLR004,0.0,1.0,1,1,0,0,0,0,0,0
MTP821HRTLAR003,13.0,20.0,33,33,0,0,0,0,0,0
MTP821HRTMED003,0.0,6.0,6,6,0,0,0,0,0,0
MTP821HRTXLR003,0.0,14.0,14,14,0,0,0,0,0,0
MTP821ISN2XL,0.0,1.0,1,1,0,0,0,0,0,0
MTP821ISNLAR,0.0,2.0,2,2,0,0,0,0,0,0
MTP821ISNMED,0.0,1.0,1,1,0,0,0,0,0,0
MTP821ISNSML,0.0,404.0,404,346,0,58,58,27,23,8
MTP821ISNXLR,0.0,0.0,0,0,0,0,0,0,0,0
MTP821JVS2XL,0.0,1.0,1,1,0,0,0,0,0,0
MTP821JVSLAR,0.0,0.0,0,0,0,0,0,0,0,0
MTP821JVSMED,0.0,0.0,0,0,0,0,0,0,0,0
MTP821JVSSML,0.0,305.0,305,261,0,44,44,21,17,6
MTP821JVSXLR,0.0,0.0,0,0,0,0,0,0,0,0
MTP821LTG2XL007,0.0,59.0,59,51,0,8,8,4,3,1
MTP821LTGLAR007,0.0,53.0,53,45,0,8,8,4,3,1
MTP821LTGMED007,0.0,86.0,86,74,0,12,12,6,5,1
MTP821LTGXLR007,0.0,29.0,29,25,0,4,4,2,2,0
MTP821MCSMED,0.0,0.0,0,0,0,0,0,0,0,0
MTP821MCSXLR,0.0,0.0,0,0,0,0,0,0,0,0
MTP821MNB2XL007,0.0,53.0,53,45,0,8,8,4,3,1
MTP821MNBLAR007,14.0,38.0,52,44,0,8,8,4,3,1
MTP821MNBMED007,33.0,51.0,84,69,3,12,15,7,6,2
MTP821MNBXLR007,17.0,31.0,48,41,0,7,7,3,3,1
MTP821MTE2XL004,0.0,0.0,0,0,0,0,0,0,0,0
MTP821MTELAR004,0.0,1.0,1,1,0,0,0,0,0,0
MTP821MTEMED004,0.0,6.0,6,6,0,0,0,0,0,0
MTP821MTEXLR004,0.0,9.0,9,9,0,0,0,0,0,0
MTP821MTG2XL007,0.0,50.0,50,43,0,7,7,3,3,1
MTP821MTGLAR007,0.0,38.0,38,32,0,6,6,3,2,1
MTP821MTGMED007,0.0,32.0,32,27,0,5,5,2,2,1
MTP821MTGXLR007,0.0,48.0,48,41,0,7,7,3,3,1
MTP821NYH2XL004,0.0,0.0,0,0,0,0,0,0,0,0
MTP821NYHLAR004,0.0,1.0,1,1,0,0,0,0,0,0
MTP821NYHMED004,0.0,28.0,28,24,0,4,4,2,2,0
MTP821NYHXLR004,0.0,0.0,0,0,0,0,0,0,0,0
MTP821OGY2XL005,13.0,10.0,23,23,0,0,0,0,0,0
MTP821OGYLAR005,0.0,0.0,0,0,0,0,0,0,0,0
MTP821OGYMED005,23.0,10.0,33,33,0,0,0,0,0,0
MTP821OGYSML005,22.0,12.0,34,34,0,0,0,0,0,0
MTP821OGYXLR005,0.0,0.0,0,0,0,0,0,0,0,0
MTP821ONW2XL,0.0,0.0,0,0,0,0,0,0,0,0
MTP821ONWLAR,0.0,5.0,5,5,0,0,0,0,0,0
MTP821ONWMED,0.0,0.0,0,0,0,0,0,0,0,0
MTP821ONWSML,0.0,390.0,390,334,0,56,56,26,22,8
MTP821ONWXLR,0.0,0.0,0,0,0,0,0,0,0,0
MTP821REHLAR004,0.0,0.0,0,0,0,0,0,0,0,0
MTP821SCT2XL003,0.0,0.0,0,0,0,0,0,0,0,0
MTP821SCTLAR003,0.0,0.0,0,0,0,0,0,0,0,0
MTP821SCTMED003,0.0,1.0,1,1,0,0,0,0,0,0
MTP821SCTXLR003,0.0,1.0,1,1,0,0,0,0,0,0
MTP821SKO2XL007,0.0,74.0,74,63,0,11,11,5,4,2
MTP821SKOLAR007,14.0,43.0,57,49,0,8,8,4,3,1
MTP821SKOMED007,84.0,53.0,137,88,29,20,49,23,19,7
MTP821SKOXLR007,21.0,37.0,58,50,0,8,8,4,3,1
MTP821STE2XL004,0.0,1.0,1,1,0,0,0,0,0,0
MTP821STELAR004,0.0,0.0,0,0,0,0,0,0,0,0
MTP821STEMED004,0.0,0.0,0,0,0,0,0,0,0,0
MTP821STEXLR004,0.0,4.0,4,4,0,0,0,0,0,0
MTP821TEL2XL007,0.0,59.0,59,51,0,8,8,4,3,1
MTP821TELLAR007,4.0,18.0,22,22,0,0,0,0,0,0
MTP821TELMED007,5.0,43.0,48,41,0,7,7,3,3,1
MTP821TELXLR007,5.0,37.0,42,36,0,6,6,3,2,1
MTP821TRN2XL005,0.0,0.0,0,0,0,0,0,0,0,0
MTP821TRNLAR005,0.0,0.0,0,0,0,0,0,0,0,0
MTP821TRNMED005,0.0,9.0,9,9,0,0,0,0,0,0
MTP821TRNSML005,0.0,14.0,14,14,0,0,0,0,0,0
MTP821TRNXLR005,0.0,0.0,0,0,0,0,0,0,0,0
MTP821WLGLAR005,0.0,25.0,25,21,0,4,4,2,2,0
MTP821WLGMED005,0.0,0.0,0,0,0,0,0,0,0,0
MTP821WLGSML005,0.0,9.0,9,9,0,0,0,0,0,0
MTP821WLGXLR005,0.0,0.0,0,0,0,0,0,0,0,0
MTP824AGY2XL003,0.0,11.0,11,11,0,0,0,0,0,0
MTP824AGYLAR003,19.0,18.0,37,37,0,0,0,0,0,0
MTP824AGYMED003,3.0,13.0,16,16,0,0,0,0,0,0
MTP824AGYXLR003,36.0,25.0,61,50,6,5,11,5,4,2
MTP824ASH2XL007,0.0,0.0,0,0,0,0,0,0,0,0
MTP824ASHLAR007,6.0,12.0,18,18,0,0,0,0,0,0
MTP824ASHSML007,0.0,6.0,6,6,0,0,0,0,0,0
MTP824ASHXLR007,0.0,17.0,17,17,0,0,0,0,0,0
MTP824BLE2XL004,0.0,2.0,2,2,0,0,0,0,0,0
MTP824BLE2XL008499,70.0,10.0,80,63,17,0,17,8,7,2
MTP824BLELAR004,0.0,7.0,7,7,0,0,0,0,0,0
MTP824BLELAR008499,140.0,27.0,167,124,36,7,43,20,17,6
MTP824BLEMED004,0.0,9.0,9,9,0,0,0,0,0,0
MTP824BLEMED008499,160.0,25.0,185,140,40,5,45,21,18,6
MTP824BLEXLR004,0.0,11.0,11,11,0,0,0,0,0,0
MTP824BLEXLR008499,60.0,17.0,77,60,17,0,17,8,7,2
MTP824BRN2XL,0.0,0.0,0,0,0,0,0,0,0,0
MTP824BRNLAR,0.0,1.0,1,1,0,0,0,0,0,0
MTP824BRNMED,0.0,4.0,4,4,0,0,0,0,0,0
MTP824CFK2XL007,0.0,1.0,1,1,0,0,0,0,0,0
MTP824CFK2XL008499,48.0,20.0,68,54,14,0,14,7,5,2
MTP824CFKLAR007,0.0,1.0,1,1,0,0,0,0,0,0
MTP824CFKLAR008499,147.0,85.0,232,148,50,34,84,40,33,11
MTP824CFKMED007,0.0,0.0,0,0,0,0,0,0,0,0
MTP824CFKMED008499,199.0,65.0,264,169,57,38,95,45,37,13
MTP824CFKSML007,0.0,7.0,7,7,0,0,0,0,0,0
MTP824CFKXLR007,0.0,0.0,0,0,0,0,0,0,0,0
MTP824CFKXLR008499,82.0,23.0,105,79,23,3,26,12,10,4
MTP824GVELAR002,0.0,0.0,0,0,0,0,0,0,0,0
MTP824GVELAR006,0.0,27.0,27,23,0,4,4,2,2,0
MTP824GVELAR006499,0.0,32.0,32,27,0,5,5,2,2,1
MTP824GVEMED002,0.0,24.0,24,20,0,4,4,2,2,0
MTP824GVEMED006,0.0,6.0,6,6,0,0,0,0,0,0
MTP824GVEMED006499,0.0,30.0,30,26,0,4,4,2,2,0
MTP824GVEXLR002,0.0,0.0,0,0,0,0,0,0,0,0
MTP824GVEXLR006,0.0,22.0,22,20,0,2,2,1,1,0
MTP824GVEXLR006499,0.0,31.0,31,27,0,4,4,2,2,0
MTP824GYR2XL004,0.0,7.0,7,7,0,0,0,0,0,0
MTP824GYRLAR004,0.0,9.0,9,9,0,0,0,0,0,0
MTP824GYRMED004,0.0,14.0,14,14,0,0,0,0,0,0
MTP824GYRXLR004,0.0,9.0,9,9,0,0,0,0,0,0
MTP824HTG2XL002,27.0,12.0,39,39,0,0,0,0,0,0
MTP824HTGLAR002,0.0,12.0,12,12,0,0,0,0,0,0
MTP824HTGMED002,0.0,31.0,31,27,0,4,4,2,2,0
MTP824HTGXLR002,38.0,15.0,53,45,8,0,8,4,3,1
MTP824HTRMED003,0.0,2.0,2,2,0,0,0,0,0,0
MTP824IRG2XL,0.0,0.0,0,0,0,0,0,0,0,0
MTP824IRG2XL006,0.0,4.0,4,4,0,0,0,0,0,0
MTP824IRG2XL006499,0.0,0.0,0,0,0,0,0,0,0,0
MTP824IRGLAR006,0.0,24.0,24,20,0,4,4,2,2,0
MTP824IRGLAR006499,0.0,6.0,6,6,0,0,0,0,0,0
MTP824IRGMED,0.0,2.0,2,2,0,0,0,0,0,0
MTP824IRGMED006,0.0,13.0,13,13,0,0,0,0,0,0
MTP824IRGMED006499,0.0,19.0,19,19,0,0,0,0,0,0
MTP824IRGXLR,0.0,0.0,0,0,0,0,0,0,0,0
MTP824IRGXLR006,0.0,0.0,0,0,0,0,0,0,0,0
MTP824IRGXLR006499,0.0,21.0,21,20,0,1,1,0,0,1
MTP824KHI2XL002,0.0,13.0,13,13,0,0,0,0,0,0
MTP824KHI2XL006,0.0,11.0,11,11,0,0,0,0,0,0
MTP824KHI2XL006499,0.0,0.0,0,0,0,0,0,0,0,0
MTP824KHILAR002,9.0,22.0,31,29,0,2,2,1,1,0
MTP824KHILAR006,4.0,11.0,15,15,0,0,0,0,0,0
MTP824KHILAR006499,0.0,21.0,21,20,0,1,1,0,0,1
MTP824KHIMED002,1.0,18.0,19,19,0,0,0,0,0,0
MTP824KHIMED006,2.0,14.0,16,16,0,0,0,0,0,0
MTP824KHIMED006499,4.0,21.0,25,24,0,1,1,0,0,1
MTP824KHIXLR002,0.0,3.0,3,3,0,0,0,0,0,0
MTP824KHIXLR006,0.0,12.0,12,12,0,0,0,0,0,0
MTP824KHIXLR006499,0.0,11.0,11,11,0,0,0,0,0,0
MTP824LGN2XL004,0.0,6.0,6,6,0,0,0,0,0,0
MTP824LGNLAR004,18.0,10.0,28,28,0,0,0,0,0,0
MTP824LGNMED004,20.0,10.0,30,30,0,0,0,0,0,0
MTP824LGNXLR004,0.0,15.0,15,15,0,0,0,0,0,0
MTP824LLC2XL007,0.0,4.0,4,4,0,0,0,0,0,0
MTP824LLCLAR007,0.0,11.0,11,11,0,0,0,0,0,0
MTP824LLCSML007,0.0,8.0,8,8,0,0,0,0,0,0
MTP824LLCXLR007,19.0,33.0,52,44,0,8,8,4,3,1
MTP824LTG2XL002,0.0,1.0,1,1,0,0,0,0,0,0
MTP824LTG2XL004,0.0,5.0,5,5,0,0,0,0,0,0
MTP824LTG2XL006,0.0,5.0,5,5,0,0,0,0,0,0
MTP824LTG2XL006499,0.0,13.0,13,13,0,0,0,0,0,0
MTP824LTGLAR004,6.0,10.0,16,16,0,0,0,0,0,0
MTP824LTGLAR006,0.0,20.0,20,20,0,0,0,0,0,0
MTP824LTGLAR006499,21.0,10.0,31,31,0,0,0,0,0,0
MTP824LTGMED002,0.0,5.0,5,5,0,0,0,0,0,0
MTP824LTGMED004,0.0,7.0,7,7,0,0,0,0,0,0
MTP824LTGMED006,0.0,14.0,14,14,0,0,0,0,0,0
MTP824LTGMED006499,3.0,29.0,32,27,0,5,5,2,2,1
MTP824LTGXLR002,0.0,1.0,1,1,0,0,0,0,0,0
MTP824LTGXLR003,0.0,2.0,2,2,0,0,0,0,0,0
MTP824LTGXLR004,5.0,10.0,15,15,0,0,0,0,0,0
MTP824LTGXLR006,0.0,22.0,22,20,0,2,2,1,1,0
MTP824LTGXLR006499,13.0,16.0,29,29,0,0,0,0,0,0
MTP824MNB2XL006,0.0,0.0,0,0,0,0,0,0,0,0
MTP824MNB2XL006499,0.0,1.0,1,1,0,0,0,0,0,0
MTP824MNB2XL007,0.0,3.0,3,3,0,0,0,0,0,0
MTP824MNBLAR006,0.0,9.0,9,9,0,0,0,0,0,0
MTP824MNBLAR006499,0.0,0.0,0,0,0,0,0,0,0,0
MTP824MNBLAR007,0.0,0.0,0,0,0,0,0,0,0,0
MTP824MNBMED006,0.0,5.0,5,5,0,0,0,0,0,0
MTP824MNBMED006499,0.0,6.0,6,6,0,0,0,0,0,0
MTP824MNBMED007,0.0,0.0,0,0,0,0,0,0,0,0
MTP824MNBSML007,0.0,0.0,0,0,0,0,0,0,0,0
MTP824MNBXLR006,0.0,1.0,1,1,0,0,0,0,0,0
MTP824MNBXLR006499,0.0,4.0,4,4,0,0,0,0,0,0
MTP824MNBXLR007,2.0,12.0,14,14,0,0,0,0,0,0
MTP824MTG2XL007,0.0,4.0,4,4,0,0,0,0,0,0
MTP824MTGLAR007,0.0,5.0,5,5,0,0,0,0,0,0
MTP824MTGMED007,0.0,8.0,8,8,0,0,0,0,0,0
MTP824MTGSML007,0.0,5.0,5,5,0,0,0,0,0,0
MTP824MTGXLR007,0.0,5.0,5,5,0,0,0,0,0,0
MTP824OFW2XL007,4.0,13.0,17,17,0,0,0,0,0,0
MTP824OFWLAR007,51.0,10.0,61,48,13,0,13,6,5,2
MTP824OFWMED007,0.0,1.0,1,1,0,0,0,0,0,0
MTP824OFWSML007,0.0,6.0,6,6,0,0,0,0,0,0
MTP824OFWXLR007,27.0,11.0,38,38,0,0,0,0,0,0
MTP824OGY2XL003,0.0,0.0,0,0,0,0,0,0,0,0
MTP824OGY2XL004,0.0,2.0,2,2,0,0,0,0,0,0
MTP824OGYLAR004,0.0,8.0,8,8,0,0,0,0,0,0
MTP824OGYMED004,0.0,16.0,16,16,0,0,0,0,0,0
MTP824OGYXLR004,0.0,11.0,11,11,0,0,0,0,0,0
MTP824PDB2XL,0.0,5.0,5,5,0,0,0,0,0,0
MTP824PDBLAR,0.0,1.0,1,1,0,0,0,0,0,0
MTP824PDBMED,19.0,10.0,29,29,0,0,0,0,0,0
MTP824PDBXLR,0.0,9.0,9,9,0,0,0,0,0,0
MTP824SKY2XL003,26.0,22.0,48,46,0,2,2,1,1,0
MTP824SKYLAR003,31.0,13.0,44,43,1,0,1,0,0,1
MTP824SKYMED003,2.0,10.0,12,12,0,0,0,0,0,0
MTP824SKYXLR003,9.0,11.0,20,20,0,0,0,0,0,0
MTP824SLBLAR002,0.0,1.0,1,1,0,0,0,0,0,0
MTP824SLBMED002,0.0,2.0,2,2,0,0,0,0,0,0
MTP824TCAMED003,0.0,2.0,2,2,0,0,0,0,0,0
MTP824TEL2XL006,0.0,4.0,4,4,0,0,0,0,0,0
MTP824TEL2XL006499,0.0,9.0,9,9,0,0,0,0,0,0
MTP824TEL2XL008499,25.0,10.0,35,35,0,0,0,0,0,0
MTP824TELLAR006,11.0,13.0,24,24,0,0,0,0,0,0
MTP824TELLAR006499,0.0,11.0,11,11,0,0,0,0,0,0
MTP824TELLAR008499,108.0,34.0,142,97,31,14,45,21,18,6
MTP824TELMED006,0.0,2.0,2,2,0,0,0,0,0,0
MTP824TELMED006499,0.0,16.0,16,16,0,0,0,0,0,0
MTP824TELMED008499,128.0,45.0,173,111,37,25,62,29,24,9
MTP824TELXLR006,0.0,9.0,9,9,0,0,0,0,0,0
MTP824TELXLR006499,0.0,17.0,17,17,0,0,0,0,0,0
MTP824TELXLR008499,56.0,16.0,72,56,16,0,16,8,6,2
MTP824TSP2XL002,0.0,10.0,10,10,0,0,0,0,0,0
MTP824TSPLAR002,0.0,7.0,7,7,0,0,0,0,0,0
MTP824TSPMED002,9.0,18.0,27,27,0,0,0,0,0,0
MTP824TSPXLR002,0.0,2.0,2,2,0,0,0,0,0,0
MTP824WGN2XL,0.0,0.0,0,0,0,0,0,0,0,0
MTP824WGNLAR,18.0,10.0,28,28,0,0,0,0,0,0
MTP824WGNMED,8.0,10.0,18,18,0,0,0,0,0,0
MTP824WGNXLR,4.0,10.0,14,14,0,0,0,0,0,0
MTP824WHT2XL004,18.0,10.0,28,28,0,0,0,0,0,0
MTP824WHT2XL008499,70.0,16.0,86,67,19,0,19,9,7,3
MTP824WHTLAR004,0.0,15.0,15,15,0,0,0,0,0,0
MTP824WHTLAR008499,160.0,112.0,272,174,59,39,98,46,38,14
MTP824WHTMED004,1.0,13.0,14,14,0,0,0,0,0,0
MTP824WHTMED008499,180.0,103.0,283,181,61,41,102,48,40,14
MTP824WHTXLR004,34.0,10.0,44,40,4,0,4,2,2,0
MTP824WHTXLR008499,90.0,51.0,141,90,31,20,51,24,20,7
MTP824WLG2XL005,0.0,2.0,2,2,0,0,0,0,0,0
MTP824WLG2XL008499,70.0,10.0,80,63,17,0,17,8,7,2
MTP824WLGLAR008499,155.0,13.0,168,132,36,0,36,17,14,5
MTP824WLGMED008499,160.0,25.0,185,140,40,5,45,21,18,6
MTP824WLGXLR008499,60.0,14.0,74,58,16,0,16,8,6,2
MTP824YLW2XL008499,70.0,10.0,80,63,17,0,17,8,7,2
MTP824YLWLAR008499,140.0,26.0,166,124,36,6,42,20,16,6
MTP824YLWMED008499,130.0,54.0,184,118,40,26,66,31,26,9
MTP824YLWXLR008499,60.0,14.0,74,58,16,0,16,8,6,2
MTP826BLK2XL,0.0,0.0,0,0,0,0,0,0,0,0
MTP826BLKLAR,0.0,0.0,0,0,0,0,0,0,0,0
MTP826BLKMED,0.0,1.0,1,1,0,0,0,0,0,0
MTP826BLKSML,0.0,32.0,32,27,0,5,5,2,2,1
MTP826BLKXLR,0.0,0.0,0,0,0,0,0,0,0,0
MTP826BRD2XL,0.0,0.0,0,0,0,0,0,0,0,0
MTP826BRDLAR,0.0,0.0,0,0,0,0,0,0,0,0
MTP826BRDMED,0.0,29.0,29,25,0,4,4,2,2,0
MTP826BRDSML,0.0,43.0,43,37,0,6,6,3,2,1
MTP826BRDXLR,0.0,0.0,0,0,0,0,0,0,0,0
MTP826CHA2XL,0.0,0.0,0,0,0,0,0,0,0,0
MTP826CHALAR,0.0,0.0,0,0,0,0,0,0,0,0
MTP826CHAMED,0.0,190.0,190,163,0,27,27,13,10,4
MTP826CHASML,0.0,106.0,106,91,0,15,15,7,6,2
MTP826CHAXLR,0.0,0.0,0,0,0,0,0,0,0,0
MTP826MNBMED,0.0,0.0,0,0,0,0,0,0,0,0
MTP826OBR2XL,0.0,0.0,0,0,0,0,0,0,0,0
MTP826OBRLAR,0.0,0.0,0,0,0,0,0,0,0,0
MTP826OBRMED,65.0,10.0,75,59,16,0,16,8,6,2
MTP826OBRSML,34.0,11.0,45,41,4,0,4,2,2,0
MTP826OBRXLR,0.0,1.0,1,1,0,0,0,0,0,0
MTP833AGY2XL,0.0,0.0,0,0,0,0,0,0,0,0
MTP833AGYLAR,0.0,0.0,0,0,0,0,0,0,0,0
MTP833AGYMED,51.0,10.0,61,48,13,0,13,6,5,2
MTP833AGYSML,0.0,1.0,1,1,0,0,0,0,0,0
MTP833AGYXLR,0.0,2.0,2,2,0,0,0,0,0,0
MTP833HBE2XL,0.0,5.0,5,5,0,0,0,0,0,0
MTP833HBELAR,0.0,2.0,2,2,0,0,0,0,0,0
MTP833HBEMED,1.0,10.0,11,11,0,0,0,0,0,0
MTP833HBESML,0.0,3.0,3,3,0,0,0,0,0,0
MTP833HBEXLR,0.0,1.0,1,1,0,0,0,0,0,0
MTP833KHI2XL,0.0,3.0,3,3,0,0,0,0,0,0
MTP833KHILAR,0.0,0.0,0,0,0,0,0,0,0,0
MTP833KHIMED,0.0,3.0,3,3,0,0,0,0,0,0
MTP833KHISML,0.0,2.0,2,2,0,0,0,0,0,0
MTP833KHIXLR,0.0,4.0,4,4,0,0,0,0,0,0
MTP833NTC2XL,0.0,0.0,0,0,0,0,0,0,0,0
MTP833NTCLAR,0.0,3.0,3,3,0,0,0,0,0,0
MTP833NTCMED,0.0,1.0,1,1,0,0,0,0,0,0
MTP833NTCSML,0.0,0.0,0,0,0,0,0,0,0,0
MTP833NTCXLR,0.0,2.0,2,2,0,0,0,0,0,0
MTP833NVY2XL,0.0,0.0,0,0,0,0,0,0,0,0
MTP833NVYLAR,0.0,5.0,5,5,0,0,0,0,0,0
MTP833NVYMED,31.0,10.0,41,40,1,0,1,0,0,1
MTP833NVYSML,0.0,3.0,3,3,0,0,0,0,0,0
MTP833NVYXLR,0.0,1.0,1,1,0,0,0,0,0,0
MTP833TMCLAR,0.0,0.0,0,0,0,0,0,0,0,0
MTP833TMCMED,0.0,2.0,2,2,0,0,0,0,0,0
MTP833TMCSML,0.0,45.0,45,39,0,6,6,3,2,1
MTP833TMCXLR,0.0,0.0,0,0,0,0,0,0,0,0
MTP834AGY2XL,0.0,1.0,1,1,0,0,0,0,0,0
MTP834AGYLAR,0.0,2.0,2,2,0,0,0,0,0,0
MTP834AGYMED,0.0,10.0,10,10,0,0,0,0,0,0
MTP834AGYSML,0.0,333.0,333,285,0,48,48,23,19,6
MTP834AGYXLR,0.0,8.0,8,8,0,0,0,0,0,0
MTP834HBE2XL,0.0,0.0,0,0,0,0,0,0,0,0
MTP834HBELAR,0.0,0.0,0,0,0,0,0,0,0,0
MTP834HBEMED,0.0,0.0,0,0,0,0,0,0,0,0
MTP834HBESML,0.0,316.0,316,270,0,46,46,22,18,6
MTP834HBEXLR,0.0,3.0,3,3,0,0,0,0,0,0
MTP834KHI2XL,0.0,1.0,1,1,0,0,0,0,0,0
MTP834KHILAR,0.0,2.0,2,2,0,0,0,0,0,0
MTP834KHIMED,0.0,0.0,0,0,0,0,0,0,0,0
MTP834KHISML,0.0,337.0,337,289,0,48,48,23,19,6
MTP834KHIXLR,0.0,1.0,1,1,0,0,0,0,0,0
MTP834NTC2XL,0.0,2.0,2,2,0,0,0,0,0,0
MTP834NTCLAR,0.0,3.0,3,3,0,0,0,0,0,0
MTP834NTCMED,0.0,2.0,2,2,0,0,0,0,0,0
MTP834NTCSML,0.0,284.0,284,243,0,41,41,19,16,6
MTP834NTCXLR,0.0,2.0,2,2,0,0,0,0,0,0
MTP834NVYLAR,0.0,0.0,0,0,0,0,0,0,0,0
MTP834NVYMED,0.0,30.0,30,26,0,4,4,2,2,0
MTP834TMC2XL,0.0,0.0,0,0,0,0,0,0,0,0
MTP834TMCLAR,0.0,0.0,0,0,0,0,0,0,0,0
MTP834TMCMED,0.0,8.0,8,8,0,0,0,0,0,0
MTP834TMCSML,0.0,316.0,316,270,0,46,46,22,18,6
MTP834TMCXLR,0.0,2.0,2,2,0,0,0,0,0,0
MTP834TRN2XL,0.0,1.0,1,1,0,0,0,0,0,0
MTP834TRNLAR,26.0,10.0,36,36,0,0,0,0,0,0
MTP834TRNMED,0.0,0.0,0,0,0,0,0,0,0,0
MTP834TRNXLR,23.0,12.0,35,35,0,0,0,0,0,0
MTP836BLK2XL,0.0,2.0,2,2,0,0,0,0,0,0
MTP836BLKMED,0.0,2.0,2,2,0,0,0,0,0,0
MTP836CRB2XL,0.0,1.0,1,1,0,0,0,0,0,0
MTP836CRBLAR,0.0,2.0,2,2,0,0,0,0,0,0
MTP836CRBMED,0.0,4.0,4,4,0,0,0,0,0,0
MTP836CRBXLR,0.0,2.0,2,2,0,0,0,0,0,0
MTP836GVE2XL,0.0,1.0,1,1,0,0,0,0,0,0
MTP836GVEMED,0.0,5.0,5,5,0,0,0,0,0,0
MTP836GVEXLR,0.0,2.0,2,2,0,0,0,0,0,0
MTP836LTG2XL,0.0,3.0,3,3,0,0,0,0,0,0
MTP836LTGLAR,0.0,1.0,1,1,0,0,0,0,0,0
MTP836LTGMED,0.0,8.0,8,8,0,0,0,0,0,0
MTP836NVY2XL,0.0,1.0,1,1,0,0,0,0,0,0
MTP836NVYLAR,0.0,4.0,4,4,0,0,0,0,0,0
MTP836NVYMED,10.0,22.0,32,30,0,2,2,1,1,0
MTP836NVYXLR,0.0,3.0,3,3,0,0,0,0,0,0
MTP836OGYLAR,0.0,1.0,1,1,0,0,0,0,0,0
MTP836OGYMED,0.0,33.0,33,28,0,5,5,2,2,1
MTP840HBEMED,0.0,5.0,5,5,0,0,0,0,0,0
MTP840HBEXLR,0.0,1.0,1,1,0,0,0,0,0,0
MTP840LTGMED,0.0,2.0,2,2,0,0,0,0,0,0
MTP840OGY2XL,0.0,1.0,1,1,0,0,0,0,0,0
MTP840TCAMED,0.0,5.0,5,5,0,0,0,0,0,0
MTP840TRNXLR,0.0,1.0,1,1,0,0,0,0,0,0
MTP840TSP2XL,0.0,5.0,5,5,0,0,0,0,0,0
MTP840TSPLAR,0.0,4.0,4,4,0,0,0,0,0,0
MTP840TSPMED,0.0,4.0,4,4,0,0,0,0,0,0
MTP840TSPXLR,0.0,7.0,7,7,0,0,0,0,0,0
MTP843AGY2XL,0.0,10.0,10,10,0,0,0,0,0,0
MTP843AGYLAR,0.0,4.0,4,4,0,0,0,0,0,0
MTP843AGYMED,0.0,13.0,13,13,0,0,0,0,0,0
MTP843AGYXLR,0.0,0.0,0,0,0,0,0,0,0,0
MTP843BLE2XL699,0.0,12.0,12,12,0,0,0,0,0,0
MTP843BLELAR699,0.0,0.0,0,0,0,0,0,0,0,0
MTP843BLEMED699,0.0,19.0,19,19,0,0,0,0,0,0
MTP843BLEXLR699,0.0,0.0,0,0,0,0,0,0,0,0
MTP843BLK2XL,0.0,3.0,3,3,0,0,0,0,0,0
MTP843BLK2XL699,88.0,143.0,231,148,50,33,83,39,32,12
MTP843BLKLAR,6.0,13.0,19,19,0,0,0,0,0,0
MTP843BLKLAR699,421.0,192.0,613,392,133,88,221,104,86,31
MTP843BLKMED,0.0,10.0,10,10,0,0,0,0,0,0
MTP843BLKMED699,435.0,191.0,626,401,135,90,225,106,88,31
MTP843BLKSML699,130.0,106.0,236,151,51,34,85,40,33,12
MTP843BLKXLR,3.0,18.0,21,21,0,0,0,0,0,0
MTP843BLKXLR699,146.0,179.0,325,208,70,47,117,55,46,16
MTP843BRD2XL699,180.0,141.0,321,205,70,46,116,55,45,16
MTP843BRDLAR699,360.0,254.0,614,393,133,88,221,104,86,31
MTP843BRDMED699,380.0,380.0,760,486,164,110,274,129,107,38
MTP843BRDSML699,130.0,75.0,205,131,44,30,74,35,29,10
MTP843BRDXLR699,360.0,309.0,669,428,145,96,241,114,94,33
MTP843DPK2XL699,0.0,1.0,1,1,0,0,0,0,0,0
MTP843DPKLAR699,0.0,3.0,3,3,0,0,0,0,0,0
MTP843DPKMED699,0.0,8.0,8,8,0,0,0,0,0,0
MTP843DPKXLR699,0.0,0.0,0,0,0,0,0,0,0,0
MTP843GVE2XL699,130.0,63.0,193,124,41,28,69,33,27,9
MTP843GVELAR699,210.0,192.0,402,257,87,58,145,68,56,21
MTP843GVEMED699,180.0,173.0,353,226,76,51,127,60,49,18
MTP843GVESML699,80.0,42.0,122,78,26,18,44,21,17,6
MTP843GVEXLR699,160.0,169.0,329,211,71,47,118,56,46,16
MTP843HBE2XL,0.0,2.0,2,2,0,0,0,0,0,0
MTP843HBELAR,0.0,2.0,2,2,0,0,0,0,0,0
MTP843HBEMED,0.0,8.0,8,8,0,0,0,0,0,0
MTP843HBEXLR,0.0,6.0,6,6,0,0,0,0,0,0
MTP843LTG2XL699,80.0,88.0,168,108,36,24,60,28,23,9
MTP843LTGLAR699,160.0,190.0,350,224,76,50,126,60,49,17
MTP843LTGMED699,180.0,184.0,364,233,79,52,131,62,51,18
MTP843LTGSML699,80.0,28.0,108,77,23,8,31,15,12,4
MTP843LTGXLR699,160.0,132.0,292,187,63,42,105,50,41,14
MTP843MNB2XL699,231.0,180.0,411,263,89,59,148,70,58,20
MTP843MNBLAR699,362.0,517.0,879,563,190,126,316,149,123,44
MTP843MNBMED699,381.0,353.0,734,470,158,106,264,125,103,36
MTP843MNBSML699,130.0,129.0,259,166,56,37,93,44,36,13
MTP843MNBXLR699,361.0,263.0,624,399,135,90,225,106,88,31
MTP843OBR2XL,0.0,2.0,2,2,0,0,0,0,0,0
MTP843OBRLAR,0.0,2.0,2,2,0,0,0,0,0,0
MTP843OBRMED,0.0,8.0,8,8,0,0,0,0,0,0
MTP843OBRXLR,0.0,5.0,5,5,0,0,0,0,0,0
MTP843OGY2XL,0.0,5.0,5,5,0,0,0,0,0,0
MTP843OGYLAR,0.0,0.0,0,0,0,0,0,0,0,0
MTP843OGYMED,0.0,0.0,0,0,0,0,0,0,0,0
MTP843OGYXLR,0.0,9.0,9,9,0,0,0,0,0,0
MTP843SKO2XL699,0.0,0.0,0,0,0,0,0,0,0,0
MTP843SKOMED699,0.0,0.0,0,0,0,0,0,0,0,0
MTP843TEL2XL699,0.0,0.0,0,0,0,0,0,0,0,0
MTP843TELLAR699,0.0,6.0,6,6,0,0,0,0,0,0
MTP843TELMED,0.0,1.0,1,1,0,0,0,0,0,0
MTP843TELMED699,0.0,9.0,9,9,0,0,0,0,0,0
MTP843TELXLR699,0.0,17.0,17,17,0,0,0,0,0,0
MTP843TRN2XL699,0.0,2.0,2,2,0,0,0,0,0,0
MTP843TRNLAR699,0.0,2.0,2,2,0,0,0,0,0,0
MTP843TRNMED699,0.0,6.0,6,6,0,0,0,0,0,0
MTP843TRNXLR699,0.0,0.0,0,0,0,0,0,0,0,0
MTP843WHT2XL,7.0,16.0,23,23,0,0,0,0,0,0
MTP843WHT2XL699,0.0,50.0,50,43,0,7,7,3,3,1
MTP843WHTLAR,0.0,5.0,5,5,0,0,0,0,0,0
MTP843WHTLAR699,17.0,126.0,143,123,0,20,20,9,8,3
MTP843WHTMED,0.0,1.0,1,1,0,0,0,0,0,0
MTP843WHTMED699,71.0,50.0,121,77,26,18,44,21,17,6
MTP843WHTSML699,0.0,87.0,87,75,0,12,12,6,5,1
MTP843WHTXLR,0.0,10.0,10,10,0,0,0,0,0,0
MTP843WHTXLR699,1.0,50.0,51,44,0,7,7,3,3,1
MTP843YLW2XL699,0.0,4.0,4,4,0,0,0,0,0,0
MTP843YLWLAR699,0.0,2.0,2,2,0,0,0,0,0,0
MTP843YLWMED699,0.0,1.0,1,1,0,0,0,0,0,0
MTP843YLWXLR699,0.0,0.0,0,0,0,0,0,0,0,0
MTP846CGMLAR,0.0,0.0,0,0,0,0,0,0,0,0
MTP846CGMMED,0.0,1.0,1,1,0,0,0,0,0,0
MTP846CTMMED,0.0,1.0,1,1,0,0,0,0,0,0
MTP846CTMXLR,0.0,0.0,0,0,0,0,0,0,0,0
MTP846GVMLAR,0.0,1.0,1,1,0,0,0,0,0,0
MTP846GVMMED,0.0,0.0,0,0,0,0,0,0,0,0
MTP846HBMLAR,0.0,2.0,2,2,0,0,0,0,0,0
MTP846HBMMED,0.0,8.0,8,8,0,0,0,0,0,0
MTP846HBMXLR,0.0,1.0,1,1,0,0,0,0,0,0
MTP846LGMLAR,0.0,1.0,1,1,0,0,0,0,0,0
MTP846LGMMED,0.0,1.0,1,1,0,0,0,0,0,0
MTP846LGMXLR,0.0,1.0,1,1,0,0,0,0,0,0
MTP846NAMMED,0.0,5.0,5,5,0,0,0,0,0,0
MTP846NAMXLR,0.0,1.0,1,1,0,0,0,0,0,0
MTP848ACM2XL2PK,0.0,3.0,3,3,0,0,0,0,0,0
MTP848ACMLAR2PK,0.0,50.0,50,43,0,7,7,3,3,1
MTP848ACMMED2PK,0.0,3.0,3,3,0,0,0,0,0,0
MTP848ACMXLR2PK,55.0,36.0,91,58,20,13,33,16,13,4
MTP848AGM2XL,0.0,3.0,3,3,0,0,0,0,0,0
MTP848AGMLAR,1.0,51.0,52,44,0,8,8,4,3,1
MTP848AGMMED,0.0,3.0,3,3,0,0,0,0,0,0
MTP848AGMSML,0.0,3.0,3,3,0,0,0,0,0,0
MTP848AGMXLR,55.0,68.0,123,80,25,18,43,20,17,6
MTP848CGM2XL,0.0,0.0,0,0,0,0,0,0,0,0
MTP848CGMLAR,0.0,0.0,0,0,0,0,0,0,0,0
MTP848CGMMED,0.0,0.0,0,0,0,0,0,0,0,0
MTP848CGMSML,0.0,0.0,0,0,0,0,0,0,0,0
MTP848CGMXLR,0.0,0.0,0,0,0,0,0,0,0,0
MTP848CTM2XL,0.0,2.0,2,2,0,0,0,0,0,0
MTP848CTMLAR,0.0,3.0,3,3,0,0,0,0,0,0
MTP848CTMMED,0.0,6.0,6,6,0,0,0,0,0,0
MTP848CTMSML,0.0,11.0,11,11,0,0,0,0,0,0
MTP848CTMXLR,0.0,1.0,1,1,0,0,0,0,0,0
MTP848HBMLAR,0.0,3.0,3,3,0,0,0,0,0,0
MTP848HBMMED,0.0,7.0,7,7,0,0,0,0,0,0
MTP848HBMSML,0.0,7.0,7,7,0,0,0,0,0,0
MTP848HBMXLR,0.0,1.0,1,1,0,0,0,0,0,0
MTP848LGM2XL,0.0,3.0,3,3,0,0,0,0,0,0
MTP848LGMLAR,0.0,9.0,9,9,0,0,0,0,0,0
MTP848LGMMED,0.0,5.0,5,5,0,0,0,0,0,0
MTP848LGMSML,0.0,8.0,8,8,0,0,0,0,0,0
MTP848LGMXLR,0.0,1.0,1,1,0,0,0,0,0,0
MTP848NAM2XL,0.0,4.0,4,4,0,0,0,0,0,0
MTP848NAMLAR,4.0,11.0,15,15,0,0,0,0,0,0
MTP848NAMMED,0.0,11.0,11,11,0,0,0,0,0,0
MTP848NAMSML,0.0,8.0,8,8,0,0,0,0,0,0
MTP848NAMXLR,0.0,2.0,2,2,0,0,0,0,0,0
MTP848OGM2XL,0.0,2.0,2,2,0,0,0,0,0,0
MTP848OGMLAR,0.0,2.0,2,2,0,0,0,0,0,0
MTP848OGMMED,0.0,5.0,5,5,0,0,0,0,0,0
MTP848OGMSML,0.0,2.0,2,2,0,0,0,0,0,0
MTP848OGMXLR,0.0,2.0,2,2,0,0,0,0,0,0
MTP848TAGLAR2PK,0.0,32.0,32,27,0,5,5,2,2,1
MTP848TAGXLR2PK,0.0,68.0,68,58,0,10,10,5,4,1
MTP848TCM2XL,0.0,3.0,3,3,0,0,0,0,0,0
MTP848TCMLAR,0.0,50.0,50,43,0,7,7,3,3,1
MTP848TCMMED,7.0,11.0,18,18,0,0,0,0,0,0
MTP848TCMSML,0.0,1.0,1,1,0,0,0,0,0,0
MTP848TCMXLR,68.0,36.0,104,67,22,15,37,17,14,6
MTP848TGM2XL,0.0,0.0,0,0,0,0,0,0,0,0
MTP848TGMLAR,0.0,32.0,32,27,0,5,5,2,2,1
MTP848TGMLAR2PK,0.0,32.0,32,27,0,5,5,2,2,1
MTP848TGMMED,0.0,0.0,0,0,0,0,0,0,0,0
MTP848TGMSML,0.0,1.0,1,1,0,0,0,0,0,0
MTP848TGMXLR,0.0,144.0,144,123,0,21,21,10,8,3
MTP848TGMXLR2PK,0.0,36.0,36,31,0,5,5,2,2,1
MTP848TTMLAR2PK,0.0,32.0,32,27,0,5,5,2,2,1
MTP848TTMXLR2PK,0.0,36.0,36,31,0,5,5,2,2,1
MTP851ASH2XL,3.0,13.0,16,16,0,0,0,0,0,0
MTP851ASHLAR,0.0,3.0,3,3,0,0,0,0,0,0
MTP851ASHMED,0.0,11.0,11,11,0,0,0,0,0,0
MTP851ASHXLR,0.0,8.0,8,8,0,0,0,0,0,0
MTP851CRB2XL,0.0,0.0,0,0,0,0,0,0,0,0
MTP851CRBLAR,0.0,1.0,1,1,0,0,0,0,0,0
MTP851CRBMED,0.0,3.0,3,3,0,0,0,0,0,0
MTP851CRBXLR,0.0,0.0,0,0,0,0,0,0,0,0
MTP851GVE2XL,0.0,2.0,2,2,0,0,0,0,0,0
MTP851GVELAR,0.0,1.0,1,1,0,0,0,0,0,0
MTP851NTC2XL,0.0,1.0,1,1,0,0,0,0,0,0
MTP851NTCLAR,0.0,1.0,1,1,0,0,0,0,0,0
MTP851NTCMED,0.0,3.0,3,3,0,0,0,0,0,0
MTP851NTCXLR,0.0,0.0,0,0,0,0,0,0,0,0
MTP851OBRLAR,0.0,0.0,0,0,0,0,0,0,0,0
MTP851OBRXLR,0.0,1.0,1,1,0,0,0,0,0,0
MTP851OGY2XL,0.0,11.0,11,11,0,0,0,0,0,0
MTP851OGYLAR,1.0,14.0,15,15,0,0,0,0,0,0
MTP851OGYMED,0.0,8.0,8,8,0,0,0,0,0,0
MTP851OGYXLR,0.0,9.0,9,9,0,0,0,0,0,0
MTP852CFK2XL002549,5.0,10.0,15,15,0,0,0,0,0,0
MTP852CFKLAR002549,0.0,1.0,1,1,0,0,0,0,0,0
MTP852CFKMED002549,0.0,10.0,10,10,0,0,0,0,0,0
MTP852CFKXLR002549,0.0,3.0,3,3,0,0,0,0,0,0
MTP852CTF2XL,0.0,0.0,0,0,0,0,0,0,0,0
MTP852CTFLAR,0.0,0.0,0,0,0,0,0,0,0,0
MTP852CTFMED,0.0,6.0,6,6,0,0,0,0,0,0
MTP852CTFSML,0.0,31.0,31,27,0,4,4,2,2,0
MTP852GJDLAR,0.0,0.0,0,0,0,0,0,0,0,0
MTP852GJDMED,0.0,9.0,9,9,0,0,0,0,0,0
MTP852GJDSML,0.0,3.0,3,3,0,0,0,0,0,0
MTP852GJDXLR,0.0,0.0,0,0,0,0,0,0,0,0
MTP852HBELAR,0.0,3.0,3,3,0,0,0,0,0,0
MTP852HBEMED,0.0,39.0,39,33,0,6,6,3,2,1
MTP852HBESML,0.0,2.0,2,2,0,0,0,0,0,0
MTP852LTG2XL002549,15.0,10.0,25,25,0,0,0,0,0,0
MTP852LTGLAR002549,11.0,10.0,21,21,0,0,0,0,0,0
MTP852LTGMED002549,12.0,10.0,22,22,0,0,0,0,0,0
MTP852LTGXLR002549,11.0,10.0,21,21,0,0,0,0,0,0
MTP852MNB2XL002549,9.0,10.0,19,19,0,0,0,0,0,0
MTP852MNBLAR002549,1.0,10.0,11,11,0,0,0,0,0,0
MTP852MNBMED002549,3.0,10.0,13,13,0,0,0,0,0,0
MTP852MNBXLR002549,3.0,10.0,13,13,0,0,0,0,0,0
MTP852PKNMED,0.0,2.0,2,2,0,0,0,0,0,0
MTP852PKNSML,0.0,1.0,1,1,0,0,0,0,0,0
MTP852RYB2XL002549,11.0,10.0,21,21,0,0,0,0,0,0
MTP852RYBLAR002549,0.0,11.0,11,11,0,0,0,0,0,0
MTP852RYBMED002549,9.0,10.0,19,19,0,0,0,0,0,0
MTP852RYBSML002549,0.0,2.0,2,2,0,0,0,0,0,0
MTP852RYBXLR002549,0.0,10.0,10,10,0,0,0,0,0,0
MTP852SDL2XL002549,9.0,10.0,19,19,0,0,0,0,0,0
MTP852SDLLAR002549,0.0,6.0,6,6,0,0,0,0,0,0
MTP852SDLMED002549,5.0,10.0,15,15,0,0,0,0,0,0
MTP852SDLXLR002549,0.0,7.0,7,7,0,0,0,0,0,0
MTP852TCASML,0.0,2.0,2,2,0,0,0,0,0,0
MTP852TEL2XL002549,7.0,10.0,17,17,0,0,0,0,0,0
MTP852TELLAR002549,0.0,4.0,4,4,0,0,0,0,0,0
MTP852TELMED002549,2.0,10.0,12,12,0,0,0,0,0,0
MTP852TELXLR002549,0.0,3.0,3,3,0,0,0,0,0,0
MTP852TRNMED,0.0,0.0,0,0,0,0,0,0,0,0
MTP852TRNXLR,0.0,0.0,0,0,0,0,0,0,0,0
MTP853ASHLAR,0.0,4.0,4,4,0,0,0,0,0,0
MTP853ASHMED,0.0,0.0,0,0,0,0,0,0,0,0
MTP853ASHSML,0.0,1.0,1,1,0,0,0,0,0,0
MTP853ASHXLR,0.0,0.0,0,0,0,0,0,0,0,0
MTP853BLK2XL,0.0,1.0,1,1,0,0,0,0,0,0
MTP853BLKLAR,0.0,1.0,1,1,0,0,0,0,0,0
MTP853BLKMED,0.0,0.0,0,0,0,0,0,0,0,0
MTP853BLKSML,0.0,1.0,1,1,0,0,0,0,0,0
MTP853BLKSML469,0.0,0.0,0,0,0,0,0,0,0,0
MTP853BLKXLR,0.0,4.0,4,4,0,0,0,0,0,0
MTP853BLKXLR469,0.0,0.0,0,0,0,0,0,0,0,0
MTP853CFK2XL,0.0,10.0,10,10,0,0,0,0,0,0
MTP853CFK2XL469,0.0,10.0,10,10,0,0,0,0,0,0
MTP853CFKLAR,40.0,30.0,70,50,10,10,20,9,8,3
MTP853CFKLAR469,0.0,7.0,7,7,0,0,0,0,0,0
MTP853CFKMED,3.0,13.0,16,16,0,0,0,0,0,0
MTP853CFKMED469,0.0,7.0,7,7,0,0,0,0,0,0
MTP853CFKSML,0.0,23.0,23,20,0,3,3,1,1,1
MTP853CFKSML469,0.0,13.0,13,13,0,0,0,0,0,0
MTP853CFKXLR,34.0,48.0,82,66,4,12,16,8,6,2
MTP853CFKXLR469,0.0,11.0,11,11,0,0,0,0,0,0
MTP853CHALAR,0.0,0.0,0,0,0,0,0,0,0,0
MTP853CHAMED,0.0,0.0,0,0,0,0,0,0,0,0
MTP853CHASML,0.0,0.0,0,0,0,0,0,0,0,0
MTP853CHAXLR,0.0,0.0,0,0,0,0,0,0,0,0
MTP853DPK2XL,0.0,1.0,1,1,0,0,0,0,0,0
MTP853DPKLAR,0.0,3.0,3,3,0,0,0,0,0,0
MTP853DPKMED,0.0,2.0,2,2,0,0,0,0,0,0
MTP853DPKSML,0.0,9.0,9,9,0,0,0,0,0,0
MTP853DPKXLR,0.0,13.0,13,13,0,0,0,0,0,0
MTP853GJDMED,0.0,2.0,2,2,0,0,0,0,0,0
MTP853HBE2XL,0.0,0.0,0,0,0,0,0,0,0,0
MTP853HBELAR,0.0,6.0,6,6,0,0,0,0,0,0
MTP853HBEMED,0.0,12.0,12,12,0,0,0,0,0,0
MTP853HBEXLR,0.0,0.0,0,0,0,0,0,0,0,0
MTP853LTG2XL,0.0,0.0,0,0,0,0,0,0,0,0
MTP853LTG2XL469,0.0,0.0,0,0,0,0,0,0,0,0
MTP853LTGLAR,0.0,0.0,0,0,0,0,0,0,0,0
MTP853LTGLAR469,0.0,3.0,3,3,0,0,0,0,0,0
MTP853LTGMED,0.0,6.0,6,6,0,0,0,0,0,0
MTP853LTGMED469,0.0,16.0,16,16,0,0,0,0,0,0
MTP853LTGSML,0.0,8.0,8,8,0,0,0,0,0,0
MTP853LTGSML469,0.0,15.0,15,15,0,0,0,0,0,0
MTP853LTGXLR,0.0,2.0,2,2,0,0,0,0,0,0
MTP853LTGXLR469,0.0,15.0,15,15,0,0,0,0,0,0
MTP853MNB2XL,0.0,5.0,5,5,0,0,0,0,0,0
MTP853MNB2XL469,0.0,1.0,1,1,0,0,0,0,0,0
MTP853MNBLAR,0.0,17.0,17,17,0,0,0,0,0,0
MTP853MNBLAR469,0.0,10.0,10,10,0,0,0,0,0,0
MTP853MNBMED,0.0,0.0,0,0,0,0,0,0,0,0
MTP853MNBMED469,0.0,0.0,0,0,0,0,0,0,0,0
MTP853MNBSML,0.0,9.0,9,9,0,0,0,0,0,0
MTP853MNBSML469,0.0,4.0,4,4,0,0,0,0,0,0
MTP853MNBXLR,0.0,0.0,0,0,0,0,0,0,0,0
MTP853MNBXLR469,0.0,13.0,13,13,0,0,0,0,0,0
MTP853MON2XL,0.0,0.0,0,0,0,0,0,0,0,0
MTP853MONSML,0.0,0.0,0,0,0,0,0,0,0,0
MTP853MONXLR,0.0,0.0,0,0,0,0,0,0,0,0
MTP853MTG2XL,0.0,1.0,1,1,0,0,0,0,0,0
MTP853MTGLAR,0.0,4.0,4,4,0,0,0,0,0,0
MTP853MTGMED,0.0,7.0,7,7,0,0,0,0,0,0
MTP853MTGSML,0.0,19.0,19,19,0,0,0,0,0,0
MTP853MTGXLR,0.0,1.0,1,1,0,0,0,0,0,0
MTP853OBR2XL,0.0,3.0,3,3,0,0,0,0,0,0
MTP853OBRLAR,0.0,5.0,5,5,0,0,0,0,0,0
MTP853OBRMED,0.0,0.0,0,0,0,0,0,0,0,0
MTP853OBRXLR,0.0,1.0,1,1,0,0,0,0,0,0
MTP853OGY2XL,0.0,0.0,0,0,0,0,0,0,0,0
MTP853OGYLAR,0.0,0.0,0,0,0,0,0,0,0,0
MTP853OGYMED,0.0,1.0,1,1,0,0,0,0,0,0
MTP853OGYSML,0.0,5.0,5,5,0,0,0,0,0,0
MTP853OGYXLR,0.0,12.0,12,12,0,0,0,0,0,0
MTP853OLD2XL,0.0,1.0,1,1,0,0,0,0,0,0
MTP853OLDLAR,0.0,0.0,0,0,0,0,0,0,0,0
MTP853OLDMED,0.0,0.0,0,0,0,0,0,0,0,0
MTP853OLDSML,0.0,1.0,1,1,0,0,0,0,0,0
MTP853OLDXLR,0.0,6.0,6,6,0,0,0,0,0,0
MTP853PKN2XL,0.0,2.0,2,2,0,0,0,0,0,0
MTP853PKNMED,0.0,2.0,2,2,0,0,0,0,0,0
MTP853PKNSML,0.0,6.0,6,6,0,0,0,0,0,0
MTP853PKNXLR,0.0,0.0,0,0,0,0,0,0,0,0
MTP853SKO2XL,0.0,21.0,21,20,0,1,1,0,0,1
MTP853SKO2XL469,0.0,13.0,13,13,0,0,0,0,0,0
MTP853SKOLAR,0.0,1.0,1,1,0,0,0,0,0,0
MTP853SKOLAR469,0.0,0.0,0,0,0,0,0,0,0,0
MTP853SKOMED,0.0,0.0,0,0,0,0,0,0,0,0
MTP853SKOMED469,0.0,5.0,5,5,0,0,0,0,0,0
MTP853SKOSML,0.0,18.0,18,18,0,0,0,0,0,0
MTP853SKOSML469,0.0,6.0,6,6,0,0,0,0,0,0
MTP853SKOXLR,0.0,15.0,15,15,0,0,0,0,0,0
MTP853SKOXLR469,0.0,0.0,0,0,0,0,0,0,0,0
MTP853SKY2XL,0.0,6.0,6,6,0,0,0,0,0,0
MTP853SKYMED,0.0,15.0,15,15,0,0,0,0,0,0
MTP853SKYSML,0.0,6.0,6,6,0,0,0,0,0,0
MTP853SKYXLR,0.0,7.0,7,7,0,0,0,0,0,0
MTP853TEL2XL,0.0,3.0,3,3,0,0,0,0,0,0
MTP853TEL2XL469,0.0,0.0,0,0,0,0,0,0,0,0
MTP853TELLAR,0.0,0.0,0,0,0,0,0,0,0,0
MTP853TELLAR469,0.0,1.0,1,1,0,0,0,0,0,0
MTP853TELMED,0.0,7.0,7,7,0,0,0,0,0,0
MTP853TELMED469,0.0,0.0,0,0,0,0,0,0,0,0
MTP853TELSML,0.0,13.0,13,13,0,0,0,0,0,0
MTP853TELSML469,0.0,13.0,13,13,0,0,0,0,0,0
MTP853TELXLR,0.0,0.0,0,0,0,0,0,0,0,0
MTP853TELXLR469,0.0,3.0,3,3,0,0,0,0,0,0
MTP853UGYLAR,0.0,1.0,1,1,0,0,0,0,0,0
MTP853UGYMED,0.0,0.0,0,0,0,0,0,0,0,0
MTP853UGYSML,0.0,6.0,6,6,0,0,0,0,0,0
MTP853UGYXLR,2.0,11.0,13,13,0,0,0,0,0,0
MTP853VIO2XL,0.0,0.0,0,0,0,0,0,0,0,0
MTP853VIOLAR,0.0,1.0,1,1,0,0,0,0,0,0
MTP853VIOMED,0.0,0.0,0,0,0,0,0,0,0,0
MTP853VIOSML,0.0,2.0,2,2,0,0,0,0,0,0
MTP853VIOXLR,0.0,1.0,1,1,0,0,0,0,0,0
MTP853WLG2XL,0.0,1.0,1,1,0,0,0,0,0,0
MTP853WLGLAR,1.0,10.0,11,11,0,0,0,0,0,0
MTP853WLGMED,0.0,7.0,7,7,0,0,0,0,0,0
MTP853WLGSML,0.0,2.0,2,2,0,0,0,0,0,0
MTP853WLGXLR,0.0,1.0,1,1,0,0,0,0,0,0
MTP856BLKLAR449,0.0,9.0,9,9,0,0,0,0,0,0
MTP856BLKMED449,0.0,14.0,14,14,0,0,0,0,0,0
MTP856BLKXLR,0.0,0.0,0,0,0,0,0,0,0,0
MTP856BLKXLR449,0.0,10.0,10,10,0,0,0,0,0,0
MTP856CTF2XL,0.0,0.0,0,0,0,0,0,0,0,0
MTP856CTFLAR449,0.0,9.0,9,9,0,0,0,0,0,0
MTP856CTFMED,0.0,6.0,6,6,0,0,0,0,0,0
MTP856CTFMED449,0.0,14.0,14,14,0,0,0,0,0,0
MTP856CTFXLR,0.0,0.0,0,0,0,0,0,0,0,0
MTP856CTFXLR449,0.0,9.0,9,9,0,0,0,0,0,0
MTP856HBELAR,0.0,1.0,1,1,0,0,0,0,0,0
MTP856HBELAR449,0.0,8.0,8,8,0,0,0,0,0,0
MTP856HBEMED,0.0,3.0,3,3,0,0,0,0,0,0
MTP856HBEMED449,0.0,9.0,9,9,0,0,0,0,0,0
MTP856HBEXLR,0.0,1.0,1,1,0,0,0,0,0,0
MTP856HBEXLR449,0.0,9.0,9,9,0,0,0,0,0,0
MTP856NTC2XL,0.0,1.0,1,1,0,0,0,0,0,0
MTP856NTCLAR,0.0,0.0,0,0,0,0,0,0,0,0
MTP856NTCLAR449,0.0,5.0,5,5,0,0,0,0,0,0
MTP856NTCMED,0.0,8.0,8,8,0,0,0,0,0,0
MTP856NTCMED449,0.0,14.0,14,14,0,0,0,0,0,0
MTP856NTCXLR,0.0,0.0,0,0,0,0,0,0,0,0
MTP856NTCXLR449,0.0,6.0,6,6,0,0,0,0,0,0
MTP856OGY2XL,0.0,1.0,1,1,0,0,0,0,0,0
MTP856OGYLAR,0.0,0.0,0,0,0,0,0,0,0,0
MTP856OGYLAR449,0.0,12.0,12,12,0,0,0,0,0,0
MTP856OGYMED,0.0,9.0,9,9,0,0,0,0,0,0
MTP856OGYMED449,4.0,10.0,14,14,0,0,0,0,0,0
MTP856OGYXLR,0.0,1.0,1,1,0,0,0,0,0,0
MTP856OGYXLR449,0.0,12.0,12,12,0,0,0,0,0,0
MTP856OLD2XL,0.0,8.0,8,8,0,0,0,0,0,0
MTP856OLDLAR,0.0,14.0,14,14,0,0,0,0,0,0
MTP856OLDLAR449,0.0,12.0,12,12,0,0,0,0,0,0
MTP856OLDMED,0.0,8.0,8,8,0,0,0,0,0,0
MTP856OLDMED449,3.0,11.0,14,14,0,0,0,0,0,0
MTP856OLDXLR,0.0,9.0,9,9,0,0,0,0,0,0
MTP856OLDXLR449,0.0,12.0,12,12,0,0,0,0,0,0
MTP857BLK2XL,0.0,2.0,2,2,0,0,0,0,0,0
MTP857BLKLAR,0.0,1.0,1,1,0,0,0,0,0,0
MTP857BLKMED,0.0,0.0,0,0,0,0,0,0,0,0
MTP857BLKSML,0.0,1.0,1,1,0,0,0,0,0,0
MTP857BLKXLR,0.0,0.0,0,0,0,0,0,0,0,0
MTP857CHA2XL,0.0,4.0,4,4,0,0,0,0,0,0
MTP857CHALAR,0.0,2.0,2,2,0,0,0,0,0,0
MTP857CHAMED,0.0,1.0,1,1,0,0,0,0,0,0
MTP857CHASML,10.0,15.0,25,25,0,0,0,0,0,0
MTP857CHAXLR,7.0,19.0,26,26,0,0,0,0,0,0
MTP857CTF2XL,0.0,0.0,0,0,0,0,0,0,0,0
MTP857CTFLAR,0.0,0.0,0,0,0,0,0,0,0,0
MTP857CTFMED,0.0,0.0,0,0,0,0,0,0,0,0
MTP857CTFSML,0.0,0.0,0,0,0,0,0,0,0,0
MTP857CTFXLR,0.0,0.0,0,0,0,0,0,0,0,0
MTP857OLDXLR,0.0,0.0,0,0,0,0,0,0,0,0
MTP857TLELAR,0.0,0.0,0,0,0,0,0,0,0,0
MTP857TLEMED,0.0,1.0,1,1,0,0,0,0,0,0
MTP857TLEXLR,0.0,0.0,0,0,0,0,0,0,0,0
MTP857TRN2XL,0.0,1.0,1,1,0,0,0,0,0,0
MTP857TRNLAR,0.0,3.0,3,3,0,0,0,0,0,0
MTP857TRNMED,0.0,41.0,41,35,0,6,6,3,2,1
MTP857TRNSML,0.0,37.0,37,32,0,5,5,2,2,1
MTP857TRNXLR,0.0,1.0,1,1,0,0,0,0,0,0
MTP857WHT2XL,0.0,0.0,0,0,0,0,0,0,0,0
MTP857WHTLAR,0.0,0.0,0,0,0,0,0,0,0,0
MTP857WHTMED,55.0,46.0,101,65,22,14,36,17,14,5
MTP857WHTSML,0.0,14.0,14,14,0,0,0,0,0,0
MTP857WHTXLR,0.0,2.0,2,2,0,0,0,0,0,0
MTP858AGYLAR,0.0,2.0,2,2,0,0,0,0,0,0
MTP858AGYMED,0.0,1.0,1,1,0,0,0,0,0,0
MTP858AGYXLR,0.0,1.0,1,1,0,0,0,0,0,0
MTP858BOELAR,0.0,0.0,0,0,0,0,0,0,0,0
MTP858BOEMED,0.0,1.0,1,1,0,0,0,0,0,0
MTP858GVE2XL,0.0,1.0,1,1,0,0,0,0,0,0
MTP858GVELAR,0.0,2.0,2,2,0,0,0,0,0,0
MTP858GVEMED,0.0,2.0,2,2,0,0,0,0,0,0
MTP858GVEXLR,0.0,1.0,1,1,0,0,0,0,0,0
MTP858OGY2XL429,238.0,150.0,388,248,84,56,140,66,54,20
MTP858OGYLAR,0.0,3.0,3,3,0,0,0,0,0,0
MTP858OGYLAR429,578.0,197.0,775,496,167,112,279,132,108,39
MTP858OGYMED,0.0,1.0,1,1,0,0,0,0,0,0
MTP858OGYMED429,99.0,150.0,249,159,54,36,90,42,35,13
MTP858OGYXLR,0.0,2.0,2,2,0,0,0,0,0,0
MTP858OGYXLR429,485.0,200.0,685,438,148,99,247,117,96,34
MTP858OLD2XL,0.0,8.0,8,8,0,0,0,0,0,0
MTP858OLD2XL429,120.0,119.0,239,153,52,34,86,41,33,12
MTP858OLDLAR,0.0,2.0,2,2,0,0,0,0,0,0
MTP858OLDLAR429,520.0,155.0,675,432,146,97,243,115,94,34
MTP858OLDMED,0.0,4.0,4,4,0,0,0,0,0,0
MTP858OLDMED429,174.0,46.0,220,147,47,26,73,34,28,11
MTP858OLDXLR,0.0,4.0,4,4,0,0,0,0,0,0
MTP858OLDXLR429,480.0,149.0,629,403,136,90,226,107,88,31
MTP858TCA2XL,0.0,1.0,1,1,0,0,0,0,0,0
MTP858TCAMED,0.0,8.0,8,8,0,0,0,0,0,0
MTP858TCAXLR,0.0,0.0,0,0,0,0,0,0,0,0
MTP861ASHLAR,0.0,0.0,0,0,0,0,0,0,0,0
MTP861CFK2XL429,50.0,84.0,134,95,20,19,39,18,15,6
MTP861CFKLAR429,64.0,121.0,185,124,34,27,61,29,24,8
MTP861CFKMED429,154.0,188.0,342,219,74,49,123,58,48,17
MTP861CFKSML429,72.0,89.0,161,103,35,23,58,27,23,8
MTP861CFKXLR429,121.0,172.0,293,188,63,42,105,50,41,14
MTP861IRG2XL,0.0,1.0,1,1,0,0,0,0,0,0
MTP861IRGLAR,0.0,1.0,1,1,0,0,0,0,0,0
MTP861IRGMED,0.0,2.0,2,2,0,0,0,0,0,0
MTP861IRGXLR,0.0,2.0,2,2,0,0,0,0,0,0
MTP861LTG2XL429,70.0,84.0,154,99,33,22,55,26,21,8
MTP861LTGLAR429,101.0,122.0,223,143,48,32,80,38,31,11
MTP861LTGMED429,174.0,188.0,362,232,78,52,130,61,51,18
MTP861LTGSML429,78.0,89.0,167,107,36,24,60,28,23,9
MTP861LTGXLR429,101.0,122.0,223,143,48,32,80,38,31,11
MTP861MON2XL429,33.0,84.0,117,97,3,17,20,9,8,3
MTP861MONLAR429,41.0,122.0,163,128,11,24,35,17,14,4
MTP861MONMED429,137.0,188.0,325,208,70,47,117,55,46,16
MTP861MONSML429,68.0,89.0,157,100,34,23,57,27,22,8
MTP861MONXLR429,46.0,121.0,167,127,16,24,40,19,16,5
MTP861MSAXLR,0.0,0.0,0,0,0,0,0,0,0,0
MTP861RYB2XL429,57.0,84.0,141,94,27,20,47,22,18,7
MTP861RYBLAR429,75.0,122.0,197,126,43,28,71,34,28,9
MTP861RYBMED429,157.0,188.0,345,221,74,50,124,59,48,17
MTP861RYBSML429,74.0,89.0,163,104,35,24,59,28,23,8
MTP861RYBXLR429,76.0,122.0,198,127,43,28,71,34,28,9
MTP861TEL2XL429,39.0,90.0,129,102,9,18,27,13,10,4
MTP861TELLAR429,49.0,134.0,183,138,19,26,45,21,18,6
MTP861TELMED429,139.0,195.0,334,214,72,48,120,57,47,16
MTP861TELSML429,70.0,95.0,165,106,35,24,59,28,23,8
MTP861TELXLR429,61.0,134.0,195,136,31,28,59,28,23,8
MTP861TSP2XL,0.0,1.0,1,1,0,0,0,0,0,0
MTP861TSPLAR,0.0,3.0,3,3,0,0,0,0,0,0
MTP861TSPMED,0.0,6.0,6,6,0,0,0,0,0,0
MTP861TSPXLR,0.0,7.0,7,7,0,0,0,0,0,0
MTP861YLW2XL429,47.0,90.0,137,100,17,20,37,17,14,6
MTP861YLWLAR429,61.0,134.0,195,136,31,28,59,28,23,8
MTP861YLWMED429,147.0,193.0,340,218,73,49,122,58,47,17
MTP861YLWSML429,72.0,96.0,168,108,36,24,60,28,23,9
MTP861YLWXLR429,61.0,134.0,195,136,31,28,59,28,23,8
MTP864AGY2XL,0.0,0.0,0,0,0,0,0,0,0,0
MTP864AGY2XL649,30.0,11.0,41,41,0,0,0,0,0,0
MTP864AGYLAR649,0.0,5.0,5,5,0,0,0,0,0,0
MTP864AGYMED,0.0,0.0,0,0,0,0,0,0,0,0
MTP864AGYMED649,863.0,81.0,944,679,204,61,265,125,103,37
MTP864AGYXLR,0.0,0.0,0,0,0,0,0,0,0,0
MTP864AGYXLR649,0.0,0.0,0,0,0,0,0,0,0,0
MTP864BLK2XL,0.0,1.0,1,1,0,0,0,0,0,0
MTP864BLK2XL649,11.0,10.0,21,21,0,0,0,0,0,0
MTP864BLKLAR,0.0,1.0,1,1,0,0,0,0,0,0
MTP864BLKLAR649,0.0,9.0,9,9,0,0,0,0,0,0
MTP864BLKMED,0.0,0.0,0,0,0,0,0,0,0,0
MTP864BLKMED649,0.0,0.0,0,0,0,0,0,0,0,0
MTP864BLKXLR,0.0,1.0,1,1,0,0,0,0,0,0
MTP864BLKXLR649,34.0,10.0,44,40,4,0,4,2,2,0
MTP864BOE2XL,0.0,0.0,0,0,0,0,0,0,0,0
MTP864BRD2XL,0.0,0.0,0,0,0,0,0,0,0,0
MTP864BRDLAR,0.0,1.0,1,1,0,0,0,0,0,0
MTP864BRDMED,0.0,17.0,17,17,0,0,0,0,0,0
MTP864BRDXLR,0.0,0.0,0,0,0,0,0,0,0,0
MTP864GFT2XL,0.0,1.0,1,1,0,0,0,0,0,0
MTP864GFT2XL649,0.0,1.0,1,1,0,0,0,0,0,0
MTP864GFTLAR,0.0,1.0,1,1,0,0,0,0,0,0
MTP864GFTLAR649,26.0,10.0,36,36,0,0,0,0,0,0
MTP864GFTMED,0.0,1.0,1,1,0,0,0,0,0,0
MTP864GFTMED649,0.0,0.0,0,0,0,0,0,0,0,0
MTP864GFTXLR,0.0,0.0,0,0,0,0,0,0,0,0
MTP864GFTXLR649,12.0,10.0,22,22,0,0,0,0,0,0
MTP864HBE2XL649,12.0,16.0,28,28,0,0,0,0,0,0
MTP864HBELAR649,126.0,11.0,137,108,29,0,29,14,11,4
MTP864HBEMED,0.0,0.0,0,0,0,0,0,0,0,0
MTP864HBEMED649,1054.0,82.0,1136,829,245,62,307,145,119,43
MTP864HBEXLR,0.0,1.0,1,1,0,0,0,0,0,0
MTP864HBEXLR649,0.0,1.0,1,1,0,0,0,0,0,0
MTP864IRG2XL,0.0,1.0,1,1,0,0,0,0,0,0
MTP864IRG2XL649,0.0,0.0,0,0,0,0,0,0,0,0
MTP864IRGLAR,0.0,0.0,0,0,0,0,0,0,0,0
MTP864IRGLAR649,0.0,2.0,2,2,0,0,0,0,0,0
MTP864IRGMED,0.0,2.0,2,2,0,0,0,0,0,0
MTP864IRGMED649,0.0,718.0,718,615,0,103,103,49,40,14
MTP864IRGXLR,0.0,1.0,1,1,0,0,0,0,0,0
MTP864IRGXLR649,0.0,0.0,0,0,0,0,0,0,0,0
MTP864KHI2XL,0.0,0.0,0,0,0,0,0,0,0,0
MTP864KHILAR,0.0,0.0,0,0,0,0,0,0,0,0
MTP864KHIMED,0.0,102.0,102,87,0,15,15,7,6,2
MTP864KHIXLR,0.0,1.0,1,1,0,0,0,0,0,0
MTP864LTG2XL,0.0,0.0,0,0,0,0,0,0,0,0
MTP864LTGLAR,0.0,0.0,0,0,0,0,0,0,0,0
MTP864LTGMED,0.0,0.0,0,0,0,0,0,0,0,0
MTP864LTGXLR,0.0,0.0,0,0,0,0,0,0,0,0
MTP864MNB2XL,0.0,0.0,0,0,0,0,0,0,0,0
MTP864MNBLAR,0.0,0.0,0,0,0,0,0,0,0,0
MTP864MNBMED,0.0,0.0,0,0,0,0,0,0,0,0
MTP864MNBXLR,0.0,0.0,0,0,0,0,0,0,0,0
MTP864OBR2XL,0.0,0.0,0,0,0,0,0,0,0,0
MTP864OBR2XL649,0.0,0.0,0,0,0,0,0,0,0,0
MTP864OBRLAR,0.0,0.0,0,0,0,0,0,0,0,0
MTP864OBRLAR649,0.0,0.0,0,0,0,0,0,0,0,0
MTP864OBRMED,0.0,0.0,0,0,0,0,0,0,0,0
MTP864OBRMED649,0.0,704.0,704,603,0,101,101,48,39,14
MTP864OBRXLR,0.0,1.0,1,1,0,0,0,0,0,0
MTP864OBRXLR649,0.0,0.0,0,0,0,0,0,0,0,0
MTP864OFWLAR,0.0,0.0,0,0,0,0,0,0,0,0
MTP864OFWMED,0.0,0.0,0,0,0,0,0,0,0,0
MTP864OFWXLR,0.0,0.0,0,0,0,0,0,0,0,0
MTP864OLD2XL,0.0,0.0,0,0,0,0,0,0,0,0
MTP864OLDMED,0.0,0.0,0,0,0,0,0,0,0,0
MTP864OLDXLR,0.0,1.0,1,1,0,0,0,0,0,0
MTP864SKO2XL,0.0,0.0,0,0,0,0,0,0,0,0
MTP864SKOLAR,0.0,19.0,19,19,0,0,0,0,0,0
MTP864SKOMED,0.0,63.0,63,54,0,9,9,4,4,1
MTP864SKY2XL,0.0,0.0,0,0,0,0,0,0,0,0
MTP864SKYLAR,0.0,34.0,34,29,0,5,5,2,2,1
MTP864SKYMED,0.0,123.0,123,105,0,18,18,8,7,3
MTP864SKYXLR,0.0,0.0,0,0,0,0,0,0,0,0
MTP865ADPLAR,0.0,0.0,0,0,0,0,0,0,0,0
MTP865ADPXLR,0.0,1.0,1,1,0,0,0,0,0,0
MTP865BLK2XL,0.0,8.0,8,8,0,0,0,0,0,0
MTP865BLKLAR,0.0,2.0,2,2,0,0,0,0,0,0
MTP865BLKMED,2.0,10.0,12,12,0,0,0,0,0,0
MTP865BLKXLR,0.0,4.0,4,4,0,0,0,0,0,0
MTP865BTELAR,0.0,0.0,0,0,0,0,0,0,0,0
MTP865BTEMED,0.0,0.0,0,0,0,0,0,0,0,0
MTP865BTEXLR,0.0,0.0,0,0,0,0,0,0,0,0
MTP865OBR2XL,0.0,0.0,0,0,0,0,0,0,0,0
MTP865OBRLAR,0.0,9.0,9,9,0,0,0,0,0,0
MTP865OBRMED,13.0,10.0,23,23,0,0,0,0,0,0
MTP865OBRXLR,0.0,9.0,9,9,0,0,0,0,0,0
MTP865OLD2XL,0.0,0.0,0,0,0,0,0,0,0,0
MTP865OLDLAR,0.0,2.0,2,2,0,0,0,0,0,0
MTP865OLDMED,0.0,6.0,6,6,0,0,0,0,0,0
MTP865OLDXLR,0.0,2.0,2,2,0,0,0,0,0,0
MTP865SKO2XL,7.0,13.0,20,20,0,0,0,0,0,0
MTP865SKOLAR,0.0,3.0,3,3,0,0,0,0,0,0
MTP865SKOMED,21.0,18.0,39,39,0,0,0,0,0,0
MTP865SKOXLR,3.0,10.0,13,13,0,0,0,0,0,0
MTP865TRN2XL,7.0,16.0,23,23,0,0,0,0,0,0
MTP865TRNLAR,0.0,2.0,2,2,0,0,0,0,0,0
MTP865TRNMED,0.0,6.0,6,6,0,0,0,0,0,0
MTP865TRNXLR,0.0,0.0,0,0,0,0,0,0,0,0
MTP865WHT2XL,4.0,18.0,22,22,0,0,0,0,0,0
MTP865WHTLAR,0.0,1.0,1,1,0,0,0,0,0,0
MTP865WHTMED,4.0,10.0,14,14,0,0,0,0,0,0
MTP865WHTXLR,0.0,0.0,0,0,0,0,0,0,0,0
MTP870BLELAR002,0.0,0.0,0,0,0,0,0,0,0,0
MTP870BLEMED002,0.0,0.0,0,0,0,0,0,0,0,0
MTP870BLEXLR002,0.0,0.0,0,0,0,0,0,0,0,0
MTP870BSTLAR2PK,0.0,2.0,2,2,0,0,0,0,0,0
MTP870BSTMED2PK,0.0,1.0,1,1,0,0,0,0,0,0
MTP870BWS2XL,0.0,0.0,0,0,0,0,0,0,0,0
MTP870BWSLAR,0.0,58.0,58,50,0,8,8,4,3,1
MTP870BWSMED,0.0,1.0,1,1,0,0,0,0,0,0
MTP870BWSXLR,0.0,0.0,0,0,0,0,0,0,0,0
MTP870DCO2XL,0.0,0.0,0,0,0,0,0,0,0,0
MTP870DCOLAR,0.0,1.0,1,1,0,0,0,0,0,0
MTP870DCOMED,0.0,7.0,7,7,0,0,0,0,0,0
MTP870DCOXLR,0.0,2.0,2,2,0,0,0,0,0,0
MTP870DWSLAR2PK,0.0,1.0,1,1,0,0,0,0,0,0
MTP870DWSMED2PK,0.0,1.0,1,1,0,0,0,0,0,0
MTP870GCOLAR2PK,0.0,1.0,1,1,0,0,0,0,0,0
MTP870GMR2XL,0.0,1.0,1,1,0,0,0,0,0,0
MTP870GMRLAR,0.0,79.0,79,68,0,11,11,5,4,2
MTP870GMRLAR2PK,0.0,2.0,2,2,0,0,0,0,0,0
MTP870GMRMED,0.0,0.0,0,0,0,0,0,0,0,0
MTP870GMRXLR,0.0,0.0,0,0,0,0,0,0,0,0
MTP870GST2XL,0.0,0.0,0,0,0,0,0,0,0,0
MTP870GSTLAR,0.0,2.0,2,2,0,0,0,0,0,0
MTP870GSTMED,0.0,1.0,1,1,0,0,0,0,0,0
MTP870GSTXLR,0.0,2.0,2,2,0,0,0,0,0,0
MTP870IRG2XL002,0.0,1.0,1,1,0,0,0,0,0,0
MTP870IRGLAR002,0.0,0.0,0,0,0,0,0,0,0,0
MTP870IRGMED002,0.0,0.0,0,0,0,0,0,0,0,0
MTP870IRGXLR002,0.0,0.0,0,0,0,0,0,0,0,0
MTP870LME2XL,0.0,0.0,0,0,0,0,0,0,0,0
MTP870LMEMED,0.0,0.0,0,0,0,0,0,0,0,0
MTP870LMEXLR,0.0,0.0,0,0,0,0,0,0,0,0
MTP870MSALAR002,0.0,1.0,1,1,0,0,0,0,0,0
MTP870MSAXLR002,0.0,0.0,0,0,0,0,0,0,0,0
MTP870OFW2XL002,0.0,0.0,0,0,0,0,0,0,0,0
MTP870OFWLAR002,0.0,0.0,0,0,0,0,0,0,0,0
MTP870OFWMED002,0.0,1.0,1,1,0,0,0,0,0,0
MTP870OFWXLR002,0.0,6.0,6,6,0,0,0,0,0,0
MTP870SKOLAR002,0.0,12.0,12,12,0,0,0,0,0,0
MTP870SKOMED002,0.0,7.0,7,7,0,0,0,0,0,0
MTP870SKOXLR002,0.0,1.0,1,1,0,0,0,0,0,0
MTP870SPEMED,0.0,1.0,1,1,0,0,0,0,0,0
MTP870SPEXLR,0.0,0.0,0,0,0,0,0,0,0,0
MTP870UGYLAR002,0.0,0.0,0,0,0,0,0,0,0,0
MTP870UGYMED002,0.0,1.0,1,1,0,0,0,0,0,0
MTP870UGYXLR002,0.0,0.0,0,0,0,0,0,0,0,0
MTP871AGY3XL,0.0,33.0,33,28,0,5,5,2,2,1
MTP871AGYLAR,0.0,0.0,0,0,0,0,0,0,0,0
MTP871AGYMED,0.0,0.0,0,0,0,0,0,0,0,0
MTP871AGYXLR,0.0,0.0,0,0,0,0,0,0,0,0
MTP871BLK2XL,0.0,4.0,4,4,0,0,0,0,0,0
MTP871BLK3XL,0.0,3.0,3,3,0,0,0,0,0,0
MTP871BLKLAR,0.0,0.0,0,0,0,0,0,0,0,0
MTP871BLKMED,0.0,0.0,0,0,0,0,0,0,0,0
MTP871BLKXLR,0.0,0.0,0,0,0,0,0,0,0,0
MTP871LTL2XL,0.0,0.0,0,0,0,0,0,0,0,0
MTP871LTL3XL,0.0,0.0,0,0,0,0,0,0,0,0
MTP871LTLLAR,0.0,0.0,0,0,0,0,0,0,0,0
MTP871LTLMED,0.0,6.0,6,6,0,0,0,0,0,0
MTP871LTLXLR,0.0,33.0,33,28,0,5,5,2,2,1
MTP871NYB2XL,47.0,22.0,69,52,15,2,17,8,7,2
MTP871NYB3XL,0.0,46.0,46,39,0,7,7,3,3,1
MTP871NYBLAR,0.0,211.0,211,181,0,30,30,14,12,4
MTP871NYBMED,23.0,103.0,126,108,0,18,18,8,7,3
MTP871NYBXLR,34.0,262.0,296,249,4,43,47,22,18,7
MTP871OGYMED,0.0,1.0,1,1,0,0,0,0,0,0
MTP871TCALAR,0.0,0.0,0,0,0,0,0,0,0,0
MTP871TCAMED,0.0,0.0,0,0,0,0,0,0,0,0
MTP871TSPMED,0.0,3.0,3,3,0,0,0,0,0,0
MTP872BLK2XL,0.0,1.0,1,1,0,0,0,0,0,0
MTP872BLKLAR,0.0,0.0,0,0,0,0,0,0,0,0
MTP872BLKMED,0.0,0.0,0,0,0,0,0,0,0,0
MTP872BLKXLR,0.0,10.0,10,10,0,0,0,0,0,0
MTP872CTF2XL,0.0,0.0,0,0,0,0,0,0,0,0
MTP872CTFLAR,0.0,19.0,19,19,0,0,0,0,0,0
MTP872CTFMED,0.0,7.0,7,7,0,0,0,0,0,0
MTP872CTFSML,0.0,1.0,1,1,0,0,0,0,0,0
MTP872CTFXLR,0.0,38.0,38,32,0,6,6,3,2,1
MTP872OBR2XL,0.0,18.0,18,18,0,0,0,0,0,0
MTP872OBRLAR,0.0,117.0,117,100,0,17,17,8,7,2
MTP872OBRMED,0.0,0.0,0,0,0,0,0,0,0,0
MTP872OBRXLR,0.0,2.0,2,2,0,0,0,0,0,0
MTP872OGY2XL,0.0,8.0,8,8,0,0,0,0,0,0
MTP872OGYLAR,0.0,17.0,17,17,0,0,0,0,0,0
MTP872OGYMED,0.0,2.0,2,2,0,0,0,0,0,0
MTP872OGYXLR,0.0,6.0,6,6,0,0,0,0,0,0
MTP872TRN2XL,40.0,25.0,65,50,10,5,15,7,6,2
MTP872TRNLAR,0.0,9.0,9,9,0,0,0,0,0,0
MTP872TRNMED,0.0,6.0,6,6,0,0,0,0,0,0
MTP872TRNSML,0.0,2.0,2,2,0,0,0,0,0,0
MTP872TRNXLR,15.0,19.0,34,34,0,0,0,0,0,0
MTP872TSPLAR,0.0,4.0,4,4,0,0,0,0,0,0
MTP872TSPMED,0.0,1.0,1,1,0,0,0,0,0,0
MTP872TSPSML,0.0,2.0,2,2,0,0,0,0,0,0
MTP872TSPXLR,0.0,4.0,4,4,0,0,0,0,0,0
MTP872WHT2XL,0.0,25.0,25,21,0,4,4,2,2,0
MTP872WHTLAR,0.0,0.0,0,0,0,0,0,0,0,0
MTP872WHTMED,0.0,0.0,0,0,0,0,0,0,0,0
MTP872WHTSML,0.0,0.0,0,0,0,0,0,0,0,0
MTP872WHTXLR,0.0,52.0,52,44,0,8,8,4,3,1
MTP876BLKSML,0.0,3.0,3,3,0,0,0,0,0,0
MTP876BTD2XL,0.0,3.0,3,3,0,0,0,0,0,0
MTP876BTDLAR,0.0,1.0,1,1,0,0,0,0,0,0
MTP876BTDMED,0.0,0.0,0,0,0,0,0,0,0,0
MTP876BTDSML,0.0,7.0,7,7,0,0,0,0,0,0
MTP876NTCLAR,0.0,0.0,0,0,0,0,0,0,0,0
MTP876NTCMED,0.0,1.0,1,1,0,0,0,0,0,0
MTP876OBR2XL,0.0,2.0,2,2,0,0,0,0,0,0
MTP876OBRMED,0.0,1.0,1,1,0,0,0,0,0,0
MTP876OBRSML,0.0,5.0,5,5,0,0,0,0,0,0
MTP876OGYMED,0.0,0.0,0,0,0,0,0,0,0,0
MTP876OGYSML,0.0,10.0,10,10,0,0,0,0,0,0
MTP876WHT2XL,0.0,1.0,1,1,0,0,0,0,0,0
MTP880AGY2XL519,165.0,171.0,336,215,73,48,121,57,47,17
MTP880AGYLAR519,263.0,515.0,778,498,168,112,280,132,109,39
MTP880AGYMED519,164.0,206.0,370,237,80,53,133,63,52,18
MTP880AGYXLR519,267.0,564.0,831,532,179,120,299,141,116,42
MTP880BRD2XL519,165.0,55.0,220,141,47,32,79,37,31,11
MTP880BRDLAR519,263.0,299.0,562,360,121,81,202,95,79,28
MTP880BRDMED519,165.0,42.0,207,140,45,22,67,32,26,9
MTP880BRDXLR519,266.0,375.0,641,410,139,92,231,109,90,32
MTP880HBE2XL,0.0,0.0,0,0,0,0,0,0,0,0
MTP880HBE2XL519,89.0,143.0,232,148,50,34,84,40,33,11
MTP880HBELAR519,263.0,351.0,614,393,133,88,221,104,86,31
MTP880HBEMED,0.0,0.0,0,0,0,0,0,0,0,0
MTP880HBEMED519,43.0,196.0,239,192,13,34,47,22,18,7
MTP880HBEXLR519,267.0,327.0,594,380,128,86,214,101,83,30
MTP880IRGMED,0.0,0.0,0,0,0,0,0,0,0,0
MTP880MSAMED,0.0,1.0,1,1,0,0,0,0,0,0
MTP880TSPXLR,0.0,3.0,3,3,0,0,0,0,0,0
MTP880WHT2XL519,65.0,118.0,183,122,35,26,61,29,24,8
MTP880WHTLAR519,262.0,230.0,492,315,106,71,177,84,69,24
MTP880WHTMED,0.0,0.0,0,0,0,0,0,0,0,0
MTP880WHTMED519,65.0,136.0,201,137,35,29,64,30,25,9
MTP880WHTXLR519,267.0,177.0,444,284,96,64,160,76,62,22
MTP884AGY2XL,0.0,13.0,13,13,0,0,0,0,0,0
MTP884AGYLAR,0.0,0.0,0,0,0,0,0,0,0,0
MTP884AGYMED,0.0,3.0,3,3,0,0,0,0,0,0
MTP884AGYSML,0.0,2.0,2,2,0,0,0,0,0,0
MTP884AGYXLR,0.0,1.0,1,1,0,0,0,0,0,0
MTP884BLK2XL,0.0,1.0,1,1,0,0,0,0,0,0
MTP884BLKLAR,0.0,0.0,0,0,0,0,0,0,0,0
MTP884BLKMED,0.0,0.0,0,0,0,0,0,0,0,0
MTP884BLKSML,0.0,1.0,1,1,0,0,0,0,0,0
MTP884BLKXLR,0.0,1.0,1,1,0,0,0,0,0,0
MTP884CFK2XL,0.0,0.0,0,0,0,0,0,0,0,0
MTP884CFKLAR,0.0,0.0,0,0,0,0,0,0,0,0
MTP884CFKMED,0.0,0.0,0,0,0,0,0,0,0,0
MTP884CFKSML,0.0,11.0,11,11,0,0,0,0,0,0
MTP884CFKXLR,0.0,0.0,0,0,0,0,0,0,0,0
MTP884GVE2XL,0.0,3.0,3,3,0,0,0,0,0,0
MTP884GVELAR,0.0,0.0,0,0,0,0,0,0,0,0
MTP884GVEMED,0.0,1.0,1,1,0,0,0,0,0,0
MTP884GVESML,3.0,10.0,13,13,0,0,0,0,0,0
MTP884GVEXLR,0.0,7.0,7,7,0,0,0,0,0,0
MTP884KHI2XL,16.0,10.0,26,26,0,0,0,0,0,0
MTP884KHILAR,0.0,1.0,1,1,0,0,0,0,0,0
MTP884KHIMED,0.0,0.0,0,0,0,0,0,0,0,0
MTP884KHISML,0.0,8.0,8,8,0,0,0,0,0,0
MTP884KHIXLR,0.0,0.0,0,0,0,0,0,0,0,0
MTP884MNB2XL,0.0,1.0,1,1,0,0,0,0,0,0
MTP884MNBLAR,0.0,0.0,0,0,0,0,0,0,0,0
MTP884MNBMED,0.0,1.0,1,1,0,0,0,0,0,0
MTP884MNBSML,0.0,32.0,32,27,0,5,5,2,2,1
MTP884MNBXLR,0.0,3.0,3,3,0,0,0,0,0,0
MTP884MTG2XL,0.0,3.0,3,3,0,0,0,0,0,0
MTP884MTGMED,0.0,0.0,0,0,0,0,0,0,0,0
MTP884MTGSML,0.0,5.0,5,5,0,0,0,0,0,0
MTP884MTGXLR,0.0,2.0,2,2,0,0,0,0,0,0
MTP884OGY2XL,0.0,0.0,0,0,0,0,0,0,0,0
MTP884OGYLAR,0.0,0.0,0,0,0,0,0,0,0,0
MTP884OGYMED,16.0,10.0,26,26,0,0,0,0,0,0
MTP884OGYSML,0.0,2.0,2,2,0,0,0,0,0,0
MTP884OGYXLR,0.0,5.0,5,5,0,0,0,0,0,0
MTP884OLD2XL,0.0,0.0,0,0,0,0,0,0,0,0
MTP884OLDLAR,0.0,9.0,9,9,0,0,0,0,0,0
MTP884OLDMED,0.0,1.0,1,1,0,0,0,0,0,0
MTP884OLDSML,0.0,0.0,0,0,0,0,0,0,0,0
MTP884OLDXLR,0.0,0.0,0,0,0,0,0,0,0,0
MTP884SKO2XL349,0.0,0.0,0,0,0,0,0,0,0,0
MTP884SKOLAR349,0.0,0.0,0,0,0,0,0,0,0,0
MTP884SKOMED349,0.0,16.0,16,16,0,0,0,0,0,0
MTP884SKOSML349,0.0,58.0,58,50,0,8,8,4,3,1
MTP884SKOXLR349,0.0,0.0,0,0,0,0,0,0,0,0
MTP884TCA2XL,0.0,2.0,2,2,0,0,0,0,0,0
MTP884TCALAR,0.0,1.0,1,1,0,0,0,0,0,0
MTP884TCAMED,0.0,2.0,2,2,0,0,0,0,0,0
MTP884TCASML,0.0,0.0,0,0,0,0,0,0,0,0
MTP884TCAXLR,0.0,0.0,0,0,0,0,0,0,0,0
MTP884TEL2XL,0.0,0.0,0,0,0,0,0,0,0,0
MTP884TELLAR,0.0,0.0,0,0,0,0,0,0,0,0
MTP884TELMED,0.0,10.0,10,10,0,0,0,0,0,0
MTP884TELSML,0.0,29.0,29,25,0,4,4,2,2,0
MTP884TELXLR,0.0,0.0,0,0,0,0,0,0,0,0
MTP884WLG2XL,0.0,0.0,0,0,0,0,0,0,0,0
MTP884WLGMED,0.0,0.0,0,0,0,0,0,0,0,0
MTP884WLGSML,0.0,1.0,1,1,0,0,0,0,0,0
MTP884WLGXLR,0.0,6.0,6,6,0,0,0,0,0,0
MTP884YLW2XL,0.0,3.0,3,3,0,0,0,0,0,0
MTP884YLWLAR,0.0,0.0,0,0,0,0,0,0,0,0
MTP884YLWMED,0.0,0.0,0,0,0,0,0,0,0,0
MTP884YLWSML,0.0,50.0,50,43,0,7,7,3,3,1
MTP884YLWXLR,0.0,0.0,0,0,0,0,0,0,0,0
MTP889AGY2XL,0.0,2.0,2,2,0,0,0,0,0,0
MTP889AGYLAR,0.0,0.0,0,0,0,0,0,0,0,0
MTP889AGYMED,0.0,37.0,37,32,0,5,5,2,2,1
MTP889AGYXLR,0.0,1.0,1,1,0,0,0,0,0,0
MTP889BOEXLR,0.0,1.0,1,1,0,0,0,0,0,0
MTP889GVE2XL,0.0,0.0,0,0,0,0,0,0,0,0
MTP889GVELAR,0.0,24.0,24,20,0,4,4,2,2,0
MTP889GVEMED,0.0,0.0,0,0,0,0,0,0,0,0
MTP889GVEXLR,0.0,5.0,5,5,0,0,0,0,0,0
MTP889OGY2XL,0.0,0.0,0,0,0,0,0,0,0,0
MTP889OGYLAR,0.0,2.0,2,2,0,0,0,0,0,0
MTP889OGYMED,0.0,0.0,0,0,0,0,0,0,0,0
MTP889OGYXLR,0.0,0.0,0,0,0,0,0,0,0,0
MTP889OLD2XL,0.0,5.0,5,5,0,0,0,0,0,0
MTP889OLDLAR,0.0,2.0,2,2,0,0,0,0,0,0
MTP889OLDMED,0.0,1.0,1,1,0,0,0,0,0,0
MTP889OLDXLR,0.0,0.0,0,0,0,0,0,0,0,0
MTP889TCALAR,0.0,0.0,0,0,0,0,0,0,0,0
MTP889TCAMED,0.0,1.0,1,1,0,0,0,0,0,0
MTP889TCAXLR,0.0,1.0,1,1,0,0,0,0,0,0
MTP889WLG2XL,0.0,0.0,0,0,0,0,0,0,0,0
MTP889WLGLAR,12.0,100.0,112,96,0,16,16,8,6,2
MTP889WLGMED,36.0,22.0,58,50,6,2,8,4,3,1
MTP889WLGXLR,50.0,24.0,74,54,16,4,20,9,8,3
MTP890CNGLAR,0.0,0.0,0,0,0,0,0,0,0,0
MTP890CNGXLR,0.0,1.0,1,1,0,0,0,0,0,0
MTP890IRG2XL,0.0,6.0,6,6,0,0,0,0,0,0
MTP890IRGLAR,0.0,6.0,6,6,0,0,0,0,0,0
MTP890IRGMED,0.0,2.0,2,2,0,0,0,0,0,0
MTP890IRGXLR,0.0,2.0,2,2,0,0,0,0,0,0
MTP890MSAMED,0.0,5.0,5,5,0,0,0,0,0,0
MTP890MSAXLR,0.0,0.0,0,0,0,0,0,0,0,0
MTP890OLD2XL,2.0,20.0,22,22,0,0,0,0,0,0
MTP890OLDLAR,14.0,21.0,35,34,0,1,1,0,0,1
MTP890OLDMED,1.0,13.0,14,14,0,0,0,0,0,0
MTP890OLDXLR,22.0,39.0,61,52,0,9,9,4,4,1
MTP890PCH2XL,0.0,14.0,14,14,0,0,0,0,0,0
MTP890PCHLAR,0.0,2.0,2,2,0,0,0,0,0,0
MTP890PCHMED,0.0,8.0,8,8,0,0,0,0,0,0
MTP890PCHXLR,0.0,2.0,2,2,0,0,0,0,0,0
MTP890TRN2XL,0.0,0.0,0,0,0,0,0,0,0,0
MTP890TRNLAR,0.0,36.0,36,31,0,5,5,2,2,1
MTP890TRNMED,0.0,11.0,11,11,0,0,0,0,0,0
MTP890TRNXLR,0.0,29.0,29,25,0,4,4,2,2,0
MTP891ASKMED,0.0,0.0,0,0,0,0,0,0,0,0
MTP891ASKSML,0.0,4.0,4,4,0,0,0,0,0,0
MTP891ASKXLR,0.0,0.0,0,0,0,0,0,0,0,0
MTP891ASL2XL,0.0,8.0,8,8,0,0,0,0,0,0
MTP891ASLLAR,0.0,1.0,1,1,0,0,0,0,0,0
MTP891ASLMED,0.0,0.0,0,0,0,0,0,0,0,0
MTP891ASLSML,0.0,0.0,0,0,0,0,0,0,0,0
MTP891ASLXLR,0.0,0.0,0,0,0,0,0,0,0,0
MTP891LFXMED,0.0,1.0,1,1,0,0,0,0,0,0
MTP891PHNSML,0.0,4.0,4,4,0,0,0,0,0,0
MTP891PLP2XL,0.0,0.0,0,0,0,0,0,0,0,0
MTP891PLPLAR,0.0,1.0,1,1,0,0,0,0,0,0
MTP891PLPMED,0.0,24.0,24,20,0,4,4,2,2,0
MTP891PLPSML,0.0,0.0,0,0,0,0,0,0,0,0
MTP891PLPXLR,0.0,0.0,0,0,0,0,0,0,0,0
MTP892BET2XL,0.0,1.0,1,1,0,0,0,0,0,0
MTP892BETLAR,0.0,2.0,2,2,0,0,0,0,0,0
MTP892BETMED,0.0,10.0,10,10,0,0,0,0,0,0
MTP892BETXLR,0.0,1.0,1,1,0,0,0,0,0,0
MTP892BLM2XL002599,6.0,37.0,43,37,0,6,6,3,2,1
MTP892BLMLAR002599,27.0,61.0,88,75,0,13,13,6,5,2
MTP892BLMMED002599,53.0,68.0,121,80,23,18,41,19,16,6
MTP892BLMXLR002599,10.0,55.0,65,56,0,9,9,4,4,1
MTP892CFM2XL,0.0,0.0,0,0,0,0,0,0,0,0
MTP892CFM2XL002599,0.0,6.0,6,6,0,0,0,0,0,0
MTP892CFMLAR,0.0,6.0,6,6,0,0,0,0,0,0
MTP892CFMLAR002599,0.0,68.0,68,58,0,10,10,5,4,1
MTP892CFMMED,0.0,20.0,20,20,0,0,0,0,0,0
MTP892CFMMED002599,0.0,87.0,87,75,0,12,12,6,5,1
MTP892CFMXLR,0.0,0.0,0,0,0,0,0,0,0,0
MTP892CFMXLR002599,0.0,41.0,41,35,0,6,6,3,2,1
MTP892KME2XL,0.0,0.0,0,0,0,0,0,0,0,0
MTP892KMELAR,0.0,1.0,1,1,0,0,0,0,0,0
MTP892KMEMED,0.0,40.0,40,34,0,6,6,3,2,1
MTP892KMEXLR,0.0,1.0,1,1,0,0,0,0,0,0
MTP892MBM2XL002599,0.0,43.0,43,37,0,6,6,3,2,1
MTP892MBMLAR002599,0.0,76.0,76,65,0,11,11,5,4,2
MTP892MBMMED002599,0.0,73.0,73,63,0,10,10,5,4,1
MTP892MBMXLR002599,0.0,66.0,66,56,0,10,10,5,4,1
MTP892MGM2XL002599,0.0,37.0,37,32,0,5,5,2,2,1
MTP892MGMLAR002599,0.0,62.0,62,53,0,9,9,4,4,1
MTP892MGMMED002599,0.0,91.0,91,78,0,13,13,6,5,2
MTP892MGMXLR002599,0.0,55.0,55,47,0,8,8,4,3,1
MTP892NBM2XL,0.0,0.0,0,0,0,0,0,0,0,0
MTP892NBMLAR,0.0,0.0,0,0,0,0,0,0,0,0
MTP892NBMMED,0.0,0.0,0,0,0,0,0,0,0,0
MTP892NBMXLR,0.0,0.0,0,0,0,0,0,0,0,0
MTP892SYM2XL002599,0.0,36.0,36,31,0,5,5,2,2,1
MTP892SYMLAR002599,0.0,62.0,62,53,0,9,9,4,4,1
MTP892SYMMED002599,0.0,89.0,89,76,0,13,13,6,5,2
MTP892SYMXLR002599,0.0,55.0,55,47,0,8,8,4,3,1
MTP892TEMLAR,0.0,15.0,15,15,0,0,0,0,0,0
MTP892TEMMED,0.0,46.0,46,39,0,7,7,3,3,1
MTP892TEMXLR,0.0,0.0,0,0,0,0,0,0,0,0
MTP892TGM2XL,0.0,0.0,0,0,0,0,0,0,0,0
MTP892TGMLAR,0.0,0.0,0,0,0,0,0,0,0,0
MTP892TGMMED,0.0,36.0,36,31,0,5,5,2,2,1
MTP892TGMXLR,0.0,0.0,0,0,0,0,0,0,0,0
MTP892TLM2XL002599,0.0,46.0,46,39,0,7,7,3,3,1
MTP892TLMLAR002599,0.0,81.0,81,69,0,12,12,6,5,1
MTP892TLMMED002599,0.0,110.0,110,94,0,16,16,8,6,2
MTP892TLMXLR002599,0.0,70.0,70,60,0,10,10,5,4,1
MTP894BLE2XL,0.0,1.0,1,1,0,0,0,0,0,0
MTP894BLELAR,0.0,3.0,3,3,0,0,0,0,0,0
MTP894BLEMED,0.0,2.0,2,2,0,0,0,0,0,0
MTP894BLEXLR,0.0,6.0,6,6,0,0,0,0,0,0
MTP894BLK2XL,0.0,0.0,0,0,0,0,0,0,0,0
MTP894BLKLAR,0.0,2.0,2,2,0,0,0,0,0,0
MTP894BLKMED,0.0,2.0,2,2,0,0,0,0,0,0
MTP894BLKXLR,0.0,1.0,1,1,0,0,0,0,0,0
MTP894CFKMED,0.0,1.0,1,1,0,0,0,0,0,0
MTP894DPK2XL,0.0,3.0,3,3,0,0,0,0,0,0
MTP894DPKMED,0.0,2.0,2,2,0,0,0,0,0,0
MTP894DPKXLR,0.0,7.0,7,7,0,0,0,0,0,0
MTP894OGY2XL,0.0,2.0,2,2,0,0,0,0,0,0
MTP894OGYLAR,0.0,0.0,0,0,0,0,0,0,0,0
MTP894OGYMED,0.0,0.0,0,0,0,0,0,0,0,0
MTP894OGYXLR,0.0,1.0,1,1,0,0,0,0,0,0
MTP894TRNLAR,0.0,5.0,5,5,0,0,0,0,0,0
MTP894TRNMED,0.0,1.0,1,1,0,0,0,0,0,0
MTP894TRNXLR,0.0,0.0,0,0,0,0,0,0,0,0
MTP901BFKLAR5992PK,114.0,38.0,152,101,33,18,51,24,20,7
MTP901BFKMED5992PK,0.0,3.0,3,3,0,0,0,0,0,0
MTP901BFKXLR5992PK,82.0,24.0,106,79,23,4,27,13,10,4
MTP901BLELAR,0.0,0.0,0,0,0,0,0,0,0,0
MTP901BLEMED,0.0,2.0,2,2,0,0,0,0,0,0
MTP901BLEXLR,0.0,1.0,1,1,0,0,0,0,0,0
MTP901BLK2XL,0.0,3.0,3,3,0,0,0,0,0,0
MTP901BLK2XL599,0.0,4.0,4,4,0,0,0,0,0,0
MTP901BLKLAR,0.0,3.0,3,3,0,0,0,0,0,0
MTP901BLKLAR599,114.0,72.0,186,119,40,27,67,32,26,9
MTP901BLKMED599,0.0,73.0,73,63,0,10,10,5,4,1
MTP901BLKXLR599,82.0,102.0,184,118,40,26,66,31,26,9
MTP901CFK2XL,0.0,1.0,1,1,0,0,0,0,0,0
MTP901CFK2XL599,0.0,0.0,0,0,0,0,0,0,0,0
MTP901CFKLAR599,118.0,38.0,156,104,34,18,52,25,20,7
MTP901CFKMED,0.0,1.0,1,1,0,0,0,0,0,0
MTP901CFKMED599,0.0,3.0,3,3,0,0,0,0,0,0
MTP901CFKXLR599,124.0,24.0,148,112,32,4,36,17,14,5
MTP901CFTLAR5992PK,118.0,38.0,156,104,34,18,52,25,20,7
MTP901CFTMED5992PK,0.0,3.0,3,3,0,0,0,0,0,0
MTP901CFTXLR5992PK,75.0,24.0,99,73,22,4,26,12,10,4
MTP901DPK2XL,0.0,1.0,1,1,0,0,0,0,0,0
MTP901DPKLAR,0.0,1.0,1,1,0,0,0,0,0,0
MTP901DPKMED,0.0,2.0,2,2,0,0,0,0,0,0
MTP901GBE2XL5992PK,7.0,39.0,46,39,0,7,7,3,3,1
MTP901GBELAR5992PK,55.0,96.0,151,104,25,22,47,22,18,7
MTP901GBEMED5992PK,4.0,80.0,84,72,0,12,12,6,5,1
MTP901GBEXLR5992PK,73.0,54.0,127,81,28,18,46,22,18,6
MTP901GFH2XL5992PK,7.0,39.0,46,39,0,7,7,3,3,1
MTP901GFHLAR5992PK,55.0,96.0,151,104,25,22,47,22,18,7
MTP901GFHMED5992PK,4.0,80.0,84,72,0,12,12,6,5,1
MTP901GFHXLR5992PK,73.0,54.0,127,81,28,18,46,22,18,6
MTP901GFT2XL599,7.0,39.0,46,39,0,7,7,3,3,1
MTP901GFTLAR599,129.0,144.0,273,175,59,39,98,46,38,14
MTP901GFTMED599,4.0,80.0,84,72,0,12,12,6,5,1
MTP901GFTXLR599,75.0,54.0,129,83,28,18,46,22,18,6
MTP901HBE2XL599,33.0,71.0,104,86,3,15,18,8,7,3
MTP901HBELAR599,55.0,96.0,151,104,25,22,47,22,18,7
MTP901HBEMED599,76.0,103.0,179,115,38,26,64,30,25,9
MTP901HBEXLR599,73.0,54.0,127,81,28,18,46,22,18,6
MTP901HLK2XL5992PK,0.0,4.0,4,4,0,0,0,0,0,0
MTP901HLKLAR5992PK,55.0,72.0,127,84,25,18,43,20,17,6
MTP901HLKMED5992PK,0.0,73.0,73,63,0,10,10,5,4,1
MTP901HLKXLR5992PK,73.0,54.0,127,81,28,18,46,22,18,6
MTP901OGYMED,0.0,0.0,0,0,0,0,0,0,0,0
MTP901OGYXLR,0.0,0.0,0,0,0,0,0,0,0,0
MTP901TRN2XL,0.0,2.0,2,2,0,0,0,0,0,0
MTP901TRNLAR,0.0,4.0,4,4,0,0,0,0,0,0
MTP902AGY2XL579,0.0,51.0,51,44,0,7,7,3,3,1
MTP902AGYLAR579,196.0,123.0,319,204,69,46,115,54,45,16
MTP902AGYMED579,97.0,84.0,181,116,39,26,65,31,25,9
MTP902AGYXLR579,146.0,101.0,247,158,53,36,89,42,35,12
MTP902BLE2XL,0.0,1.0,1,1,0,0,0,0,0,0
MTP902BLELAR,0.0,0.0,0,0,0,0,0,0,0,0
MTP902BLEXLR,0.0,1.0,1,1,0,0,0,0,0,0
MTP902BLK2XL,0.0,2.0,2,2,0,0,0,0,0,0
MTP902BLK2XL579,0.0,31.0,31,27,0,4,4,2,2,0
MTP902BLKLAR579,62.0,10.0,72,56,16,0,16,8,6,2
MTP902BLKMED,0.0,0.0,0,0,0,0,0,0,0,0
MTP902BLKMED579,0.0,0.0,0,0,0,0,0,0,0,0
MTP902BLKXLR579,45.0,17.0,62,49,13,0,13,6,5,2
MTP902BRD2XL579,0.0,55.0,55,47,0,8,8,4,3,1
MTP902BRDLAR579,196.0,130.0,326,209,70,47,117,55,46,16
MTP902BRDMED579,97.0,95.0,192,123,41,28,69,33,27,9
MTP902BRDXLR579,146.0,104.0,250,160,54,36,90,42,35,13
MTP902KHI2XL579,0.0,26.0,26,22,0,4,4,2,2,0
MTP902KHILAR579,196.0,127.0,323,207,70,46,116,55,45,16
MTP902KHIMED579,97.0,97.0,194,124,42,28,70,33,27,10
MTP902KHIXLR579,146.0,133.0,279,179,60,40,100,47,39,14
MTP902MSALAR,0.0,0.0,0,0,0,0,0,0,0,0
MTP902MSAMED,0.0,0.0,0,0,0,0,0,0,0,0
MTP902MYE2XL,0.0,0.0,0,0,0,0,0,0,0,0
MTP902MYEMED,0.0,1.0,1,1,0,0,0,0,0,0
MTP902OGYXLR,0.0,1.0,1,1,0,0,0,0,0,0
MTP902UGYLAR,0.0,0.0,0,0,0,0,0,0,0,0
MTP902UGYXLR,0.0,1.0,1,1,0,0,0,0,0,0
MTP902WLG2XL579,0.0,38.0,38,32,0,6,6,3,2,1
MTP902WLGLAR579,146.0,126.0,272,174,59,39,98,46,38,14
MTP902WLGMED579,100.0,57.0,157,100,34,23,57,27,22,8
MTP902WLGXLR579,150.0,69.0,219,140,47,32,79,37,31,11
MTP904BLE2XL,0.0,3.0,3,3,0,0,0,0,0,0
MTP904BLELAR,21.0,11.0,32,32,0,0,0,0,0,0
MTP904BLEMED,36.0,12.0,48,42,6,0,6,3,2,1
MTP904BLEXLR,0.0,2.0,2,2,0,0,0,0,0,0
MTP904BLK2XL,0.0,8.0,8,8,0,0,0,0,0,0
MTP904BLKLAR,0.0,6.0,6,6,0,0,0,0,0,0
MTP904BLKMED,22.0,12.0,34,34,0,0,0,0,0,0
MTP904BLKXLR,0.0,8.0,8,8,0,0,0,0,0,0
MTP904CFK2XL,0.0,1.0,1,1,0,0,0,0,0,0
MTP904CFKLAR,0.0,1.0,1,1,0,0,0,0,0,0
MTP904CFKMED,0.0,9.0,9,9,0,0,0,0,0,0
MTP904CFKXLR,0.0,8.0,8,8,0,0,0,0,0,0
MTP904DPK2XL,10.0,12.0,22,22,0,0,0,0,0,0
MTP904DPKLAR,13.0,18.0,31,31,0,0,0,0,0,0
MTP904DPKMED,27.0,17.0,44,44,0,0,0,0,0,0
MTP904DPKXLR,0.0,11.0,11,11,0,0,0,0,0,0
MTP904OGY2XL,0.0,0.0,0,0,0,0,0,0,0,0
MTP904OGYLAR,0.0,0.0,0,0,0,0,0,0,0,0
MTP904OGYMED,0.0,38.0,38,32,0,6,6,3,2,1
MTP904OGYXLR,0.0,2.0,2,2,0,0,0,0,0,0
MTP904TRN2XL,0.0,1.0,1,1,0,0,0,0,0,0
MTP904TRNLAR,18.0,10.0,28,28,0,0,0,0,0,0
MTP904TRNMED,28.0,11.0,39,39,0,0,0,0,0,0
MTP906BLE2XL,0.0,3.0,3,3,0,0,0,0,0,0
MTP906BLELAR,0.0,8.0,8,8,0,0,0,0,0,0
MTP906BLEMED,0.0,4.0,4,4,0,0,0,0,0,0
MTP906BLESML,0.0,4.0,4,4,0,0,0,0,0,0
MTP906BLEXLR,0.0,12.0,12,12,0,0,0,0,0,0
MTP906BLKMED,0.0,3.0,3,3,0,0,0,0,0,0
MTP906BLKSML,0.0,3.0,3,3,0,0,0,0,0,0
MTP906BLKXLR,0.0,2.0,2,2,0,0,0,0,0,0
MTP906GYRLAR,0.0,2.0,2,2,0,0,0,0,0,0
MTP906GYRMED,0.0,1.0,1,1,0,0,0,0,0,0
MTP906GYRSML,0.0,5.0,5,5,0,0,0,0,0,0
MTP906GYRXLR,0.0,6.0,6,6,0,0,0,0,0,0
MTP906MYE2XL,0.0,7.0,7,7,0,0,0,0,0,0
MTP906MYELAR,0.0,4.0,4,4,0,0,0,0,0,0
MTP906MYEMED,0.0,2.0,2,2,0,0,0,0,0,0
MTP906MYESML,0.0,3.0,3,3,0,0,0,0,0,0
MTP906MYEXLR,0.0,9.0,9,9,0,0,0,0,0,0
MTP906OGY2XL,0.0,4.0,4,4,0,0,0,0,0,0
MTP906OGYLAR,0.0,4.0,4,4,0,0,0,0,0,0
MTP906OGYMED,0.0,5.0,5,5,0,0,0,0,0,0
MTP906OGYSML,0.0,2.0,2,2,0,0,0,0,0,0
MTP906OGYXLR,0.0,24.0,24,20,0,4,4,2,2,0
MTP906SKO2XL,0.0,5.0,5,5,0,0,0,0,0,0
MTP906SKOLAR,0.0,10.0,10,10,0,0,0,0,0,0
MTP906SKOMED,0.0,5.0,5,5,0,0,0,0,0,0
MTP906SKOXLR,0.0,14.0,14,14,0,0,0,0,0,0
MTP907BLE2XL,0.0,9.0,9,9,0,0,0,0,0,0
MTP907BLELAR,26.0,10.0,36,36,0,0,0,0,0,0
MTP907BLEMED,0.0,3.0,3,3,0,0,0,0,0,0
MTP907BLEXLR,27.0,14.0,41,41,0,0,0,0,0,0
MTP907BLK2XL,0.0,6.0,6,6,0,0,0,0,0,0
MTP907BLKLAR,27.0,11.0,38,38,0,0,0,0,0,0
MTP907BLKMED,0.0,5.0,5,5,0,0,0,0,0,0
MTP907BLKXLR,0.0,4.0,4,4,0,0,0,0,0,0
MTP907CFK2XL,0.0,10.0,10,10,0,0,0,0,0,0
MTP907CFKLAR,0.0,10.0,10,10,0,0,0,0,0,0
MTP907CFKMED,0.0,4.0,4,4,0,0,0,0,0,0
MTP907CFKXLR,0.0,13.0,13,13,0,0,0,0,0,0
MTP907DPK2XL,15.0,16.0,31,31,0,0,0,0,0,0
MTP907DPKLAR,0.0,9.0,9,9,0,0,0,0,0,0
MTP907DPKMED,6.0,15.0,21,21,0,0,0,0,0,0
MTP907DPKXLR,40.0,12.0,52,42,10,0,10,5,4,1
MTP907OGY2XL,0.0,7.0,7,7,0,0,0,0,0,0
MTP907OGYLAR,1.0,11.0,12,12,0,0,0,0,0,0
MTP907OGYMED,0.0,4.0,4,4,0,0,0,0,0,0
MTP907OGYXLR,2.0,10.0,12,12,0,0,0,0,0,0
MTP907TRN2XL,33.0,11.0,44,41,3,0,3,1,1,1
MTP907TRNLAR,0.0,1.0,1,1,0,0,0,0,0,0
MTP907TRNMED,31.0,10.0,41,40,1,0,1,0,0,1
MTP907TRNXLR,37.0,10.0,47,40,7,0,7,3,3,1
MTP908BLE2XL,34.0,16.0,50,46,4,0,4,2,2,0
MTP908BLEMED,0.0,1.0,1,1,0,0,0,0,0,0
MTP908BLEXLR,24.0,10.0,34,34,0,0,0,0,0,0
MTP908BLK2XL,0.0,8.0,8,8,0,0,0,0,0,0
MTP908BLKLAR,0.0,1.0,1,1,0,0,0,0,0,0
MTP908BLKMED,0.0,0.0,0,0,0,0,0,0,0,0
MTP908BLKXLR,0.0,1.0,1,1,0,0,0,0,0,0
MTP908CFK2XL,0.0,8.0,8,8,0,0,0,0,0,0
MTP908CFKMED,0.0,0.0,0,0,0,0,0,0,0,0
MTP908DPK2XL,34.0,12.0,46,42,4,0,4,2,2,0
MTP908DPKLAR,0.0,1.0,1,1,0,0,0,0,0,0
MTP908DPKMED,0.0,1.0,1,1,0,0,0,0,0,0
MTP908DPKXLR,0.0,4.0,4,4,0,0,0,0,0,0
MTP908OGYLAR,0.0,0.0,0,0,0,0,0,0,0,0
MTP908OGYMED,0.0,1.0,1,1,0,0,0,0,0,0
MTP908TRN2XL,0.0,1.0,1,1,0,0,0,0,0,0
MTP908TRNLAR,0.0,0.0,0,0,0,0,0,0,0,0
MTP908TRNXLR,0.0,1.0,1,1,0,0,0,0,0,0
MTP910BLE2XL,0.0,5.0,5,5,0,0,0,0,0,0
MTP910BLELAR,0.0,2.0,2,2,0,0,0,0,0,0
MTP910BLEMED,0.0,2.0,2,2,0,0,0,0,0,0
MTP910BLEXLR,0.0,18.0,18,18,0,0,0,0,0,0
MTP910BLK2XL,0.0,0.0,0,0,0,0,0,0,0,0
MTP910BLKLAR,0.0,3.0,3,3,0,0,0,0,0,0
MTP910BLKXLR,0.0,6.0,6,6,0,0,0,0,0,0
MTP910CFK2XL,0.0,7.0,7,7,0,0,0,0,0,0
MTP910CFKLAR,0.0,2.0,2,2,0,0,0,0,0,0
MTP910CFKMED,0.0,6.0,6,6,0,0,0,0,0,0
MTP910CFKXLR,0.0,5.0,5,5,0,0,0,0,0,0
MTP910DPK2XL,0.0,10.0,10,10,0,0,0,0,0,0
MTP910DPKLAR,0.0,0.0,0,0,0,0,0,0,0,0
MTP910DPKMED,0.0,0.0,0,0,0,0,0,0,0,0
MTP910DPKXLR,0.0,29.0,29,25,0,4,4,2,2,0
MTP910OGY2XL,0.0,15.0,15,15,0,0,0,0,0,0
MTP910OGYLAR,0.0,2.0,2,2,0,0,0,0,0,0
MTP910OGYMED,0.0,13.0,13,13,0,0,0,0,0,0
MTP910OGYXLR,0.0,2.0,2,2,0,0,0,0,0,0
MTP910TRN2XL,0.0,1.0,1,1,0,0,0,0,0,0
MTP910TRNLAR,0.0,7.0,7,7,0,0,0,0,0,0
MTP910TRNMED,0.0,2.0,2,2,0,0,0,0,0,0
MTP910TRNXLR,0.0,16.0,16,16,0,0,0,0,0,0
MTP911BLE2XL,0.0,8.0,8,8,0,0,0,0,0,0
MTP911BLELAR,0.0,0.0,0,0,0,0,0,0,0,0
MTP911BLELAR479,11.0,17.0,28,28,0,0,0,0,0,0
MTP911BLEMED,2.0,11.0,13,13,0,0,0,0,0,0
MTP911BLEMED479,13.0,17.0,30,30,0,0,0,0,0,0
MTP911BLESML,0.0,10.0,10,10,0,0,0,0,0,0
MTP911BLEXLR,0.0,2.0,2,2,0,0,0,0,0,0
MTP911BLEXLR479,0.0,8.0,8,8,0,0,0,0,0,0
MTP911BLK2XL002,0.0,14.0,14,14,0,0,0,0,0,0
MTP911BLKLAR002,0.0,0.0,0,0,0,0,0,0,0,0
MTP911BLKLAR479,0.0,2.0,2,2,0,0,0,0,0,0
MTP911BLKMED,0.0,1.0,1,1,0,0,0,0,0,0
MTP911BLKMED002,6.0,10.0,16,16,0,0,0,0,0,0
MTP911BLKMED479,0.0,29.0,29,25,0,4,4,2,2,0
MTP911BLKSML,0.0,0.0,0,0,0,0,0,0,0,0
MTP911BLKSML002,0.0,1.0,1,1,0,0,0,0,0,0
MTP911BLKXLR002,15.0,14.0,29,29,0,0,0,0,0,0
MTP911BLKXLR479,0.0,3.0,3,3,0,0,0,0,0,0
MTP911CFK2XL,0.0,5.0,5,5,0,0,0,0,0,0
MTP911CFKLAR,0.0,12.0,12,12,0,0,0,0,0,0
MTP911CFKLAR479,0.0,36.0,36,31,0,5,5,2,2,1
MTP911CFKMED,0.0,15.0,15,15,0,0,0,0,0,0
MTP911CFKMED479,0.0,17.0,17,17,0,0,0,0,0,0
MTP911CFKSML,0.0,0.0,0,0,0,0,0,0,0,0
MTP911CFKXLR,0.0,15.0,15,15,0,0,0,0,0,0
MTP911CFKXLR479,0.0,11.0,11,11,0,0,0,0,0,0
MTP911DPK2XL,0.0,6.0,6,6,0,0,0,0,0,0
MTP911DPKLAR,0.0,3.0,3,3,0,0,0,0,0,0
MTP911DPKLAR479,25.0,17.0,42,42,0,0,0,0,0,0
MTP911DPKMED,0.0,12.0,12,12,0,0,0,0,0,0
MTP911DPKMED479,13.0,17.0,30,30,0,0,0,0,0,0
MTP911DPKSML,0.0,4.0,4,4,0,0,0,0,0,0
MTP911DPKXLR,0.0,6.0,6,6,0,0,0,0,0,0
MTP911DPKXLR479,0.0,9.0,9,9,0,0,0,0,0,0
MTP911KHI2XL,0.0,59.0,59,51,0,8,8,4,3,1
MTP911KHILAR,0.0,0.0,0,0,0,0,0,0,0,0
MTP911KHIMED,0.0,11.0,11,11,0,0,0,0,0,0
MTP911KHIXLR,0.0,27.0,27,23,0,4,4,2,2,0
MTP911MSA2XL002,0.0,1.0,1,1,0,0,0,0,0,0
MTP911MSALAR002,0.0,13.0,13,13,0,0,0,0,0,0
MTP911MSAMED002,0.0,7.0,7,7,0,0,0,0,0,0
MTP911MSASML002,3.0,11.0,14,14,0,0,0,0,0,0
MTP911MSAXLR002,0.0,1.0,1,1,0,0,0,0,0,0
MTP911MYE2XL002,0.0,0.0,0,0,0,0,0,0,0,0
MTP911MYELAR002,0.0,1.0,1,1,0,0,0,0,0,0
MTP911MYEMED002,4.0,18.0,22,22,0,0,0,0,0,0
MTP911MYESML002,0.0,8.0,8,8,0,0,0,0,0,0
MTP911MYEXLR002,0.0,0.0,0,0,0,0,0,0,0,0
MTP911OFW2XL002,0.0,8.0,8,8,0,0,0,0,0,0
MTP911OFWLAR002,0.0,5.0,5,5,0,0,0,0,0,0
MTP911OFWMED002,0.0,5.0,5,5,0,0,0,0,0,0
MTP911OFWSML002,0.0,11.0,11,11,0,0,0,0,0,0
MTP911OFWXLR002,0.0,21.0,21,20,0,1,1,0,0,1
MTP911OGY2XL,0.0,1.0,1,1,0,0,0,0,0,0
MTP911OGYLAR479,0.0,14.0,14,14,0,0,0,0,0,0
MTP911OGYMED,0.0,2.0,2,2,0,0,0,0,0,0
MTP911OGYMED479,8.0,12.0,20,20,0,0,0,0,0,0
MTP911OGYSML,0.0,1.0,1,1,0,0,0,0,0,0
MTP911OGYXLR,0.0,7.0,7,7,0,0,0,0,0,0
MTP911OGYXLR479,0.0,1.0,1,1,0,0,0,0,0,0
MTP911OLD2XL002,5.0,11.0,16,16,0,0,0,0,0,0
MTP911OLDLAR002,0.0,11.0,11,11,0,0,0,0,0,0
MTP911OLDMED002,6.0,12.0,18,18,0,0,0,0,0,0
MTP911OLDSML002,0.0,10.0,10,10,0,0,0,0,0,0
MTP911OLDXLR002,6.0,14.0,20,20,0,0,0,0,0,0
MTP911TRN2XL,32.0,15.0,47,45,2,0,2,1,1,0
MTP911TRNLAR,0.0,3.0,3,3,0,0,0,0,0,0
MTP911TRNLAR479,0.0,0.0,0,0,0,0,0,0,0,0
MTP911TRNMED,24.0,10.0,34,34,0,0,0,0,0,0
MTP911TRNMED479,0.0,28.0,28,24,0,4,4,2,2,0
MTP911TRNSML,0.0,1.0,1,1,0,0,0,0,0,0
MTP911TRNXLR,23.0,11.0,34,34,0,0,0,0,0,0
MTP911TRNXLR479,0.0,9.0,9,9,0,0,0,0,0,0
MTP911VIO2XL002,0.0,5.0,5,5,0,0,0,0,0,0
MTP911VIOLAR002,4.0,11.0,15,15,0,0,0,0,0,0
MTP911VIOMED002,10.0,12.0,22,22,0,0,0,0,0,0
MTP911VIOSML002,0.0,8.0,8,8,0,0,0,0,0,0
MTP911VIOXLR002,0.0,11.0,11,11,0,0,0,0,0,0
MTP912BLE2XL,0.0,4.0,4,4,0,0,0,0,0,0
MTP912BLELAR,0.0,0.0,0,0,0,0,0,0,0,0
MTP912BLEMED,0.0,0.0,0,0,0,0,0,0,0,0
MTP912BLESML,0.0,1.0,1,1,0,0,0,0,0,0
MTP912BLEXLR,0.0,7.0,7,7,0,0,0,0,0,0
MTP912DPK2XL,0.0,13.0,13,13,0,0,0,0,0,0
MTP912DPKLAR,0.0,6.0,6,6,0,0,0,0,0,0
MTP912DPKMED,3.0,14.0,17,17,0,0,0,0,0,0
MTP912DPKSML,0.0,2.0,2,2,0,0,0,0,0,0
MTP912DPKXLR,0.0,12.0,12,12,0,0,0,0,0,0
MTP912NYB2XL,0.0,6.0,6,6,0,0,0,0,0,0
MTP912NYBLAR,0.0,0.0,0,0,0,0,0,0,0,0
MTP912NYBMED,0.0,9.0,9,9,0,0,0,0,0,0
MTP912NYBSML,0.0,3.0,3,3,0,0,0,0,0,0
MTP912OGY2XL,0.0,10.0,10,10,0,0,0,0,0,0
MTP912OGYLAR,0.0,2.0,2,2,0,0,0,0,0,0
MTP912OGYMED,0.0,5.0,5,5,0,0,0,0,0,0
MTP912OGYSML,0.0,2.0,2,2,0,0,0,0,0,0
MTP912OGYXLR,0.0,2.0,2,2,0,0,0,0,0,0
MTP912TRN2XL,0.0,9.0,9,9,0,0,0,0,0,0
MTP912TRNLAR,0.0,1.0,1,1,0,0,0,0,0,0
MTP912TRNMED,0.0,4.0,4,4,0,0,0,0,0,0
MTP912TRNSML,0.0,2.0,2,2,0,0,0,0,0,0
MTP912TRNXLR,0.0,3.0,3,3,0,0,0,0,0,0
MTP912WLG2XL,0.0,6.0,6,6,0,0,0,0,0,0
MTP912WLGLAR,0.0,0.0,0,0,0,0,0,0,0,0
MTP912WLGMED,18.0,10.0,28,28,0,0,0,0,0,0
MTP912WLGSML,0.0,5.0,5,5,0,0,0,0,0,0
MTP912WLGXLR,0.0,2.0,2,2,0,0,0,0,0,0
MTP920CFK2XL,0.0,1.0,1,1,0,0,0,0,0,0
MTP920CFKLAR,0.0,0.0,0,0,0,0,0,0,0,0
MTP920CFKMED,0.0,3.0,3,3,0,0,0,0,0,0
MTP920CFKXLR,0.0,0.0,0,0,0,0,0,0,0,0
MTP920LTG2XL,21.0,54.0,75,64,0,11,11,5,4,2
MTP920LTG2XL419,0.0,6.0,6,6,0,0,0,0,0,0
MTP920LTGLAR,11.0,12.0,23,23,0,0,0,0,0,0
MTP920LTGMED,35.0,38.0,73,58,5,10,15,7,6,2
MTP920LTGMED419,0.0,33.0,33,28,0,5,5,2,2,1
MTP920LTGSML419,0.0,0.0,0,0,0,0,0,0,0,0
MTP920LTGXLR,0.0,33.0,33,28,0,5,5,2,2,1
MTP920SKY2XL,0.0,12.0,12,12,0,0,0,0,0,0
MTP920SKYLAR,0.0,48.0,48,41,0,7,7,3,3,1
MTP920SKYMED,0.0,0.0,0,0,0,0,0,0,0,0
MTP920SKYXLR,0.0,1.0,1,1,0,0,0,0,0,0
MTP920TEL2XL,0.0,46.0,46,39,0,7,7,3,3,1
MTP920TELLAR,0.0,3.0,3,3,0,0,0,0,0,0
MTP920TELMED,0.0,17.0,17,17,0,0,0,0,0,0
MTP920TELSML,0.0,2.0,2,2,0,0,0,0,0,0
MTP920TELXLR,0.0,0.0,0,0,0,0,0,0,0,0
MTP920TRN2XL,5.0,19.0,24,24,0,0,0,0,0,0
MTP920TRN2XL419,0.0,11.0,11,11,0,0,0,0,0,0
MTP920TRNLAR,5.0,10.0,15,15,0,0,0,0,0,0
MTP920TRNMED,0.0,16.0,16,16,0,0,0,0,0,0
MTP920TRNMED419,0.0,31.0,31,27,0,4,4,2,2,0
MTP920TRNSML419,0.0,8.0,8,8,0,0,0,0,0,0
MTP920TRNXLR,5.0,60.0,65,56,0,9,9,4,4,1
MTP920VIO2XL,2.0,37.0,39,33,0,6,6,3,2,1
MTP920VIO2XL419,0.0,12.0,12,12,0,0,0,0,0,0
MTP920VIOLAR,2.0,12.0,14,14,0,0,0,0,0,0
MTP920VIOMED,0.0,10.0,10,10,0,0,0,0,0,0
MTP920VIOMED419,0.0,29.0,29,25,0,4,4,2,2,0
MTP920VIOSML419,0.0,6.0,6,6,0,0,0,0,0,0
MTP920VIOXLR,0.0,2.0,2,2,0,0,0,0,0,0
MTP922BLKLAR,0.0,0.0,0,0,0,0,0,0,0,0
MTP922KHI2XL,0.0,2.0,2,2,0,0,0,0,0,0
MTP922LGN2XL,0.0,0.0,0,0,0,0,0,0,0,0
MTP922LGNLAR,0.0,0.0,0,0,0,0,0,0,0,0
MTP922LGNMED,0.0,0.0,0,0,0,0,0,0,0,0
MTP922LGNXLR,0.0,12.0,12,12,0,0,0,0,0,0
MTP922MBN2XL,0.0,10.0,10,10,0,0,0,0,0,0
MTP922MBNLAR,0.0,1.0,1,1,0,0,0,0,0,0
MTP922MBNMED,53.0,14.0,67,53,14,0,14,7,5,2
MTP922MBNXLR,0.0,2.0,2,2,0,0,0,0,0,0
MTP922OBR2XL,0.0,1.0,1,1,0,0,0,0,0,0
MTP922OBRMED,0.0,1.0,1,1,0,0,0,0,0,0
MTP922OBRXLR,0.0,1.0,1,1,0,0,0,0,0,0
MTP922VIO2XL,0.0,33.0,33,28,0,5,5,2,2,1
MTP922VIOLAR,0.0,0.0,0,0,0,0,0,0,0,0
MTP922VIOMED,0.0,0.0,0,0,0,0,0,0,0,0
MTP922VIOXLR,0.0,0.0,0,0,0,0,0,0,0,0
MTP923BLE2XL,0.0,6.0,6,6,0,0,0,0,0,0
MTP923BLELAR,0.0,2.0,2,2,0,0,0,0,0,0
MTP923BLEMED,0.0,1.0,1,1,0,0,0,0,0,0
MTP923BLEXLR,0.0,3.0,3,3,0,0,0,0,0,0
MTP923BLK2XL,0.0,0.0,0,0,0,0,0,0,0,0
MTP923BLKLAR,0.0,0.0,0,0,0,0,0,0,0,0
MTP923BLKMED,0.0,1.0,1,1,0,0,0,0,0,0
MTP923BLKXLR,0.0,0.0,0,0,0,0,0,0,0,0
MTP923OBR2XL,0.0,0.0,0,0,0,0,0,0,0,0
MTP923OBRLAR,0.0,0.0,0,0,0,0,0,0,0,0
MTP923OBRMED,0.0,1.0,1,1,0,0,0,0,0,0
MTP923OBRXLR,0.0,1.0,1,1,0,0,0,0,0,0
MTP923SKO2XL,0.0,4.0,4,4,0,0,0,0,0,0
MTP923SKOLAR,0.0,0.0,0,0,0,0,0,0,0,0
MTP923SKOMED,0.0,1.0,1,1,0,0,0,0,0,0
MTP923SKOXLR,0.0,0.0,0,0,0,0,0,0,0,0
MTP923TLE2XL,0.0,2.0,2,2,0,0,0,0,0,0
MTP923TLELAR,0.0,1.0,1,1,0,0,0,0,0,0
MTP923TLEMED,0.0,3.0,3,3,0,0,0,0,0,0
MTP923TLEXLR,0.0,1.0,1,1,0,0,0,0,0,0
MTP923WHT2XL,0.0,0.0,0,0,0,0,0,0,0,0
MTP923WHTLAR,0.0,0.0,0,0,0,0,0,0,0,0
MTP923WHTMED,0.0,0.0,0,0,0,0,0,0,0,0
MTP923WHTXLR,0.0,0.0,0,0,0,0,0,0,0,0
MTP925BLK2XL,0.0,5.0,5,5,0,0,0,0,0,0
MTP925BLK2XL499,0.0,0.0,0,0,0,0,0,0,0,0
MTP925BLKLAR,0.0,14.0,14,14,0,0,0,0,0,0
MTP925BLKLAR499,0.0,1.0,1,1,0,0,0,0,0,0
MTP925BLKMED,0.0,12.0,12,12,0,0,0,0,0,0
MTP925BLKMED499,0.0,0.0,0,0,0,0,0,0,0,0
MTP925BLKXLR,0.0,0.0,0,0,0,0,0,0,0,0
MTP925BLKXLR499,0.0,17.0,17,17,0,0,0,0,0,0
MTP925GFT2XL,0.0,4.0,4,4,0,0,0,0,0,0
MTP925GFT2XL499,0.0,0.0,0,0,0,0,0,0,0,0
MTP925GFTLAR,0.0,0.0,0,0,0,0,0,0,0,0
MTP925GFTLAR499,0.0,17.0,17,17,0,0,0,0,0,0
MTP925GFTMED,0.0,10.0,10,10,0,0,0,0,0,0
MTP925GFTMED499,14.0,12.0,26,26,0,0,0,0,0,0
MTP925GFTXLR,12.0,10.0,22,22,0,0,0,0,0,0
MTP925GFTXLR499,2.0,23.0,25,22,0,3,3,1,1,1
MTP925NYB2XL,1.0,14.0,15,15,0,0,0,0,0,0
MTP925NYB2XL499,0.0,6.0,6,6,0,0,0,0,0,0
MTP925NYBLAR,0.0,5.0,5,5,0,0,0,0,0,0
MTP925NYBLAR499,0.0,9.0,9,9,0,0,0,0,0,0
MTP925NYBMED,0.0,4.0,4,4,0,0,0,0,0,0
MTP925NYBMED499,16.0,11.0,27,27,0,0,0,0,0,0
MTP925NYBXLR,27.0,11.0,38,38,0,0,0,0,0,0
MTP925NYBXLR499,10.0,11.0,21,21,0,0,0,0,0,0
MTP925OFW2XL,0.0,6.0,6,6,0,0,0,0,0,0
MTP925OFW2XL499,1.0,10.0,11,11,0,0,0,0,0,0
MTP925OFWLAR,0.0,0.0,0,0,0,0,0,0,0,0
MTP925OFWLAR499,1.0,18.0,19,19,0,0,0,0,0,0
MTP925OFWMED,0.0,1.0,1,1,0,0,0,0,0,0
MTP925OFWMED499,10.0,12.0,22,22,0,0,0,0,0,0
MTP925OFWXLR,8.0,17.0,25,25,0,0,0,0,0,0
MTP925OFWXLR499,0.0,10.0,10,10,0,0,0,0,0,0
MTP925RED2XL,9.0,15.0,24,24,0,0,0,0,0,0
MTP925RED2XL499,4.0,10.0,14,14,0,0,0,0,0,0
MTP925REDLAR499,36.0,14.0,50,44,6,0,6,3,2,1
MTP925REDMED,0.0,1.0,1,1,0,0,0,0,0,0
MTP925REDMED499,32.0,16.0,48,46,2,0,2,1,1,0
MTP925REDXLR,0.0,11.0,11,11,0,0,0,0,0,0
MTP925REDXLR499,40.0,10.0,50,40,10,0,10,5,4,1
MTP925RYB2XL,0.0,5.0,5,5,0,0,0,0,0,0
MTP925RYB2XL499,0.0,5.0,5,5,0,0,0,0,0,0
MTP925RYBLAR,0.0,1.0,1,1,0,0,0,0,0,0
MTP925RYBMED,0.0,1.0,1,1,0,0,0,0,0,0
MTP925RYBMED499,0.0,5.0,5,5,0,0,0,0,0,0
MTP925RYBXLR,0.0,0.0,0,0,0,0,0,0,0,0
MTP925RYBXLR499,0.0,7.0,7,7,0,0,0,0,0,0
MTP926GFT2XL,6.0,12.0,18,18,0,0,0,0,0,0
MTP926GFT2XL579,0.0,2.0,2,2,0,0,0,0,0,0
MTP926GFTLAR,0.0,11.0,11,11,0,0,0,0,0,0
MTP926GFTLAR579,0.0,0.0,0,0,0,0,0,0,0,0
MTP926GFTMED,0.0,2.0,2,2,0,0,0,0,0,0
MTP926GFTMED579,7.0,31.0,38,32,0,6,6,3,2,1
MTP926GFTXLR,0.0,7.0,7,7,0,0,0,0,0,0
MTP926GFTXLR579,0.0,7.0,7,7,0,0,0,0,0,0
MTP926NYB2XL,0.0,0.0,0,0,0,0,0,0,0,0
MTP926NYB2XL579,0.0,0.0,0,0,0,0,0,0,0,0
MTP926NYBLAR,0.0,10.0,10,10,0,0,0,0,0,0
MTP926NYBLAR579,0.0,1.0,1,1,0,0,0,0,0,0
MTP926NYBMED,0.0,0.0,0,0,0,0,0,0,0,0
MTP926NYBMED579,0.0,1.0,1,1,0,0,0,0,0,0
MTP926NYBXLR,0.0,13.0,13,13,0,0,0,0,0,0
MTP926NYBXLR579,0.0,2.0,2,2,0,0,0,0,0,0
MTP926OFW2XL,0.0,1.0,1,1,0,0,0,0,0,0
MTP926OFW2XL579,0.0,4.0,4,4,0,0,0,0,0,0
MTP926OFWLAR,0.0,2.0,2,2,0,0,0,0,0,0
MTP926OFWLAR579,0.0,1.0,1,1,0,0,0,0,0,0
MTP926OFWMED,0.0,4.0,4,4,0,0,0,0,0,0
MTP926OFWMED579,0.0,0.0,0,0,0,0,0,0,0,0
MTP926OFWXLR,0.0,13.0,13,13,0,0,0,0,0,0
MTP926OFWXLR579,0.0,1.0,1,1,0,0,0,0,0,0
MTP926PLA2XL,0.0,1.0,1,1,0,0,0,0,0,0
MTP926PLA2XL579,0.0,2.0,2,2,0,0,0,0,0,0
MTP926PLALAR,0.0,0.0,0,0,0,0,0,0,0,0
MTP926PLALAR579,0.0,10.0,10,10,0,0,0,0,0,0
MTP926PLAMED,0.0,2.0,2,2,0,0,0,0,0,0
MTP926PLAMED579,0.0,0.0,0,0,0,0,0,0,0,0
MTP926PLAXLR,0.0,7.0,7,7,0,0,0,0,0,0
MTP926PLAXLR579,0.0,7.0,7,7,0,0,0,0,0,0
MTP926RED2XL,0.0,1.0,1,1,0,0,0,0,0,0
MTP926REDLAR,0.0,0.0,0,0,0,0,0,0,0,0
MTP926REDLAR579,0.0,0.0,0,0,0,0,0,0,0,0
MTP926REDMED,0.0,1.0,1,1,0,0,0,0,0,0
MTP926REDMED579,0.0,0.0,0,0,0,0,0,0,0,0
MTP926REDXLR,0.0,3.0,3,3,0,0,0,0,0,0
MTP926REDXLR579,0.0,0.0,0,0,0,0,0,0,0,0
MTP926RYB2XL,0.0,12.0,12,12,0,0,0,0,0,0
MTP926RYBLAR,0.0,5.0,5,5,0,0,0,0,0,0
MTP926RYBLAR579,0.0,3.0,3,3,0,0,0,0,0,0
MTP926RYBMED,0.0,7.0,7,7,0,0,0,0,0,0
MTP926RYBXLR,0.0,8.0,8,8,0,0,0,0,0,0
MTP926RYBXLR579,0.0,1.0,1,1,0,0,0,0,0,0
MTP927ASH2XL559,50.0,22.0,72,54,16,2,18,8,7,3
MTP927ASHLAR559,46.0,20.0,66,52,14,0,14,7,5,2
MTP927ASHMED559,71.0,31.0,102,69,22,11,33,16,13,4
MTP927ASHXLR559,55.0,23.0,78,58,17,3,20,9,8,3
MTP927BLK2XL,0.0,3.0,3,3,0,0,0,0,0,0
MTP927BLK2XL559,38.0,16.0,54,46,8,0,8,4,3,1
MTP927BLKLAR,0.0,4.0,4,4,0,0,0,0,0,0
MTP927BLKLAR559,13.0,29.0,42,36,0,6,6,3,2,1
MTP927BLKMED,0.0,3.0,3,3,0,0,0,0,0,0
MTP927BLKMED559,0.0,0.0,0,0,0,0,0,0,0,0
MTP927BLKXLR,6.0,17.0,23,23,0,0,0,0,0,0
MTP927BLKXLR559,84.0,36.0,120,78,26,16,42,20,16,6
MTP927GFT2XL,0.0,2.0,2,2,0,0,0,0,0,0
MTP927GFT2XL559,34.0,44.0,78,63,4,11,15,7,6,2
MTP927GFTLAR,0.0,6.0,6,6,0,0,0,0,0,0
MTP927GFTLAR559,0.0,0.0,0,0,0,0,0,0,0,0
MTP927GFTMED,0.0,9.0,9,9,0,0,0,0,0,0
MTP927GFTMED559,0.0,0.0,0,0,0,0,0,0,0,0
MTP927GFTXLR,0.0,0.0,0,0,0,0,0,0,0,0
MTP927GFTXLR559,84.0,36.0,120,78,26,16,42,20,16,6
MTP927MNB2XL559,29.0,13.0,42,42,0,0,0,0,0,0
MTP927MNBLAR559,63.0,27.0,90,64,19,7,26,12,10,4
MTP927MNBMED559,55.0,47.0,102,65,22,15,37,17,14,6
MTP927MNBXLR559,67.0,23.0,90,68,19,3,22,10,9,3
MTP927NYB2XL,0.0,0.0,0,0,0,0,0,0,0,0
MTP927NYB2XL559,25.0,53.0,78,67,0,11,11,5,4,2
MTP927NYBLAR,0.0,0.0,0,0,0,0,0,0,0,0
MTP927NYBLAR559,3.0,14.0,17,17,0,0,0,0,0,0
MTP927NYBMED,0.0,1.0,1,1,0,0,0,0,0,0
MTP927NYBMED559,55.0,35.0,90,58,19,13,32,15,12,5
MTP927NYBXLR,0.0,2.0,2,2,0,0,0,0,0,0
MTP927NYBXLR559,42.0,16.0,58,46,12,0,12,6,5,1
MTP927OBR2XL559,50.0,22.0,72,54,16,2,18,8,7,3
MTP927OBRLAR559,0.0,0.0,0,0,0,0,0,0,0,0
MTP927OBRMED559,34.0,14.0,48,44,4,0,4,2,2,0
MTP927OBRXLR559,34.0,14.0,48,44,4,0,4,2,2,0
MTP927OFW2XL,0.0,14.0,14,14,0,0,0,0,0,0
MTP927OFWLAR,0.0,31.0,31,27,0,4,4,2,2,0
MTP927OFWMED,0.0,6.0,6,6,0,0,0,0,0,0
MTP927OFWXLR,0.0,34.0,34,29,0,5,5,2,2,1
MTP927RED2XL,0.0,12.0,12,12,0,0,0,0,0,0
MTP927REDLAR,0.0,7.0,7,7,0,0,0,0,0,0
MTP927REDMED,0.0,0.0,0,0,0,0,0,0,0,0
MTP927REDXLR,0.0,3.0,3,3,0,0,0,0,0,0
MTP927RYB2XL,0.0,11.0,11,11,0,0,0,0,0,0
MTP927RYBLAR,0.0,2.0,2,2,0,0,0,0,0,0
MTP927RYBMED,0.0,10.0,10,10,0,0,0,0,0,0
MTP927RYBXLR,27.0,11.0,38,38,0,0,0,0,0,0
MTP928BLK2XL,7.0,36.0,43,37,0,6,6,3,2,1
MTP928BLKLAR,11.0,61.0,72,62,0,10,10,5,4,1
MTP928BLKMED,7.0,40.0,47,40,0,7,7,3,3,1
MTP928BLKXLR,14.0,70.0,84,72,0,12,12,6,5,1
MTP928GFT2XL,0.0,8.0,8,8,0,0,0,0,0,0
MTP928GFTLAR,0.0,0.0,0,0,0,0,0,0,0,0
MTP928GFTMED,0.0,1.0,1,1,0,0,0,0,0,0
MTP928GFTXLR,0.0,12.0,12,12,0,0,0,0,0,0
MTP928NYB2XL,0.0,3.0,3,3,0,0,0,0,0,0
MTP928NYBLAR,0.0,0.0,0,0,0,0,0,0,0,0
MTP928NYBMED,0.0,3.0,3,3,0,0,0,0,0,0
MTP928NYBXLR,0.0,1.0,1,1,0,0,0,0,0,0
MTP928OFW2XL,7.0,44.0,51,44,0,7,7,3,3,1
MTP928OFWLAR,13.0,67.0,80,68,0,12,12,6,5,1
MTP928OFWMED,10.0,40.0,50,43,0,7,7,3,3,1
MTP928OFWXLR,13.0,72.0,85,73,0,12,12,6,5,1
MTP928RED2XL,6.0,42.0,48,41,0,7,7,3,3,1
MTP928REDLAR,10.0,61.0,71,61,0,10,10,5,4,1
MTP928REDMED,10.0,44.0,54,46,0,8,8,4,3,1
MTP928REDXLR,12.0,69.0,81,69,0,12,12,6,5,1
MTP928RYB2XL,3.0,17.0,20,20,0,0,0,0,0,0
MTP928RYBLAR,0.0,2.0,2,2,0,0,0,0,0,0
MTP928RYBMED,0.0,11.0,11,11,0,0,0,0,0,0
MTP928RYBXLR,0.0,8.0,8,8,0,0,0,0,0,0
MTP933GFTXLR,0.0,1.0,1,1,0,0,0,0,0,0
MTP937BLK2XL,0.0,1.0,1,1,0,0,0,0,0,0
MTP937BLKSML,0.0,1.0,1,1,0,0,0,0,0,0
MTP937BLKXLR,0.0,0.0,0,0,0,0,0,0,0,0
MTP937OBR2XL,0.0,1.0,1,1,0,0,0,0,0,0
MTP937OBRMED,0.0,1.0,1,1,0,0,0,0,0,0
MTP937OBRSML,0.0,0.0,0,0,0,0,0,0,0,0
MTP937OBRXLR,0.0,1.0,1,1,0,0,0,0,0,0
MTP937OGY2XL,0.0,2.0,2,2,0,0,0,0,0,0
MTP937OGYLAR,0.0,0.0,0,0,0,0,0,0,0,0
MTP937OGYMED,0.0,0.0,0,0,0,0,0,0,0,0
MTP937OGYXLR,0.0,1.0,1,1,0,0,0,0,0,0
MTP937TRN2XL,0.0,2.0,2,2,0,0,0,0,0,0
MTP937TRNMED,0.0,0.0,0,0,0,0,0,0,0,0
MTP937TRNSML,0.0,0.0,0,0,0,0,0,0,0,0
MTP937TRNXLR,0.0,0.0,0,0,0,0,0,0,0,0
MTP937UGY2XL,0.0,3.0,3,3,0,0,0,0,0,0
MTP937UGYLAR,0.0,2.0,2,2,0,0,0,0,0,0
MTP937UGYMED,0.0,0.0,0,0,0,0,0,0,0,0
MTP937UGYSML,0.0,2.0,2,2,0,0,0,0,0,0
MTP937UGYXLR,0.0,1.0,1,1,0,0,0,0,0,0
MTP937VIO2XL,0.0,2.0,2,2,0,0,0,0,0,0
MTP937VIOLAR,0.0,9.0,9,9,0,0,0,0,0,0
MTP937VIOMED,0.0,2.0,2,2,0,0,0,0,0,0
MTP937VIOSML,0.0,1.0,1,1,0,0,0,0,0,0
MTP937VIOXLR,4.0,12.0,16,16,0,0,0,0,0,0
MTP938MSA2XL,0.0,0.0,0,0,0,0,0,0,0,0
MTP938MSALAR,0.0,0.0,0,0,0,0,0,0,0,0
MTP938MSAMED,0.0,0.0,0,0,0,0,0,0,0,0
MTP938MSAXLR,0.0,0.0,0,0,0,0,0,0,0,0
MTP938OGY2XL,0.0,0.0,0,0,0,0,0,0,0,0
MTP938OGYLAR,0.0,0.0,0,0,0,0,0,0,0,0
MTP938OGYMED,0.0,0.0,0,0,0,0,0,0,0,0
MTP938OGYXLR,0.0,0.0,0,0,0,0,0,0,0,0
MTP938TRN2XL,0.0,0.0,0,0,0,0,0,0,0,0
MTP938TRNLAR,0.0,0.0,0,0,0,0,0,0,0,0
MTP938TRNXLR,0.0,1.0,1,1,0,0,0,0,0,0
MTP938UGY2XL,23.0,10.0,33,33,0,0,0,0,0,0
MTP938UGYLAR,40.0,16.0,56,46,10,0,10,5,4,1
MTP938UGYMED,27.0,11.0,38,38,0,0,0,0,0,0
MTP938UGYXLR,33.0,10.0,43,40,3,0,3,1,1,1
MTP938VIO2XL,12.0,11.0,23,23,0,0,0,0,0,0
MTP938VIOLAR,27.0,10.0,37,37,0,0,0,0,0,0
MTP938VIOMED,0.0,11.0,11,11,0,0,0,0,0,0
MTP938VIOXLR,34.0,10.0,44,40,4,0,4,2,2,0
MTP938WLG2XL,0.0,36.0,36,31,0,5,5,2,2,1
MTP938WLGLAR,0.0,0.0,0,0,0,0,0,0,0,0
MTP938WLGMED,0.0,0.0,0,0,0,0,0,0,0,0
MTP938WLGXLR,0.0,1.0,1,1,0,0,0,0,0,0
MTP940AGY2XL,0.0,8.0,8,8,0,0,0,0,0,0
MTP940AGYLAR,0.0,6.0,6,6,0,0,0,0,0,0
MTP940AGYLAR529,28.0,16.0,44,44,0,0,0,0,0,0
MTP940AGYMED,0.0,3.0,3,3,0,0,0,0,0,0
MTP940AGYMED529,49.0,15.0,64,50,14,0,14,7,5,2
MTP940AGYXLR,0.0,2.0,2,2,0,0,0,0,0,0
MTP940AGYXLR529,65.0,16.0,81,64,17,0,17,8,7,2
MTP940BLK2XL,0.0,1.0,1,1,0,0,0,0,0,0
MTP940BLKLAR,0.0,0.0,0,0,0,0,0,0,0,0
MTP940BLKLAR529,66.0,19.0,85,66,19,0,19,9,7,3
MTP940BLKMED,0.0,2.0,2,2,0,0,0,0,0,0
MTP940BLKMED529,24.0,16.0,40,40,0,0,0,0,0,0
MTP940BLKXLR,0.0,5.0,5,5,0,0,0,0,0,0
MTP940BLKXLR529,35.0,10.0,45,40,5,0,5,2,2,1
MTP940CFK2XL,0.0,3.0,3,3,0,0,0,0,0,0
MTP940CFKLAR,0.0,6.0,6,6,0,0,0,0,0,0
MTP940CFKLAR529,31.0,10.0,41,40,1,0,1,0,0,1
MTP940CFKMED,0.0,6.0,6,6,0,0,0,0,0,0
MTP940CFKMED529,36.0,13.0,49,43,6,0,6,3,2,1
MTP940CFKXLR,0.0,3.0,3,3,0,0,0,0,0,0
MTP940CFKXLR529,39.0,16.0,55,46,9,0,9,4,4,1
MTP940GFT2XL,0.0,3.0,3,3,0,0,0,0,0,0
MTP940GFTLAR,0.0,5.0,5,5,0,0,0,0,0,0
MTP940GFTLAR529,26.0,11.0,37,37,0,0,0,0,0,0
MTP940GFTMED,0.0,2.0,2,2,0,0,0,0,0,0
MTP940GFTMED529,60.0,13.0,73,57,16,0,16,8,6,2
MTP940GFTXLR,0.0,8.0,8,8,0,0,0,0,0,0
MTP940GFTXLR529,34.0,19.0,53,49,4,0,4,2,2,0
MTP940MNB2XL,0.0,4.0,4,4,0,0,0,0,0,0
MTP940MNBLAR,0.0,4.0,4,4,0,0,0,0,0,0
MTP940MNBLAR529,20.0,13.0,33,33,0,0,0,0,0,0
MTP940MNBMED,0.0,1.0,1,1,0,0,0,0,0,0
MTP940MNBMED529,35.0,15.0,50,45,5,0,5,2,2,1
MTP940MNBXLR,0.0,1.0,1,1,0,0,0,0,0,0
MTP940MNBXLR529,30.0,18.0,48,48,0,0,0,0,0,0
MTP940YLW2XL,0.0,4.0,4,4,0,0,0,0,0,0
MTP940YLWLAR,0.0,2.0,2,2,0,0,0,0,0,0
MTP940YLWLAR529,33.0,13.0,46,43,3,0,3,1,1,1
MTP940YLWMED,0.0,5.0,5,5,0,0,0,0,0,0
MTP940YLWMED529,57.0,10.0,67,53,14,0,14,7,5,2
MTP940YLWXLR529,59.0,11.0,70,55,15,0,15,7,6,2
MTP945ASHLAR,0.0,0.0,0,0,0,0,0,0,0,0
MTP945ASHMED,0.0,12.0,12,12,0,0,0,0,0,0
MTP945ASHSML,0.0,7.0,7,7,0,0,0,0,0,0
MTP945ASHXLR,0.0,4.0,4,4,0,0,0,0,0,0
MTP945CFKLAR,0.0,0.0,0,0,0,0,0,0,0,0
MTP945CFKMED,0.0,0.0,0,0,0,0,0,0,0,0
MTP945CFKSML,0.0,7.0,7,7,0,0,0,0,0,0
MTP945CFKXLR,0.0,0.0,0,0,0,0,0,0,0,0
MTP945MNB2XL,0.0,5.0,5,5,0,0,0,0,0,0
MTP945MNBLAR,0.0,2.0,2,2,0,0,0,0,0,0
MTP945MNBMED,0.0,10.0,10,10,0,0,0,0,0,0
MTP945MNBSML,0.0,0.0,0,0,0,0,0,0,0,0
MTP945MNBXLR,0.0,9.0,9,9,0,0,0,0,0,0
MTP945TELLAR,0.0,0.0,0,0,0,0,0,0,0,0
MTP945TELMED,0.0,6.0,6,6,0,0,0,0,0,0
MTP945TELSML,0.0,3.0,3,3,0,0,0,0,0,0
MTP945TELXLR,0.0,0.0,0,0,0,0,0,0,0,0
MTP945WLG2XL,0.0,0.0,0,0,0,0,0,0,0,0
MTP945WLGLAR,0.0,0.0,0,0,0,0,0,0,0,0
MTP945WLGMED,14.0,15.0,29,29,0,0,0,0,0,0
MTP945WLGSML,0.0,1.0,1,1,0,0,0,0,0,0
MTP945WLGXLR,0.0,5.0,5,5,0,0,0,0,0,0
MTP945YLW2XL,0.0,0.0,0,0,0,0,0,0,0,0
MTP945YLWLAR,0.0,0.0,0,0,0,0,0,0,0,0
MTP945YLWMED,0.0,2.0,2,2,0,0,0,0,0,0
MTP945YLWSML,0.0,9.0,9,9,0,0,0,0,0,0
MTP945YLWXLR,0.0,0.0,0,0,0,0,0,0,0,0
MTP946ASH2XL,0.0,1.0,1,1,0,0,0,0,0,0
MTP946ASH2XL459,0.0,8.0,8,8,0,0,0,0,0,0
MTP946ASHLAR,0.0,9.0,9,9,0,0,0,0,0,0
MTP946ASHLAR459,0.0,8.0,8,8,0,0,0,0,0,0
MTP946ASHMED,0.0,13.0,13,13,0,0,0,0,0,0
MTP946ASHMED459,13.0,20.0,33,33,0,0,0,0,0,0
MTP946ASHSML,10.0,17.0,27,27,0,0,0,0,0,0
MTP946ASHXLR,0.0,14.0,14,14,0,0,0,0,0,0
MTP946ASHXLR459,0.0,0.0,0,0,0,0,0,0,0,0
MTP946CFK2XL,0.0,1.0,1,1,0,0,0,0,0,0
MTP946CFK2XL459,0.0,0.0,0,0,0,0,0,0,0,0
MTP946CFKLAR,0.0,2.0,2,2,0,0,0,0,0,0
MTP946CFKLAR459,0.0,0.0,0,0,0,0,0,0,0,0
MTP946CFKMED,16.0,11.0,27,27,0,0,0,0,0,0
MTP946CFKMED459,15.0,15.0,30,30,0,0,0,0,0,0
MTP946CFKSML,46.0,18.0,64,50,14,0,14,7,5,2
MTP946CFKXLR,0.0,29.0,29,25,0,4,4,2,2,0
MTP946CFKXLR459,0.0,0.0,0,0,0,0,0,0,0,0
MTP946MNB2XL,0.0,1.0,1,1,0,0,0,0,0,0
MTP946MNB2XL459,0.0,0.0,0,0,0,0,0,0,0,0
MTP946MNBLAR,0.0,0.0,0,0,0,0,0,0,0,0
MTP946MNBLAR459,0.0,0.0,0,0,0,0,0,0,0,0
MTP946MNBMED,0.0,10.0,10,10,0,0,0,0,0,0
MTP946MNBMED459,0.0,7.0,7,7,0,0,0,0,0,0
MTP946MNBSML,0.0,10.0,10,10,0,0,0,0,0,0
MTP946MNBXLR,0.0,0.0,0,0,0,0,0,0,0,0
MTP946MNBXLR459,0.0,7.0,7,7,0,0,0,0,0,0
MTP946TEL2XL,0.0,9.0,9,9,0,0,0,0,0,0
MTP946TEL2XL459,0.0,5.0,5,5,0,0,0,0,0,0
MTP946TELLAR,0.0,6.0,6,6,0,0,0,0,0,0
MTP946TELLAR459,0.0,6.0,6,6,0,0,0,0,0,0
MTP946TELMED,0.0,16.0,16,16,0,0,0,0,0,0
MTP946TELMED459,11.0,13.0,24,24,0,0,0,0,0,0
MTP946TELSML,27.0,16.0,43,43,0,0,0,0,0,0
MTP946TELXLR,0.0,1.0,1,1,0,0,0,0,0,0
MTP946TELXLR459,4.0,17.0,21,21,0,0,0,0,0,0
MTP946WLG2XL,0.0,0.0,0,0,0,0,0,0,0,0
MTP946WLG2XL459,4.0,12.0,16,16,0,0,0,0,0,0
MTP946WLGLAR,0.0,15.0,15,15,0,0,0,0,0,0
MTP946WLGLAR459,0.0,0.0,0,0,0,0,0,0,0,0
MTP946WLGMED,0.0,7.0,7,7,0,0,0,0,0,0
MTP946WLGMED459,11.0,17.0,28,28,0,0,0,0,0,0
MTP946WLGSML,18.0,17.0,35,35,0,0,0,0,0,0
MTP946WLGXLR,0.0,0.0,0,0,0,0,0,0,0,0
MTP946WLGXLR459,1.0,10.0,11,11,0,0,0,0,0,0
MTP946YLW2XL,0.0,6.0,6,6,0,0,0,0,0,0
MTP946YLW2XL459,0.0,0.0,0,0,0,0,0,0,0,0
MTP946YLWLAR,0.0,0.0,0,0,0,0,0,0,0,0
MTP946YLWLAR459,0.0,0.0,0,0,0,0,0,0,0,0
MTP946YLWMED,0.0,5.0,5,5,0,0,0,0,0,0
MTP946YLWMED459,3.0,18.0,21,21,0,0,0,0,0,0
MTP946YLWSML,11.0,12.0,23,23,0,0,0,0,0,0
MTP946YLWXLR,0.0,6.0,6,6,0,0,0,0,0,0
MTP946YLWXLR459,0.0,3.0,3,3,0,0,0,0,0,0
MTP947ASH2XL,29.0,19.0,48,48,0,0,0,0,0,0
MTP947ASHLAR,15.0,11.0,26,26,0,0,0,0,0,0
MTP947ASHMED,83.0,37.0,120,77,26,17,43,20,17,6
MTP947ASHXLR,5.0,10.0,15,15,0,0,0,0,0,0
MTP947CFK2XL,13.0,11.0,24,24,0,0,0,0,0,0
MTP947CFKLAR,0.0,10.0,10,10,0,0,0,0,0,0
MTP947CFKMED,52.0,12.0,64,50,14,0,14,7,5,2
MTP947CFKXLR,0.0,7.0,7,7,0,0,0,0,0,0
MTP947MNB2XL,28.0,20.0,48,48,0,0,0,0,0,0
MTP947MNBLAR,0.0,12.0,12,12,0,0,0,0,0,0
MTP947MNBMED,71.0,22.0,93,71,20,2,22,10,9,3
MTP947MNBXLR,0.0,0.0,0,0,0,0,0,0,0,0
MTP947TEL2XL,29.0,19.0,48,48,0,0,0,0,0,0
MTP947TELLAR,0.0,10.0,10,10,0,0,0,0,0,0
MTP947TELMED,59.0,38.0,97,62,21,14,35,17,14,4
MTP947TELSML,21.0,17.0,38,38,0,0,0,0,0,0
MTP947TELXLR,0.0,8.0,8,8,0,0,0,0,0,0
MTP947WLG2XL,0.0,11.0,11,11,0,0,0,0,0,0
MTP947WLGLAR,0.0,25.0,25,21,0,4,4,2,2,0
MTP947WLGMED,0.0,58.0,58,50,0,8,8,4,3,1
MTP947WLGSML,0.0,0.0,0,0,0,0,0,0,0,0
MTP947WLGXLR,0.0,20.0,20,20,0,0,0,0,0,0
MTP947YLW2XL,0.0,7.0,7,7,0,0,0,0,0,0
MTP947YLWLAR,0.0,1.0,1,1,0,0,0,0,0,0
MTP947YLWMED,0.0,60.0,60,51,0,9,9,4,4,1
MTP947YLWXLR,0.0,3.0,3,3,0,0,0,0,0,0
MTP949ASH2XL,0.0,0.0,0,0,0,0,0,0,0,0
MTP949ASHLAR,0.0,1.0,1,1,0,0,0,0,0,0
MTP949ASHMED,0.0,0.0,0,0,0,0,0,0,0,0
MTP949ASHSML,0.0,60.0,60,51,0,9,9,4,4,1
MTP949ASHXLR,0.0,0.0,0,0,0,0,0,0,0,0
MTP949CFKMED,0.0,13.0,13,13,0,0,0,0,0,0
MTP949CFKSML,0.0,34.0,34,29,0,5,5,2,2,1
MTP949CFKXLR,0.0,0.0,0,0,0,0,0,0,0,0
MTP949MNB2XL,0.0,1.0,1,1,0,0,0,0,0,0
MTP949MNBMED,0.0,4.0,4,4,0,0,0,0,0,0
MTP949MNBSML,0.0,49.0,49,42,0,7,7,3,3,1
MTP949MNBXLR,0.0,0.0,0,0,0,0,0,0,0,0
MTP949TEL2XL,0.0,0.0,0,0,0,0,0,0,0,0
MTP949TELLAR,0.0,0.0,0,0,0,0,0,0,0,0
MTP949TELMED,0.0,16.0,16,16,0,0,0,0,0,0
MTP949TELSML,0.0,65.0,65,56,0,9,9,4,4,1
MTP949TELXLR,0.0,0.0,0,0,0,0,0,0,0,0
MTP949WLG2XL,0.0,0.0,0,0,0,0,0,0,0,0
MTP949WLGMED,0.0,0.0,0,0,0,0,0,0,0,0
MTP949WLGSML,0.0,28.0,28,24,0,4,4,2,2,0
MTP949YLW2XL,0.0,0.0,0,0,0,0,0,0,0,0
MTP949YLWLAR,0.0,0.0,0,0,0,0,0,0,0,0
MTP949YLWMED,0.0,31.0,31,27,0,4,4,2,2,0
MTP949YLWSML,0.0,42.0,42,36,0,6,6,3,2,1
MTP949YLWXLR,0.0,0.0,0,0,0,0,0,0,0,0
MTP950ASH2XL,5.0,11.0,16,16,0,0,0,0,0,0
MTP950ASHLAR,0.0,3.0,3,3,0,0,0,0,0,0
MTP950ASHMED,30.0,13.0,43,43,0,0,0,0,0,0
MTP950ASHXLR,26.0,12.0,38,38,0,0,0,0,0,0
MTP950CFK2XL,0.0,11.0,11,11,0,0,0,0,0,0
MTP950CFKLAR,0.0,0.0,0,0,0,0,0,0,0,0
MTP950CFKMED,0.0,27.0,27,23,0,4,4,2,2,0
MTP950CFKXLR,0.0,3.0,3,3,0,0,0,0,0,0
MTP950MNB2XL,1.0,14.0,15,15,0,0,0,0,0,0
MTP950MNBLAR,0.0,5.0,5,5,0,0,0,0,0,0
MTP950MNBMED,18.0,22.0,40,38,0,2,2,1,1,0
MTP950MNBXLR,0.0,12.0,12,12,0,0,0,0,0,0
MTP950TEL2XL,1.0,14.0,15,15,0,0,0,0,0,0
MTP950TELLAR,0.0,10.0,10,10,0,0,0,0,0,0
MTP950TELMED,14.0,11.0,25,25,0,0,0,0,0,0
MTP950TELXLR,0.0,12.0,12,12,0,0,0,0,0,0
MTP950WLG2XL,0.0,0.0,0,0,0,0,0,0,0,0
MTP950WLGLAR,0.0,0.0,0,0,0,0,0,0,0,0
MTP950WLGMED,0.0,34.0,34,29,0,5,5,2,2,1
MTP950WLGXLR,0.0,21.0,21,20,0,1,1,0,0,1
MTP950YLW2XL,4.0,12.0,16,16,0,0,0,0,0,0
MTP950YLWLAR,0.0,9.0,9,9,0,0,0,0,0,0
MTP950YLWMED,0.0,4.0,4,4,0,0,0,0,0,0
MTP950YLWXLR,13.0,11.0,24,24,0,0,0,0,0,0
MTP951ASH2XL,0.0,0.0,0,0,0,0,0,0,0,0
MTP951ASHMED,0.0,0.0,0,0,0,0,0,0,0,0
MTP951ASHSML,0.0,38.0,38,32,0,6,6,3,2,1
MTP951CFKLAR,0.0,0.0,0,0,0,0,0,0,0,0
MTP951CFKMED,0.0,0.0,0,0,0,0,0,0,0,0
MTP951CFKSML,0.0,28.0,28,24,0,4,4,2,2,0
MTP951CFKXLR,0.0,0.0,0,0,0,0,0,0,0,0
MTP951MNBLAR,0.0,0.0,0,0,0,0,0,0,0,0
MTP951MNBMED,0.0,0.0,0,0,0,0,0,0,0,0
MTP951MNBSML,0.0,25.0,25,21,0,4,4,2,2,0
MTP951TEL2XL,0.0,0.0,0,0,0,0,0,0,0,0
MTP951TELLAR,0.0,0.0,0,0,0,0,0,0,0,0
MTP951TELMED,0.0,0.0,0,0,0,0,0,0,0,0
MTP951TELSML,0.0,2.0,2,2,0,0,0,0,0,0
MTP951TELXLR,0.0,0.0,0,0,0,0,0,0,0,0
MTP951WLG2XL,0.0,0.0,0,0,0,0,0,0,0,0
MTP951WLGLAR,0.0,0.0,0,0,0,0,0,0,0,0
MTP951WLGMED,0.0,0.0,0,0,0,0,0,0,0,0
MTP951WLGSML,0.0,37.0,37,32,0,5,5,2,2,1
MTP951WLGXLR,0.0,0.0,0,0,0,0,0,0,0,0
MTP951YLW2XL,0.0,0.0,0,0,0,0,0,0,0,0
MTP951YLWSML,0.0,0.0,0,0,0,0,0,0,0,0
MTP951YLWXLR,0.0,0.0,0,0,0,0,0,0,0,0
MTP956BLK2XL749,71.0,31.0,102,69,22,11,33,16,13,4
MTP956BLKLAR749,167.0,72.0,239,153,52,34,86,41,33,12
MTP956BLKMED749,130.0,56.0,186,119,40,27,67,32,26,9
MTP956BLKXLR749,164.0,70.0,234,150,50,34,84,40,33,11
MTP956CFK2XL749,50.0,22.0,72,54,16,2,18,8,7,3
MTP956CFKLAR749,68.0,101.0,169,108,37,24,61,29,24,8
MTP956CFKMED749,25.0,155.0,180,154,0,26,26,12,10,4
MTP956CFKXLR749,113.0,121.0,234,150,50,34,84,40,33,11
MTP956MNB2XL749,21.0,81.0,102,87,0,15,15,7,6,2
MTP956MNBLAR749,151.0,89.0,240,154,52,34,86,41,33,12
MTP956MNBMED749,130.0,56.0,186,119,40,27,67,32,26,9
MTP956MNBXLR749,152.0,83.0,235,150,51,34,85,40,33,12
MTP956MTG2XL749,71.0,31.0,102,69,22,11,33,16,13,4
MTP956MTGLAR749,101.0,139.0,240,154,52,34,86,41,33,12
MTP956MTGMED749,80.0,106.0,186,119,40,27,67,32,26,9
MTP956MTGXLR749,101.0,133.0,234,150,50,34,84,40,33,11
MTP956SKO2XL749,71.0,31.0,102,69,22,11,33,16,13,4
MTP956SKOLAR749,101.0,115.0,216,138,47,31,78,37,30,11
MTP956SKOMED749,130.0,56.0,186,119,40,27,67,32,26,9
MTP956SKOXLR749,50.0,94.0,144,103,20,21,41,19,16,6
MTP956TEL2XL749,71.0,31.0,102,69,22,11,33,16,13,4
MTP956TELLAR749,151.0,89.0,240,154,52,34,86,41,33,12
MTP956TELMED749,130.0,56.0,186,119,40,27,67,32,26,9
MTP956TELXLR749,151.0,83.0,234,150,50,34,84,40,33,11
MTP961ASH2XL,3.0,22.0,25,23,0,2,2,1,1,0
MTP961ASHLAR,103.0,94.0,197,126,43,28,71,34,28,9
MTP961ASHMED,109.0,60.0,169,108,37,24,61,29,24,8
MTP961ASHXLR,40.0,72.0,112,86,10,16,26,12,10,4
MTP961BLK2XL,0.0,13.0,13,13,0,0,0,0,0,0
MTP961BLKLAR,62.0,66.0,128,82,28,18,46,22,18,6
MTP961BLKMED,85.0,65.0,150,96,32,22,54,26,21,7
MTP961BLKXLR,34.0,42.0,76,61,4,11,15,7,6,2
MTP961HBE2XL,7.0,20.0,27,27,0,0,0,0,0,0
MTP961HBELAR,118.0,102.0,220,141,47,32,79,37,31,11
MTP961HBEMED,115.0,58.0,173,111,37,25,62,29,24,9
MTP961HBEXLR,62.0,51.0,113,72,25,16,41,19,16,6
MTP961MON2XL,15.0,36.0,51,44,0,7,7,3,3,1
MTP961MONLAR,113.0,108.0,221,141,48,32,80,38,31,11
MTP961MONMED,111.0,70.0,181,116,39,26,65,31,25,9
MTP961MONXLR,58.0,63.0,121,77,26,18,44,21,17,6
MTP961OBR2XL,0.0,22.0,22,20,0,2,2,1,1,0
MTP961OBRLAR,106.0,95.0,201,129,43,29,72,34,28,10
MTP961OBRMED,103.0,60.0,163,104,35,24,59,28,23,8
MTP961OBRXLR,53.0,50.0,103,66,22,15,37,17,14,6
MTP961TEL2XL,0.0,37.0,37,32,0,5,5,2,2,1
MTP961TELLAR,118.0,105.0,223,143,48,32,80,38,31,11
MTP961TELMED,115.0,72.0,187,120,40,27,67,32,26,9
MTP961TELXLR,57.0,80.0,137,90,27,20,47,22,18,7
MTP965BLK2XL,0.0,0.0,0,0,0,0,0,0,0,0
MTP965BLKLAR,0.0,2.0,2,2,0,0,0,0,0,0
MTP965BLKMED,27.0,11.0,38,38,0,0,0,0,0,0
MTP965BLKXLR,0.0,2.0,2,2,0,0,0,0,0,0
MTP965BTD2XL,0.0,1.0,1,1,0,0,0,0,0,0
MTP965BTDLAR,0.0,4.0,4,4,0,0,0,0,0,0
MTP965BTDMED,14.0,18.0,32,32,0,0,0,0,0,0
MTP965BTDSML,35.0,12.0,47,42,5,0,5,2,2,1
MTP965BTDXLR,0.0,3.0,3,3,0,0,0,0,0,0
MTP965DRD2XL,6.0,17.0,23,23,0,0,0,0,0,0
MTP965DRDLAR,29.0,28.0,57,49,0,8,8,4,3,1
MTP965DRDMED,46.0,53.0,99,69,16,14,30,14,12,4
MTP965DRDSML,62.0,28.0,90,63,19,8,27,13,10,4
MTP965DRDXLR,35.0,14.0,49,44,5,0,5,2,2,1
MTP965IRG2XL,11.0,14.0,25,25,0,0,0,0,0,0
MTP965IRGLAR,0.0,6.0,6,6,0,0,0,0,0,0
MTP965IRGMED,58.0,10.0,68,54,14,0,14,7,5,2
MTP965IRGSML,30.0,10.0,40,40,0,0,0,0,0,0
MTP965IRGXLR,37.0,13.0,50,43,7,0,7,3,3,1
MTP965LGN2XL,0.0,1.0,1,1,0,0,0,0,0,0
MTP965LGNLAR,0.0,0.0,0,0,0,0,0,0,0,0
MTP965LGNMED,0.0,9.0,9,9,0,0,0,0,0,0
MTP965LGNSML,43.0,16.0,59,46,13,0,13,6,5,2
MTP965LGNXLR,0.0,0.0,0,0,0,0,0,0,0,0
MTP965LTN2XL,0.0,4.0,4,4,0,0,0,0,0,0
MTP965LTNLAR,0.0,12.0,12,12,0,0,0,0,0,0
MTP965LTNMED,36.0,13.0,49,43,6,0,6,3,2,1
MTP965LTNSML,27.0,16.0,43,43,0,0,0,0,0,0
MTP965LTNXLR,1.0,17.0,18,18,0,0,0,0,0,0
MTP965MBN2XL,0.0,9.0,9,9,0,0,0,0,0,0
MTP965MBNLAR,0.0,2.0,2,2,0,0,0,0,0,0
MTP965MBNMED,40.0,19.0,59,49,10,0,10,5,4,1
MTP965MBNSML,35.0,15.0,50,45,5,0,5,2,2,1
MTP965MBNXLR,9.0,13.0,22,22,0,0,0,0,0,0
MTP965NYB2XL,0.0,11.0,11,11,0,0,0,0,0,0
MTP965NYBLAR,1.0,10.0,11,11,0,0,0,0,0,0
MTP965NYBMED,100.0,15.0,115,90,25,0,25,12,10,3
MTP965NYBSML,60.0,22.0,82,62,18,2,20,9,8,3
MTP965NYBXLR,31.0,12.0,43,42,1,0,1,0,0,1
MTP966ASHLAR,0.0,0.0,0,0,0,0,0,0,0,0
MTP966ASHMED,0.0,23.0,23,20,0,3,3,1,1,1
MTP966ASHXLR,0.0,0.0,0,0,0,0,0,0,0,0
MTP966BLK2XL,0.0,0.0,0,0,0,0,0,0,0,0
MTP966BLKLAR,0.0,0.0,0,0,0,0,0,0,0,0
MTP966BLKMED,0.0,2.0,2,2,0,0,0,0,0,0
MTP966BLKXLR,0.0,0.0,0,0,0,0,0,0,0,0
MTP966GFT2XL,0.0,0.0,0,0,0,0,0,0,0,0
MTP966GFTLAR,0.0,0.0,0,0,0,0,0,0,0,0
MTP966GFTMED,0.0,0.0,0,0,0,0,0,0,0,0
MTP966GFTXLR,0.0,1.0,1,1,0,0,0,0,0,0
MTP966KHI2XL,0.0,5.0,5,5,0,0,0,0,0,0
MTP966KHILAR,0.0,0.0,0,0,0,0,0,0,0,0
MTP966KHIMED,0.0,5.0,5,5,0,0,0,0,0,0
MTP966KHIXLR,13.0,10.0,23,23,0,0,0,0,0,0
MTP966MNB2XL,0.0,5.0,5,5,0,0,0,0,0,0
MTP966MNBLAR,0.0,0.0,0,0,0,0,0,0,0,0
MTP966MNBMED,0.0,23.0,23,20,0,3,3,1,1,1
MTP966MNBXLR,0.0,12.0,12,12,0,0,0,0,0,0
MTP966OBR2XL,0.0,9.0,9,9,0,0,0,0,0,0
MTP966OBRLAR,0.0,2.0,2,2,0,0,0,0,0,0
MTP966OBRMED,0.0,36.0,36,31,0,5,5,2,2,1
MTP966OBRXLR,0.0,41.0,41,35,0,6,6,3,2,1
MTP969AGY2XL649,0.0,39.0,39,33,0,6,6,3,2,1
MTP969AGYLAR649,0.0,101.0,101,87,0,14,14,7,5,2
MTP969AGYMED649,0.0,139.0,139,119,0,20,20,9,8,3
MTP969AGYXLR649,0.0,59.0,59,51,0,8,8,4,3,1
MTP969BLK2XL649,0.0,31.0,31,27,0,4,4,2,2,0
MTP969BLKLAR649,0.0,87.0,87,75,0,12,12,6,5,1
MTP969BLKMED649,0.0,121.0,121,103,0,18,18,8,7,3
MTP969BLKXLR649,0.0,49.0,49,42,0,7,7,3,3,1
MTP969CHA2XL649,0.0,19.0,19,19,0,0,0,0,0,0
MTP969CHALAR649,0.0,58.0,58,50,0,8,8,4,3,1
MTP969CHAMED649,0.0,108.0,108,92,0,16,16,8,6,2
MTP969CHAXLR649,0.0,25.0,25,21,0,4,4,2,2,0
MTP969GFT2XL649,0.0,19.0,19,19,0,0,0,0,0,0
MTP969GFTLAR649,0.0,53.0,53,45,0,8,8,4,3,1
MTP969GFTMED649,0.0,99.0,99,85,0,14,14,7,5,2
MTP969GFTXLR649,0.0,25.0,25,21,0,4,4,2,2,0
MTP969LTG2XL649,15.0,19.0,34,34,0,0,0,0,0,0
MTP969LTGLAR649,72.0,58.0,130,83,28,19,47,22,18,7
MTP969LTGMED649,86.0,75.0,161,103,35,23,58,27,23,8
MTP969LTGXLR649,16.0,51.0,67,57,0,10,10,5,4,1
MTP969NYB2XL649,28.0,26.0,54,48,0,6,6,3,2,1
MTP969NYBLAR649,85.0,82.0,167,107,36,24,60,28,23,9
MTP969NYBMED649,113.0,75.0,188,120,41,27,68,32,26,10
MTP969NYBXLR649,40.0,61.0,101,77,10,14,24,11,9,4
MTP972AGY2XL,0.0,2.0,2,2,0,0,0,0,0,0
MTP972AGYLAR,28.0,18.0,46,46,0,0,0,0,0,0
MTP972AGYMED,23.0,25.0,48,43,0,5,5,2,2,1
MTP972AGYSML,0.0,8.0,8,8,0,0,0,0,0,0
MTP972AGYXLR,0.0,1.0,1,1,0,0,0,0,0,0
MTP972BLK2XL,0.0,0.0,0,0,0,0,0,0,0,0
MTP972BLKLAR,0.0,39.0,39,33,0,6,6,3,2,1
MTP972BLKMED,0.0,31.0,31,27,0,4,4,2,2,0
MTP972BLKSML,0.0,0.0,0,0,0,0,0,0,0,0
MTP972BLKXLR,0.0,0.0,0,0,0,0,0,0,0,0
MTP972CFK2XL,0.0,0.0,0,0,0,0,0,0,0,0
MTP972CFKLAR,40.0,11.0,51,41,10,0,10,5,4,1
MTP972CFKMED,28.0,14.0,42,42,0,0,0,0,0,0
MTP972CFKSML,0.0,11.0,11,11,0,0,0,0,0,0
MTP972CFKXLR,0.0,0.0,0,0,0,0,0,0,0,0
MTP972CHA2XL,0.0,4.0,4,4,0,0,0,0,0,0
MTP972CHALAR,13.0,10.0,23,23,0,0,0,0,0,0
MTP972CHAMED,31.0,10.0,41,40,1,0,1,0,0,1
MTP972CHASML,0.0,11.0,11,11,0,0,0,0,0,0
MTP972CHAXLR,0.0,0.0,0,0,0,0,0,0,0,0
MTP972MNB2XL,0.0,1.0,1,1,0,0,0,0,0,0
MTP972MNBLAR,87.0,14.0,101,79,22,0,22,10,9,3
MTP972MNBMED,59.0,10.0,69,54,15,0,15,7,6,2
MTP972MNBSML,0.0,6.0,6,6,0,0,0,0,0,0
MTP972MNBXLR,12.0,10.0,22,22,0,0,0,0,0,0
MTP972VIO2XL,0.0,5.0,5,5,0,0,0,0,0,0
MTP972VIOLAR,56.0,14.0,70,55,15,0,15,7,6,2
MTP972VIOMED,50.0,18.0,68,54,14,0,14,7,5,2
MTP972VIOSML,0.0,0.0,0,0,0,0,0,0,0,0
MTP972VIOXLR,19.0,10.0,29,29,0,0,0,0,0,0
MTP973BLK2XL559,30.0,22.0,52,50,0,2,2,1,1,0
MTP973BLKLAR559,18.0,16.0,34,34,0,0,0,0,0,0
MTP973BLKMED559,39.0,25.0,64,50,9,5,14,7,5,2
MTP973BLKXLR559,19.0,25.0,44,39,0,5,5,2,2,1
MTP973MNB2XL559,0.0,10.0,10,10,0,0,0,0,0,0
MTP973MNBLAR559,23.0,27.0,50,43,0,7,7,3,3,1
MTP973MNBMED559,18.0,16.0,34,34,0,0,0,0,0,0
MTP973MNBXLR559,44.0,36.0,80,54,14,12,26,12,10,4
MTP973NYB2XL559,30.0,22.0,52,50,0,2,2,1,1,0
MTP973NYBLAR559,23.0,27.0,50,43,0,7,7,3,3,1
MTP973NYBMED559,39.0,25.0,64,50,9,5,14,7,5,2
MTP973NYBXLR559,82.0,52.0,134,86,29,19,48,23,19,6
MTP973SKO2XL559,0.0,10.0,10,10,0,0,0,0,0,0
MTP973SKOLAR559,40.0,34.0,74,53,10,11,21,10,8,3
MTP973SKOMED559,22.0,18.0,40,40,0,0,0,0,0,0
MTP973SKOXLR559,19.0,25.0,44,39,0,5,5,2,2,1
MTP973TEL2XL559,0.0,11.0,11,11,0,0,0,0,0,0
MTP973TELLAR559,23.0,27.0,50,43,0,7,7,3,3,1
MTP973TELMED559,60.0,34.0,94,60,20,14,34,16,13,5
MTP973TELXLR559,2.0,18.0,20,20,0,0,0,0,0,0
MTP973YLW2XL559,29.0,12.0,41,41,0,0,0,0,0,0
MTP973YLWLAR559,0.0,1.0,1,1,0,0,0,0,0,0
MTP973YLWMED559,83.0,36.0,119,77,26,16,42,20,16,6
MTP973YLWXLR559,143.0,61.0,204,131,44,29,73,34,28,11
MTP975BLK2XL629,4.0,36.0,40,34,0,6,6,3,2,1
MTP975BLKLAR629,48.0,80.0,128,92,18,18,36,17,14,5
MTP975BLKMED629,102.0,82.0,184,118,40,26,66,31,26,9
MTP975BLKXLR629,51.0,80.0,131,91,21,19,40,19,16,5
MTP975CFK2XL629,3.0,31.0,34,29,0,5,5,2,2,1
MTP975CFKLAR629,45.0,68.0,113,82,15,16,31,15,12,4
MTP975CFKMED629,88.0,82.0,170,109,37,24,61,29,24,8
MTP975CFKXLR629,50.0,68.0,118,81,20,17,37,17,14,6
MTP975MNB2XL629,1.0,19.0,20,20,0,0,0,0,0,0
MTP975MNBLAR629,30.0,44.0,74,63,0,11,11,5,4,2
MTP975MNBMED629,65.0,82.0,147,94,32,21,53,25,21,7
MTP975MNBXLR629,40.0,44.0,84,62,10,12,22,10,9,3
MTP975NYB2XL629,0.0,20.0,20,20,0,0,0,0,0,0
MTP975NYBLAR629,26.0,43.0,69,59,0,10,10,5,4,1
MTP975NYBMED629,67.0,82.0,149,95,32,22,54,26,21,7
MTP975NYBXLR629,31.0,44.0,75,63,1,11,12,6,5,1
MTP975TEL2XL629,29.0,36.0,65,56,0,9,9,4,4,1
MTP975TELLAR629,85.0,80.0,165,106,35,24,59,28,23,8
MTP975TELMED629,129.0,83.0,212,136,46,30,76,36,30,10
MTP975TELXLR629,85.0,80.0,165,106,35,24,59,28,23,8
MTP975WHT2XL629,42.0,36.0,78,55,12,11,23,11,9,3
MTP975WHTLAR629,109.0,80.0,189,121,41,27,68,32,26,10
MTP975WHTMED629,146.0,82.0,228,146,49,33,82,39,32,11
MTP975WHTXLR629,108.0,80.0,188,120,41,27,68,32,26,10
MTP981BLK2XL001399,62.0,44.0,106,68,23,15,38,18,15,5
MTP981BLKLAR001399,72.0,46.0,118,76,25,17,42,20,16,6
MTP981BLKMED001399,183.0,96.0,279,179,60,40,100,47,39,14
MTP981BLKXLR001399,80.0,46.0,126,81,27,18,45,21,18,6
MTP981LTG2XL001399,2.0,56.0,58,50,0,8,8,4,3,1
MTP981LTGLAR001399,1.0,60.0,61,52,0,9,9,4,4,1
MTP981LTGMED001399,89.0,124.0,213,136,46,31,77,36,30,11
MTP981LTGXLR001399,2.0,60.0,62,53,0,9,9,4,4,1
MTP981MTG2XL001399,0.0,44.0,44,38,0,6,6,3,2,1
MTP981MTGLAR001399,0.0,35.0,35,30,0,5,5,2,2,1
MTP981MTGMED001399,0.0,209.0,209,179,0,30,30,14,12,4
MTP981MTGXLR001399,0.0,36.0,36,31,0,5,5,2,2,1
MTP981RED2XL001399,7.0,30.0,37,32,0,5,5,2,2,1
MTP981REDLAR001399,10.0,23.0,33,30,0,3,3,1,1,1
MTP981REDMED001399,92.0,102.0,194,124,42,28,70,33,27,10
MTP981REDXLR001399,12.0,22.0,34,32,0,2,2,1,1,0
MTP981SKY2XL001399,7.0,37.0,44,38,0,6,6,3,2,1
MTP981SKYLAR001399,6.0,32.0,38,32,0,6,6,3,2,1
MTP981SKYMED001399,112.0,102.0,214,137,46,31,77,36,30,11
MTP981SKYXLR001399,7.0,32.0,39,33,0,6,6,3,2,1
MTP981YLW2XL001399,80.0,43.0,123,79,26,18,44,21,17,6
MTP981YLWLAR001399,101.0,46.0,147,94,32,21,53,25,21,7
MTP981YLWMED001399,208.0,96.0,304,195,65,44,109,51,42,16
MTP981YLWXLR001399,104.0,46.0,150,96,32,22,54,26,21,7
MTP982BLE2XL469,20.0,28.0,48,41,0,7,7,3,3,1
MTP982BLELAR469,80.0,56.0,136,87,29,20,49,23,19,7
MTP982BLEMED469,133.0,59.0,192,123,41,28,69,33,27,9
MTP982BLEXLR469,83.0,56.0,139,89,30,20,50,24,19,7
MTP982BLK2XL469,7.0,23.0,30,27,0,3,3,1,1,1
MTP982BLKLAR469,54.0,45.0,99,63,22,14,36,17,14,5
MTP982BLKMED469,107.0,59.0,166,106,36,24,60,28,23,9
MTP982BLKXLR469,29.0,77.0,106,91,0,15,15,7,6,2
MTP982BRD2XL469,6.0,11.0,17,17,0,0,0,0,0,0
MTP982BRDLAR469,27.0,45.0,72,62,0,10,10,5,4,1
MTP982BRDMED469,87.0,59.0,146,93,32,21,53,25,21,7
MTP982BRDXLR469,26.0,45.0,71,61,0,10,10,5,4,1
MTP982BTE2XL469,0.0,16.0,16,16,0,0,0,0,0,0
MTP982BTELAR469,31.0,46.0,77,65,1,11,12,6,5,1
MTP982BTEMED469,89.0,59.0,148,95,32,21,53,25,21,7
MTP982BTEXLR469,34.0,45.0,79,64,4,11,15,7,6,2
MTP982LTG2XL469,39.0,29.0,68,50,9,9,18,8,7,3
MTP982LTGLAR469,105.0,56.0,161,103,35,23,58,27,23,8
MTP982LTGMED469,149.0,59.0,208,133,45,30,75,35,29,11
MTP982LTGXLR469,105.0,56.0,161,103,35,23,58,27,23,8
MTP982WHT2XL469,42.0,35.0,77,54,12,11,23,11,9,3
MTP982WHTLAR469,109.0,80.0,189,121,41,27,68,32,26,10
MTP982WHTMED469,147.0,82.0,229,147,49,33,82,39,32,11
MTP982WHTXLR469,109.0,81.0,190,122,41,27,68,32,26,10
MTP983BLK2XL569,2.0,78.0,80,68,0,12,12,6,5,1
MTP983BLKLAR569,107.0,87.0,194,124,42,28,70,33,27,10
MTP983BLKMED569,128.0,136.0,264,169,57,38,95,45,37,13
MTP983BLKXLR569,107.0,89.0,196,125,43,28,71,34,28,9
MTP983BRD2XL569,2.0,76.0,78,67,0,11,11,5,4,2
MTP983BRDLAR569,107.0,88.0,195,125,42,28,70,33,27,10
MTP983BRDMED569,128.0,136.0,264,169,57,38,95,45,37,13
MTP983BRDXLR569,107.0,88.0,195,125,42,28,70,33,27,10
MTP983BTE2XL569,4.0,77.0,81,69,0,12,12,6,5,1
MTP983BTELAR569,10.0,283.0,293,251,0,42,42,20,16,6
MTP983BTEMED569,30.0,236.0,266,228,0,38,38,18,15,5
MTP983BTEXLR569,10.0,189.0,199,170,0,29,29,14,11,4
MTP983GFT2XL569,4.0,83.0,87,75,0,12,12,6,5,1
MTP983GFTLAR569,11.0,199.0,210,180,0,30,30,14,12,4
MTP983GFTMED569,30.0,242.0,272,233,0,39,39,18,15,6
MTP983GFTXLR569,10.0,199.0,209,179,0,30,30,14,12,4
MTP983MNB2XL569,4.0,83.0,87,75,0,12,12,6,5,1
MTP983MNBLAR569,10.0,200.0,210,180,0,30,30,14,12,4
MTP983MNBMED569,30.0,242.0,272,233,0,39,39,18,15,6
MTP983MNBXLR569,10.0,200.0,210,180,0,30,30,14,12,4
MTP983MTG2XL569,4.0,79.0,83,71,0,12,12,6,5,1
MTP983MTGLAR569,10.0,188.0,198,170,0,28,28,13,11,4
MTP983MTGMED569,30.0,236.0,266,228,0,38,38,18,15,5
MTP983MTGXLR569,10.0,218.0,228,195,0,33,33,16,13,4
MTP991ASH2XL799,8.0,51.0,59,51,0,8,8,4,3,1
MTP991ASHLAR799,16.0,123.0,139,119,0,20,20,9,8,3
MTP991ASHMED799,36.0,134.0,170,140,6,24,30,14,12,4
MTP991ASHXLR799,16.0,143.0,159,136,0,23,23,11,9,3
MTP991BLE2XL799,8.0,51.0,59,51,0,8,8,4,3,1
MTP991BLELAR799,18.0,121.0,139,119,0,20,20,9,8,3
MTP991BLEMED799,38.0,156.0,194,158,8,28,36,17,14,5
MTP991BLEXLR799,18.0,141.0,159,136,0,23,23,11,9,3
MTP991BOE2XL799,8.0,51.0,59,51,0,8,8,4,3,1
MTP991BOELAR799,14.0,124.0,138,118,0,20,20,9,8,3
MTP991BOEMED799,34.0,135.0,169,141,4,24,28,13,11,4
MTP991BOEXLR799,14.0,124.0,138,118,0,20,20,9,8,3
MTP991GFT2XL799,4.0,55.0,59,51,0,8,8,4,3,1
MTP991GFTLAR799,106.0,31.0,137,97,29,11,40,19,16,5
MTP991GFTMED799,126.0,44.0,170,109,37,24,61,29,24,8
MTP991GFTXLR799,106.0,31.0,137,97,29,11,40,19,16,5
MTP991MTG2XL799,4.0,68.0,72,62,0,10,10,5,4,1
MTP991MTGLAR799,86.0,60.0,146,93,32,21,53,25,21,7
MTP991MTGMED799,104.0,72.0,176,113,38,25,63,30,24,9
MTP991MTGXLR799,86.0,85.0,171,109,37,25,62,29,24,9
MTP991OGY2XL799,8.0,56.0,64,55,0,9,9,4,4,1
MTP991OGYLAR799,14.0,134.0,148,127,0,21,21,10,8,3
MTP991OGYMED799,34.0,142.0,176,147,4,25,29,14,11,4
MTP991OGYXLR799,14.0,135.0,149,127,0,22,22,10,9,3
MTPL77BLE2XL,0.0,9.0,9,9,0,0,0,0,0,0
MTPL77BLELAR,0.0,41.0,41,35,0,6,6,3,2,1
MTPL77BLEMED,0.0,25.0,25,21,0,4,4,2,2,0
MTPL77BLEXLR,0.0,21.0,21,20,0,1,1,0,0,1
MTPL77BLK2XL,0.0,1.0,1,1,0,0,0,0,0,0
MTPL77BLKLAR,0.0,19.0,19,19,0,0,0,0,0,0
MTPL77BLKMED,0.0,17.0,17,17,0,0,0,0,0,0
MTPL77BLKXLR,0.0,20.0,20,20,0,0,0,0,0,0
MTPL77NYB2XL,0.0,6.0,6,6,0,0,0,0,0,0
MTPL77NYBLAR,0.0,12.0,12,12,0,0,0,0,0,0
MTPL77NYBMED,0.0,40.0,40,34,0,6,6,3,2,1
MTPL77NYBXLR,0.0,19.0,19,19,0,0,0,0,0,0
MTPL77OGY2XL,0.0,6.0,6,6,0,0,0,0,0,0
MTPL77OGYLAR,0.0,2.0,2,2,0,0,0,0,0,0
MTPL77OGYMED,0.0,17.0,17,17,0,0,0,0,0,0
MTPL77OGYXLR,0.0,6.0,6,6,0,0,0,0,0,0
MTPL77TRN2XL,0.0,6.0,6,6,0,0,0,0,0,0
MTPL77TRNLAR,0.0,48.0,48,41,0,7,7,3,3,1
MTPL77TRNMED,0.0,32.0,32,27,0,5,5,2,2,1
MTPL77TRNXLR,0.0,22.0,22,20,0,2,2,1,1,0
MTPL77WLG2XL,0.0,5.0,5,5,0,0,0,0,0,0
MTPL77WLGLAR,0.0,38.0,38,32,0,6,6,3,2,1
MTPL77WLGMED,0.0,36.0,36,31,0,5,5,2,2,1
MTPL77WLGXLR,0.0,8.0,8,8,0,0,0,0,0,0
MTPM72BLE2XL,0.0,14.0,14,14,0,0,0,0,0,0
MTPM72BLELAR,0.0,20.0,20,20,0,0,0,0,0,0
MTPM72BLEMED,0.0,21.0,21,20,0,1,1,0,0,1
MTPM72BLEXLR,0.0,21.0,21,20,0,1,1,0,0,1
MTPM72BLK2XL,0.0,15.0,15,15,0,0,0,0,0,0
MTPM72BLKLAR,0.0,21.0,21,20,0,1,1,0,0,1
MTPM72BLKMED,0.0,10.0,10,10,0,0,0,0,0,0
MTPM72BLKXLR,0.0,9.0,9,9,0,0,0,0,0,0
MTPM72TRN2XL,0.0,12.0,12,12,0,0,0,0,0,0
MTPM72TRNLAR,0.0,26.0,26,22,0,4,4,2,2,0
MTPM72TRNMED,0.0,12.0,12,12,0,0,0,0,0,0
MTPM72TRNXLR,0.0,32.0,32,27,0,5,5,2,2,1
MTPM72UGY2XL,0.0,1.0,1,1,0,0,0,0,0,0
MTPM72UGYLAR,0.0,18.0,18,18,0,0,0,0,0,0
MTPM72UGYMED,0.0,16.0,16,16,0,0,0,0,0,0
MTPM72UGYXLR,0.0,27.0,27,23,0,4,4,2,2,0
MTPM72WLG2XL,0.0,6.0,6,6,0,0,0,0,0,0
MTPM72WLGLAR,0.0,23.0,23,20,0,3,3,1,1,1
MTPM72WLGMED,0.0,12.0,12,12,0,0,0,0,0,0
MTPM72WLGXLR,0.0,20.0,20,20,0,0,0,0,0,0
MTPM73BLELAR,0.0,0.0,0,0,0,0,0,0,0,0
MTPM73BLEMED,0.0,1.0,1,1,0,0,0,0,0,0
MTPM73BLK2XL,0.0,3.0,3,3,0,0,0,0,0,0
MTPM73BLKLAR,0.0,4.0,4,4,0,0,0,0,0,0
MTPM73BLKMED,0.0,0.0,0,0,0,0,0,0,0,0
MTPM73BLKXLR,0.0,5.0,5,5,0,0,0,0,0,0
MTPM73GYR2XL,0.0,0.0,0,0,0,0,0,0,0,0
MTPM73GYRLAR,0.0,0.0,0,0,0,0,0,0,0,0
MTPM73GYRXLR,0.0,0.0,0,0,0,0,0,0,0,0
MTPM73TRNLAR,0.0,0.0,0,0,0,0,0,0,0,0
MTPM73TRNMED,0.0,1.0,1,1,0,0,0,0,0,0
MTPM73TRNXLR,0.0,0.0,0,0,0,0,0,0,0,0
MTPM73UGY2XL,0.0,0.0,0,0,0,0,0,0,0,0
MTPM73UGYXLR,0.0,1.0,1,1,0,0,0,0,0,0
MTPM73WLGLAR,0.0,0.0,0,0,0,0,0,0,0,0
MTPM73WLGXLR,0.0,1.0,1,1,0,0,0,0,0,0
MTPM82ASH2XL004,0.0,3.0,3,3,0,0,0,0,0,0
MTPM82ASH2XL005,0.0,0.0,0,0,0,0,0,0,0,0
MTPM82ASHLAR004,0.0,0.0,0,0,0,0,0,0,0,0
MTPM82ASHLAR005,0.0,0.0,0,0,0,0,0,0,0,0
MTPM82ASHXLR004,0.0,0.0,0,0,0,0,0,0,0,0
MTPM82BL12XL,0.0,1.0,1,1,0,0,0,0,0,0
MTPM82BL1LAR,0.0,0.0,0,0,0,0,0,0,0,0
MTPM82BL22XL,0.0,1.0,1,1,0,0,0,0,0,0
MTPM82BTE2XL004,0.0,4.0,4,4,0,0,0,0,0,0
MTPM82BTE2XL005,0.0,1.0,1,1,0,0,0,0,0,0
MTPM82BTELAR004,0.0,0.0,0,0,0,0,0,0,0,0
MTPM82BTELAR005,0.0,0.0,0,0,0,0,0,0,0,0
MTPM82BTEMED004,0.0,0.0,0,0,0,0,0,0,0,0
MTPM82BTEXLR004,0.0,0.0,0,0,0,0,0,0,0,0
MTPM82CNG2XL,0.0,1.0,1,1,0,0,0,0,0,0
MTPM82CNG2XL004,0.0,8.0,8,8,0,0,0,0,0,0
MTPM82CNGLAR004,0.0,4.0,4,4,0,0,0,0,0,0
MTPM82CNGMED,0.0,0.0,0,0,0,0,0,0,0,0
MTPM82CNGMED004,0.0,2.0,2,2,0,0,0,0,0,0
MTPM82CNGXLR004,0.0,4.0,4,4,0,0,0,0,0,0
MTPM82FLS2XL004,0.0,3.0,3,3,0,0,0,0,0,0
MTPM82FLSLAR004,0.0,0.0,0,0,0,0,0,0,0,0
MTPM82FLSXLR004,0.0,0.0,0,0,0,0,0,0,0,0
MTPM82GTG2XL005,0.0,20.0,20,20,0,0,0,0,0,0
MTPM82GTGLAR005,0.0,20.0,20,20,0,0,0,0,0,0
MTPM82GTGMED005,0.0,31.0,31,27,0,4,4,2,2,0
MTPM82GTGXLR005,0.0,20.0,20,20,0,0,0,0,0,0
MTPM82IRGXLR,0.0,1.0,1,1,0,0,0,0,0,0
MTPM82LTNXLR,0.0,5.0,5,5,0,0,0,0,0,0
MTPM82NGU2XL004,0.0,18.0,18,18,0,0,0,0,0,0
MTPM82NGULAR004,0.0,0.0,0,0,0,0,0,0,0,0
MTPM82NGUXLR004,0.0,2.0,2,2,0,0,0,0,0,0
MTPM82NVY2XL004,0.0,3.0,3,3,0,0,0,0,0,0
MTPM82NVYLAR004,0.0,10.0,10,10,0,0,0,0,0,0
MTPM82NVYLAR005,0.0,0.0,0,0,0,0,0,0,0,0
MTPM82NVYMED004,0.0,3.0,3,3,0,0,0,0,0,0
MTPM82NVYXLR004,0.0,6.0,6,6,0,0,0,0,0,0
MTPM82PDB2XL005,0.0,3.0,3,3,0,0,0,0,0,0
MTPM82PDBLAR004,0.0,1.0,1,1,0,0,0,0,0,0
MTPM82PDBMED004,0.0,1.0,1,1,0,0,0,0,0,0
MTPM82PDBXLR004,0.0,1.0,1,1,0,0,0,0,0,0
MTPM82PDBXLR005,0.0,1.0,1,1,0,0,0,0,0,0
MTPM82TMC2XL,0.0,1.0,1,1,0,0,0,0,0,0
MTPM82TMCXLR,0.0,1.0,1,1,0,0,0,0,0,0
MTPM87ASC2XL,0.0,15.0,15,15,0,0,0,0,0,0
MTPM87ASCLAR,0.0,3.0,3,3,0,0,0,0,0,0
MTPM87ASCMED,0.0,2.0,2,2,0,0,0,0,0,0
MTPM87ASCXLR,0.0,14.0,14,14,0,0,0,0,0,0
MTPM87BRUN2XL,0.0,16.0,16,16,0,0,0,0,0,0
MTPM87BRUNLAR,0.0,38.0,38,32,0,6,6,3,2,1
MTPM87BRUNMED,0.0,24.0,24,20,0,4,4,2,2,0
MTPM87BRUNXLR,0.0,34.0,34,29,0,5,5,2,2,1
MTPM87INSP2XL,0.0,18.0,18,18,0,0,0,0,0,0
MTPM87INSPLAR,0.0,55.0,55,47,0,8,8,4,3,1
MTPM87INSPMED,0.0,37.0,37,32,0,5,5,2,2,1
MTPM87INSPXLR,0.0,37.0,37,32,0,5,5,2,2,1
MTPM87NOBO2XL,0.0,18.0,18,18,0,0,0,0,0,0
MTPM87NOBOLAR,0.0,43.0,43,37,0,6,6,3,2,1
MTPM87NOBOMED,0.0,28.0,28,24,0,4,4,2,2,0
MTPM87NOBOXLR,0.0,33.0,33,28,0,5,5,2,2,1
MTPM87PUSH2XL,0.0,15.0,15,15,0,0,0,0,0,0
MTPM87PUSHLAR,0.0,47.0,47,40,0,7,7,3,3,1
MTPM87PUSHMED,0.0,34.0,34,29,0,5,5,2,2,1
MTPM87PUSHXLR,0.0,36.0,36,31,0,5,5,2,2,1
MTPM87RUFU2XL,0.0,19.0,19,19,0,0,0,0,0,0
MTPM87RUFULAR,0.0,50.0,50,43,0,7,7,3,3,1
MTPM87RUFUMED,0.0,29.0,29,25,0,4,4,2,2,0
MTPM87RUFUXLR,0.0,35.0,35,30,0,5,5,2,2,1
MTPM87TSAW2XL,0.0,14.0,14,14,0,0,0,0,0,0
MTPM87TSAWLAR,0.0,42.0,42,36,0,6,6,3,2,1
MTPM87TSAWMED,0.0,28.0,28,24,0,4,4,2,2,0
MTPM87TSAWXLR,0.0,30.0,30,26,0,4,4,2,2,0
MTPM93BLE2XL,0.0,11.0,11,11,0,0,0,0,0,0
MTPM93BLELAR,11.0,10.0,21,21,0,0,0,0,0,0
MTPM93BLEMED,0.0,0.0,0,0,0,0,0,0,0,0
MTPM93BLEXLR,0.0,6.0,6,6,0,0,0,0,0,0
MTPM93BLK2XL,0.0,0.0,0,0,0,0,0,0,0,0
MTPM93BLKLAR,0.0,0.0,0,0,0,0,0,0,0,0
MTPM93BLKMED,0.0,1.0,1,1,0,0,0,0,0,0
MTPM93BLKXLR,0.0,1.0,1,1,0,0,0,0,0,0
MTPM93BOE2XL,0.0,7.0,7,7,0,0,0,0,0,0
MTPM93BOELAR,0.0,0.0,0,0,0,0,0,0,0,0
MTPM93BOEMED,0.0,2.0,2,2,0,0,0,0,0,0
MTPM93BOEXLR,0.0,3.0,3,3,0,0,0,0,0,0
MTPM93BTELAR,0.0,0.0,0,0,0,0,0,0,0,0
MTPM93TRNLAR,0.0,3.0,3,3,0,0,0,0,0,0
MTPM93TRNMED,0.0,1.0,1,1,0,0,0,0,0,0
MTPM93TRNXLR,0.0,12.0,12,12,0,0,0,0,0,0
MTPM93UGY2XL,0.0,1.0,1,1,0,0,0,0,0,0
MTPM93UGYXLR,0.0,0.0,0,0,0,0,0,0,0,0
MTPM93VIO2XL,0.0,0.0,0,0,0,0,0,0,0,0
MTPM93VIOLAR,0.0,1.0,1,1,0,0,0,0,0,0
MTPM93VIOMED,0.0,6.0,6,6,0,0,0,0,0,0
MTPM93VIOXLR,0.0,7.0,7,7,0,0,0,0,0,0
MVP642AHM2XL,0.0,0.0,0,0,0,0,0,0,0,0
MVP642AHMLAR,0.0,25.0,25,21,0,4,4,2,2,0
MVP642AHMMED,0.0,105.0,105,90,0,15,15,7,6,2
MVP642AHMSML,0.0,9.0,9,9,0,0,0,0,0,0
MVP642AHMXLR,0.0,0.0,0,0,0,0,0,0,0,0
MVP642BLM2XL,0.0,0.0,0,0,0,0,0,0,0,0
MVP642BLMLAR,0.0,0.0,0,0,0,0,0,0,0,0
MVP642BLMMED,0.0,23.0,23,20,0,3,3,1,1,1
MVP642BLMSML,0.0,16.0,16,16,0,0,0,0,0,0
MVP642BLMXLR,0.0,0.0,0,0,0,0,0,0,0,0
MVP642COMLAR,0.0,0.0,0,0,0,0,0,0,0,0
MVP642DTM2XL,0.0,3.0,3,3,0,0,0,0,0,0
MVP642DTMLAR,0.0,47.0,47,40,0,7,7,3,3,1
MVP642DTMMED,0.0,95.0,95,81,0,14,14,7,5,2
MVP642DTMSML,0.0,13.0,13,13,0,0,0,0,0,0
MVP642LLM2XL,0.0,3.0,3,3,0,0,0,0,0,0
MVP642MEM2XL,0.0,9.0,9,9,0,0,0,0,0,0
MVP642MEMLAR,0.0,102.0,102,87,0,15,15,7,6,2
MVP642MEMMED,0.0,188.0,188,161,0,27,27,13,10,4
MVP642MEMSML,0.0,5.0,5,5,0,0,0,0,0,0
MVP642MEMXLR,0.0,5.0,5,5,0,0,0,0,0,0
MVP642NBM2XL,0.0,0.0,0,0,0,0,0,0,0,0
MVP642NBMLAR,0.0,71.0,71,61,0,10,10,5,4,1
MVP642NBMMED,0.0,163.0,163,139,0,24,24,11,9,4
MVP642NBMSML,0.0,2.0,2,2,0,0,0,0,0,0
MVP642NBMXLR,0.0,0.0,0,0,0,0,0,0,0,0
MVP642SGE2XL,0.0,3.0,3,3,0,0,0,0,0,0
MVP642SGELAR,0.0,94.0,94,80,0,14,14,7,5,2
MVP642SGEMED,0.0,163.0,163,139,0,24,24,11,9,4
MVP642SGESML,0.0,1.0,1,1,0,0,0,0,0,0
MVP642SGEXLR,0.0,1.0,1,1,0,0,0,0,0,0
MVP757AGM2XL,37.0,11.0,48,41,7,0,7,3,3,1
MVP757AGMLAR,0.0,1.0,1,1,0,0,0,0,0,0
MVP757AGMLAR329,0.0,14.0,14,14,0,0,0,0,0,0
MVP757AGMMED,42.0,16.0,58,46,12,0,12,6,5,1
MVP757AGMSML,3.0,25.0,28,24,0,4,4,2,2,0
MVP757AGMXLR,0.0,3.0,3,3,0,0,0,0,0,0
MVP757BLBMED2PK,0.0,0.0,0,0,0,0,0,0,0,0
MVP757BLBXLR2PK,0.0,0.0,0,0,0,0,0,0,0,0
MVP757CFM2XL,44.0,17.0,61,48,13,0,13,6,5,2
MVP757CFMLAR,0.0,42.0,42,36,0,6,6,3,2,1
MVP757CFMLAR329,12.0,10.0,22,22,0,0,0,0,0,0
MVP757CFMMED,96.0,50.0,146,93,32,21,53,25,21,7
MVP757CFMMED329,0.0,14.0,14,14,0,0,0,0,0,0
MVP757CFMSML,1.0,27.0,28,24,0,4,4,2,2,0
MVP757CFMXLR,65.0,26.0,91,65,20,6,26,12,10,4
MVP757CME2XL,23.0,16.0,39,39,0,0,0,0,0,0
MVP757CMELAR,0.0,0.0,0,0,0,0,0,0,0,0
MVP757CMELAR329,0.0,6.0,6,6,0,0,0,0,0,0
MVP757CMEMED,35.0,33.0,68,53,5,10,15,7,6,2
MVP757CMESML,1.0,17.0,18,18,0,0,0,0,0,0
MVP757CMEXLR,0.0,1.0,1,1,0,0,0,0,0,0
MVP757GCM2XL,26.0,42.0,68,58,0,10,10,5,4,1
MVP757GCMLAR,0.0,21.0,21,20,0,1,1,0,0,1
MVP757GCMLAR329,0.0,37.0,37,32,0,5,5,2,2,1
MVP757GCMMED,75.0,57.0,132,84,29,19,48,23,19,6
MVP757GCMMED329,0.0,11.0,11,11,0,0,0,0,0,0
MVP757GCMSML,0.0,14.0,14,14,0,0,0,0,0,0
MVP757GCMXLR,63.0,16.0,79,62,17,0,17,8,7,2
MVP757SYM2XL,46.0,19.0,65,51,14,0,14,7,5,2
MVP757SYMLAR,0.0,25.0,25,21,0,4,4,2,2,0
MVP757SYMLAR329,36.0,10.0,46,40,6,0,6,3,2,1
MVP757SYMMED,53.0,59.0,112,73,23,16,39,18,15,6
MVP757SYMMED329,0.0,19.0,19,19,0,0,0,0,0,0
MVP757SYMSML,0.0,16.0,16,16,0,0,0,0,0,0
MVP757SYMXLR,69.0,16.0,85,66,19,0,19,9,7,3
MVP757TGM2XL,0.0,2.0,2,2,0,0,0,0,0,0
MVP757TGMLAR,0.0,0.0,0,0,0,0,0,0,0,0
MVP757VIM2XL,52.0,28.0,80,55,17,8,25,12,10,3
MVP757VIMLAR,0.0,8.0,8,8,0,0,0,0,0,0
MVP757VIMLAR329,0.0,1.0,1,1,0,0,0,0,0,0
MVP757VIMMED,82.0,26.0,108,79,23,6,29,14,11,4
MVP757VIMSML,13.0,23.0,36,33,0,3,3,1,1,1
MVP757VIMXLR,42.0,29.0,71,50,12,9,21,10,8,3
MVP776ASH2XL,13.0,17.0,30,30,0,0,0,0,0,0
MVP776ASHLAR,12.0,10.0,22,22,0,0,0,0,0,0
MVP776ASHMED,33.0,16.0,49,46,3,0,3,1,1,1
MVP776ASHSML,0.0,4.0,4,4,0,0,0,0,0,0
MVP776ASHXLR,39.0,20.0,59,50,9,0,9,4,4,1
MVP776BLK2XL,5.0,11.0,16,16,0,0,0,0,0,0
MVP776BLKLAR,16.0,10.0,26,26,0,0,0,0,0,0
MVP776BLKMED,20.0,10.0,30,30,0,0,0,0,0,0
MVP776BLKSML,0.0,0.0,0,0,0,0,0,0,0,0
MVP776BLKXLR,18.0,10.0,28,28,0,0,0,0,0,0
MVP776BLTXLR,0.0,0.0,0,0,0,0,0,0,0,0
MVP776BRD2XL,0.0,1.0,1,1,0,0,0,0,0,0
MVP776BRDXLR,0.0,2.0,2,2,0,0,0,0,0,0
MVP776BTEXLR,0.0,0.0,0,0,0,0,0,0,0,0
MVP776BTTMED2PK,0.0,0.0,0,0,0,0,0,0,0,0
MVP776CHA2XL,0.0,11.0,11,11,0,0,0,0,0,0
MVP776CHALAR,19.0,10.0,29,29,0,0,0,0,0,0
MVP776CHAMED,16.0,10.0,26,26,0,0,0,0,0,0
MVP776CHASML,0.0,4.0,4,4,0,0,0,0,0,0
MVP776CHAXLR,8.0,10.0,18,18,0,0,0,0,0,0
MVP776FIM2XL2PK,0.0,1.0,1,1,0,0,0,0,0,0
MVP776HTR2XL,0.0,2.0,2,2,0,0,0,0,0,0
MVP776HTRMED,0.0,1.0,1,1,0,0,0,0,0,0
MVP776HTRXLR,0.0,1.0,1,1,0,0,0,0,0,0
MVP776KHI2XL,8.0,10.0,18,18,0,0,0,0,0,0
MVP776KHILAR,2.0,10.0,12,12,0,0,0,0,0,0
MVP776KHIMED,77.0,16.0,93,73,20,0,20,9,8,3
MVP776KHISML,89.0,22.0,111,85,24,2,26,12,10,4
MVP776KHIXLR,10.0,10.0,20,20,0,0,0,0,0,0
MVP776LTG2XL,1.0,21.0,22,21,0,1,1,0,0,1
MVP776LTGLAR,0.0,31.0,31,27,0,4,4,2,2,0
MVP776LTGMED,34.0,17.0,51,47,4,0,4,2,2,0
MVP776LTGSML,45.0,11.0,56,44,12,0,12,6,5,1
MVP776LTGXLR,0.0,34.0,34,29,0,5,5,2,2,1
MVP776MNB2XL,26.0,51.0,77,66,0,11,11,5,4,2
MVP776MNBLAR,0.0,0.0,0,0,0,0,0,0,0,0
MVP776MNBLAR339,0.0,0.0,0,0,0,0,0,0,0,0
MVP776MNBMED,1.0,17.0,18,18,0,0,0,0,0,0
MVP776MNBMED339,19.0,16.0,35,35,0,0,0,0,0,0
MVP776MNBSML,12.0,17.0,29,29,0,0,0,0,0,0
MVP776MNBSML339,10.0,11.0,21,21,0,0,0,0,0,0
MVP776MNBXLR,13.0,22.0,35,33,0,2,2,1,1,0
MVP776NTC2XL,0.0,7.0,7,7,0,0,0,0,0,0
MVP776NTCLAR,0.0,6.0,6,6,0,0,0,0,0,0
MVP776NTCMED,0.0,6.0,6,6,0,0,0,0,0,0
MVP776NTCXLR,0.0,8.0,8,8,0,0,0,0,0,0
MVP776NYB2XL,0.0,5.0,5,5,0,0,0,0,0,0
MVP776NYBLAR,16.0,10.0,26,26,0,0,0,0,0,0
MVP776NYBMED,16.0,10.0,26,26,0,0,0,0,0,0
MVP776NYBSML,0.0,2.0,2,2,0,0,0,0,0,0
MVP776NYBXLR,10.0,10.0,20,20,0,0,0,0,0,0
MVP776OBR2XL,1.0,20.0,21,21,0,0,0,0,0,0
MVP776OBRLAR,0.0,25.0,25,21,0,4,4,2,2,0
MVP776OBRMED,43.0,32.0,75,51,13,11,24,11,9,4
MVP776OBRSML,38.0,19.0,57,49,8,0,8,4,3,1
MVP776OBRXLR,0.0,24.0,24,20,0,4,4,2,2,0
MVP776OFW2XL,0.0,8.0,8,8,0,0,0,0,0,0
MVP776OFWLAR,0.0,0.0,0,0,0,0,0,0,0,0
MVP776OFWMED,24.0,20.0,44,44,0,0,0,0,0,0
MVP776OFWSML,5.0,12.0,17,17,0,0,0,0,0,0
MVP776OFWXLR,2.0,19.0,21,21,0,0,0,0,0,0
MVP776TEL2XL,0.0,0.0,0,0,0,0,0,0,0,0
MVP776TELLAR,0.0,1.0,1,1,0,0,0,0,0,0
MVP776TELMED,46.0,30.0,76,50,16,10,26,12,10,4
MVP776TELSML,75.0,24.0,99,73,22,4,26,12,10,4
MVP776TELXLR,22.0,10.0,32,32,0,0,0,0,0,0
MVP776TRN2XL,0.0,10.0,10,10,0,0,0,0,0,0
MVP776TRNLAR,18.0,10.0,28,28,0,0,0,0,0,0
MVP776TRNMED,19.0,13.0,32,32,0,0,0,0,0,0
MVP776TRNSML,0.0,3.0,3,3,0,0,0,0,0,0
MVP776TRNXLR,12.0,13.0,25,25,0,0,0,0,0,0
MVP776WHT2XL,0.0,0.0,0,0,0,0,0,0,0,0
MVP776WHTLAR,0.0,2.0,2,2,0,0,0,0,0,0
MVP776WHTMED,0.0,9.0,9,9,0,0,0,0,0,0
MVP776WHTSML,22.0,10.0,32,32,0,0,0,0,0,0
MVP776WHTXLR,1.0,10.0,11,11,0,0,0,0,0,0
MVP776WLG2XL,27.0,11.0,38,38,0,0,0,0,0,0
MVP776WLGLAR,28.0,10.0,38,38,0,0,0,0,0,0
MVP776WLGMED,47.0,11.0,58,45,13,0,13,6,5,2
MVP776WLGSML,41.0,14.0,55,44,11,0,11,5,4,2
MVP776WLGXLR,0.0,0.0,0,0,0,0,0,0,0,0
MVP778AGM2XL,50.0,98.0,148,107,20,21,41,19,16,6
MVP778AGMLAR,410.0,209.0,619,396,134,89,223,105,87,31
MVP778AGMMED,83.0,63.0,146,93,32,21,53,25,21,7
MVP778AGMSML,127.0,103.0,230,147,50,33,83,39,32,12
MVP778AGMXLR,106.0,66.0,172,110,37,25,62,29,24,9
MVP778BMELAR,0.0,0.0,0,0,0,0,0,0,0,0
MVP778BMESML,0.0,1.0,1,1,0,0,0,0,0,0
MVP778CEM2XL,0.0,1.0,1,1,0,0,0,0,0,0
MVP778CEMMED,0.0,0.0,0,0,0,0,0,0,0,0
MVP778CEMSML,0.0,0.0,0,0,0,0,0,0,0,0
MVP778FGM2XL,0.0,5.0,5,5,0,0,0,0,0,0
MVP778FGMMED,0.0,1.0,1,1,0,0,0,0,0,0
MVP778FGMSML,0.0,4.0,4,4,0,0,0,0,0,0
MVP778FGMXLR,0.0,1.0,1,1,0,0,0,0,0,0
MVP778GVM2XL,0.0,2.0,2,2,0,0,0,0,0,0
MVP778GVMMED,0.0,0.0,0,0,0,0,0,0,0,0
MVP778GVMSML,0.0,1.0,1,1,0,0,0,0,0,0
MVP778GVMXLR,0.0,0.0,0,0,0,0,0,0,0,0
MVP778SGM2XL,0.0,3.0,3,3,0,0,0,0,0,0
MVP778SGMLAR,0.0,0.0,0,0,0,0,0,0,0,0
MVP778SGMSML,0.0,5.0,5,5,0,0,0,0,0,0
MVP778SGMXLR,0.0,0.0,0,0,0,0,0,0,0,0
MVP778TCM2XL,0.0,0.0,0,0,0,0,0,0,0,0
MVP778TCMLAR,35.0,39.0,74,58,5,11,16,8,6,2
MVP778TCMMED,3.0,23.0,26,23,0,3,3,1,1,1
MVP778TCMSML,10.0,10.0,20,20,0,0,0,0,0,0
MVP778TCMXLR,0.0,12.0,12,12,0,0,0,0,0,0
MVP778TGM2XL,0.0,0.0,0,0,0,0,0,0,0,0
MVP778TGMLAR,0.0,13.0,13,13,0,0,0,0,0,0
MVP778TGMMED,0.0,7.0,7,7,0,0,0,0,0,0
MVP778TGMSML,0.0,103.0,103,88,0,15,15,7,6,2
MVP778TGMXLR,0.0,9.0,9,9,0,0,0,0,0,0
MVP778WGM2XL,0.0,4.0,4,4,0,0,0,0,0,0
MVP784ADP2XL,0.0,1.0,1,1,0,0,0,0,0,0
MVP784ADPMED,0.0,0.0,0,0,0,0,0,0,0,0
MVP784BLK2XL,0.0,453.0,453,388,0,65,65,31,25,9
MVP784BLKLAR,0.0,3.0,3,3,0,0,0,0,0,0
MVP784BLKMED,0.0,0.0,0,0,0,0,0,0,0,0
MVP784BLKXLR,0.0,215.0,215,184,0,31,31,15,12,4
MVP784IRG2XL,324.0,184.0,508,325,110,73,183,86,71,26
MVP784IRGLAR,12.0,11.0,23,23,0,0,0,0,0,0
MVP784IRGMED,0.0,0.0,0,0,0,0,0,0,0,0
MVP784IRGSML,0.0,0.0,0,0,0,0,0,0,0,0
MVP784IRGXLR,30.0,13.0,43,43,0,0,0,0,0,0
MVP784LGN2XL,0.0,365.0,365,313,0,52,52,25,20,7
MVP784LGNLAR,0.0,0.0,0,0,0,0,0,0,0,0
MVP784LGNMED,0.0,0.0,0,0,0,0,0,0,0,0
MVP784LGNXLR,0.0,65.0,65,56,0,9,9,4,4,1
MVP784LRG2XL,301.0,117.0,418,268,90,60,150,71,58,21
MVP784LRGLAR,47.0,46.0,93,63,17,13,30,14,12,4
MVP784LRGMED,0.0,0.0,0,0,0,0,0,0,0,0
MVP784LRGSML,0.0,0.0,0,0,0,0,0,0,0,0
MVP784LRGXLR,82.0,55.0,137,88,29,20,49,23,19,7
MVP784MBNSML,0.0,1.0,1,1,0,0,0,0,0,0
MVP784MBNXLR,0.0,0.0,0,0,0,0,0,0,0,0
MVP789BBLSML2PK,0.0,1.0,1,1,0,0,0,0,0,0
MVP789BRLMED2PK,0.0,0.0,0,0,0,0,0,0,0,0
MVP789LIBLAR2PK,0.0,0.0,0,0,0,0,0,0,0,0
MVP798ADPLAR,0.0,1.0,1,1,0,0,0,0,0,0
MVP798BRDSML,0.0,3.0,3,3,0,0,0,0,0,0
MVP813BTESML,0.0,2.0,2,2,0,0,0,0,0,0
MVP813BTEXLR,0.0,2.0,2,2,0,0,0,0,0,0
MVP813COLSML,0.0,1.0,1,1,0,0,0,0,0,0
MVP813FIG2XL,0.0,1.0,1,1,0,0,0,0,0,0
MVP813FIGSML,0.0,2.0,2,2,0,0,0,0,0,0
MVP813FIGXLR,0.0,1.0,1,1,0,0,0,0,0,0
MVP813GVESML,0.0,3.0,3,3,0,0,0,0,0,0
MVP813GVEXLR,0.0,6.0,6,6,0,0,0,0,0,0
MVP813NVYSML,0.0,1.0,1,1,0,0,0,0,0,0
MVP813NVYXLR,0.0,2.0,2,2,0,0,0,0,0,0
MVP813SEG2XL,0.0,1.0,1,1,0,0,0,0,0,0
MVP813SEGSML,0.0,2.0,2,2,0,0,0,0,0,0
MVP813WGNSML,0.0,3.0,3,3,0,0,0,0,0,0
MVP813WGNXLR,0.0,2.0,2,2,0,0,0,0,0,0
MVP813WIGMED2PK,0.0,0.0,0,0,0,0,0,0,0,0
MVP835GWE2XL,0.0,1.0,1,1,0,0,0,0,0,0
MVP835LPDMED,0.0,1.0,1,1,0,0,0,0,0,0
MVP835PEPXLR,0.0,0.0,0,0,0,0,0,0,0,0
MVP847AGM2XL,0.0,12.0,12,12,0,0,0,0,0,0
MVP847AGM2XL359,71.0,56.0,127,81,28,18,46,22,18,6
MVP847AGMLAR,0.0,15.0,15,15,0,0,0,0,0,0
MVP847AGMLAR359,10.0,19.0,29,29,0,0,0,0,0,0
MVP847AGMMED,0.0,1.0,1,1,0,0,0,0,0,0
MVP847AGMMED359,0.0,2.0,2,2,0,0,0,0,0,0
MVP847AGMSML359,49.0,31.0,80,52,17,11,28,13,11,4
MVP847AGMXLR,6.0,10.0,16,16,0,0,0,0,0,0
MVP847AGMXLR359,39.0,33.0,72,53,9,10,19,9,7,3
MVP847CFM2XL359,65.0,54.0,119,76,26,17,43,20,17,6
MVP847CFMLAR359,14.0,24.0,38,34,0,4,4,2,2,0
MVP847CFMMED359,0.0,12.0,12,12,0,0,0,0,0,0
MVP847CFMSML359,3.0,12.0,15,15,0,0,0,0,0,0
MVP847CFMXLR359,5.0,30.0,35,30,0,5,5,2,2,1
MVP847CME2XL359,74.0,57.0,131,84,28,19,47,22,18,7
MVP847CMELAR359,12.0,27.0,39,33,0,6,6,3,2,1
MVP847CMEMED359,2.0,17.0,19,19,0,0,0,0,0,0
MVP847CMESML359,0.0,2.0,2,2,0,0,0,0,0,0
MVP847CMEXLR359,23.0,33.0,56,48,0,8,8,4,3,1
MVP847GCM2XL359,74.0,50.0,124,79,27,18,45,21,18,6
MVP847GCMLAR359,12.0,12.0,24,24,0,0,0,0,0,0
MVP847GCMMED359,2.0,17.0,19,19,0,0,0,0,0,0
MVP847GCMSML359,12.0,11.0,23,23,0,0,0,0,0,0
MVP847GCMXLR359,23.0,17.0,40,40,0,0,0,0,0,0
MVP847IGMLAR,0.0,0.0,0,0,0,0,0,0,0,0
MVP847IGMXLR,0.0,0.0,0,0,0,0,0,0,0,0
MVP847SYM2XL359,65.0,53.0,118,76,25,17,42,20,16,6
MVP847SYMLAR359,17.0,33.0,50,43,0,7,7,3,3,1
MVP847SYMMED359,5.0,11.0,16,16,0,0,0,0,0,0
MVP847SYMSML359,4.0,23.0,27,24,0,3,3,1,1,1
MVP847SYMXLR359,8.0,38.0,46,39,0,7,7,3,3,1
MVP847TCM2XL,0.0,3.0,3,3,0,0,0,0,0,0
MVP847TCMLAR,0.0,3.0,3,3,0,0,0,0,0,0
MVP847TCMXLR,26.0,10.0,36,36,0,0,0,0,0,0
MVP847TGM2XL,0.0,0.0,0,0,0,0,0,0,0,0
MVP847TGMLAR,0.0,1.0,1,1,0,0,0,0,0,0
MVP847TGMMED,0.0,1.0,1,1,0,0,0,0,0,0
MVP847TGMXLR,0.0,2.0,2,2,0,0,0,0,0,0
MVP847VIM2XL359,65.0,43.0,108,69,23,16,39,18,15,6
MVP847VIMLAR359,17.0,18.0,35,35,0,0,0,0,0,0
MVP847VIMMED359,0.0,14.0,14,14,0,0,0,0,0,0
MVP847VIMSML359,4.0,19.0,23,23,0,0,0,0,0,0
MVP847VIMXLR359,8.0,23.0,31,28,0,3,3,1,1,1
MVP860AGC2XL,0.0,2.0,2,2,0,0,0,0,0,0
MVP860AGCLAR,0.0,0.0,0,0,0,0,0,0,0,0
MVP860AGCMED,0.0,6.0,6,6,0,0,0,0,0,0
MVP860AGCSML,0.0,45.0,45,39,0,6,6,3,2,1
MVP860AGCXLR,0.0,3.0,3,3,0,0,0,0,0,0
MVP860AGYLAR,0.0,0.0,0,0,0,0,0,0,0,0
MVP860AGYMED,0.0,0.0,0,0,0,0,0,0,0,0
MVP860AGYXLR,0.0,0.0,0,0,0,0,0,0,0,0
MVP860ASH2XL,0.0,0.0,0,0,0,0,0,0,0,0
MVP860ASHLAR,0.0,0.0,0,0,0,0,0,0,0,0
MVP860ASHMED,0.0,4.0,4,4,0,0,0,0,0,0
MVP860ASHSML,0.0,4.0,4,4,0,0,0,0,0,0
MVP860ASHXLR,0.0,0.0,0,0,0,0,0,0,0,0
MVP860BLK2XL,0.0,2.0,2,2,0,0,0,0,0,0
MVP860BLK2XL349,40.0,14.0,54,44,10,0,10,5,4,1
MVP860BLKLAR,0.0,2.0,2,2,0,0,0,0,0,0
MVP860BLKLAR349,79.0,43.0,122,78,26,18,44,21,17,6
MVP860BLKMED,0.0,6.0,6,6,0,0,0,0,0,0
MVP860BLKMED349,68.0,61.0,129,83,28,18,46,22,18,6
MVP860BLKSML,0.0,12.0,12,12,0,0,0,0,0,0
MVP860BLKSML349,6.0,17.0,23,23,0,0,0,0,0,0
MVP860BLKXLR,0.0,2.0,2,2,0,0,0,0,0,0
MVP860BLKXLR349,63.0,33.0,96,62,21,13,34,16,13,5
MVP860MNB2XL349,0.0,80.0,80,68,0,12,12,6,5,1
MVP860MNBLAR349,95.0,68.0,163,104,35,24,59,28,23,8
MVP860MNBMED349,96.0,78.0,174,111,38,25,63,30,24,9
MVP860MNBSML349,0.0,45.0,45,39,0,6,6,3,2,1
MVP860MNBXLR349,95.0,20.0,115,90,25,0,25,12,10,3
MVP860OBR2XL,0.0,0.0,0,0,0,0,0,0,0,0
MVP860OBRLAR,0.0,0.0,0,0,0,0,0,0,0,0
MVP860OBRMED,0.0,1.0,1,1,0,0,0,0,0,0
MVP860OBRSML,62.0,42.0,104,67,22,15,37,17,14,6
MVP860OBRXLR,0.0,4.0,4,4,0,0,0,0,0,0
MVP860OGY2XL349,0.0,80.0,80,68,0,12,12,6,5,1
MVP860OGYLAR349,95.0,80.0,175,112,38,25,63,30,24,9
MVP860OGYMED349,96.0,78.0,174,111,38,25,63,30,24,9
MVP860OGYSML349,0.0,45.0,45,39,0,6,6,3,2,1
MVP860OGYXLR349,95.0,20.0,115,90,25,0,25,12,10,3
MVP860OLDXLR,0.0,0.0,0,0,0,0,0,0,0,0
MVP860RST2XL349,0.0,80.0,80,68,0,12,12,6,5,1
MVP860RSTLAR349,95.0,15.0,110,86,24,0,24,11,9,4
MVP860RSTMED349,96.0,80.0,176,113,38,25,63,30,24,9
MVP860RSTSML349,0.0,45.0,45,39,0,6,6,3,2,1
MVP860RSTXLR349,95.0,20.0,115,90,25,0,25,12,10,3
MVP860TEL2XL349,0.0,85.0,85,73,0,12,12,6,5,1
MVP860TELLAR349,95.0,97.0,192,123,41,28,69,33,27,9
MVP860TELMED349,96.0,84.0,180,115,39,26,65,31,25,9
MVP860TELSML349,0.0,50.0,50,43,0,7,7,3,3,1
MVP860TELXLR349,95.0,29.0,124,88,27,9,36,17,14,5
MVP860TSP2XL,0.0,1.0,1,1,0,0,0,0,0,0
MVP860TSPLAR,0.0,0.0,0,0,0,0,0,0,0,0
MVP860WHT2XL349,0.0,84.0,84,72,0,12,12,6,5,1
MVP860WHTLAR349,100.0,98.0,198,127,43,28,71,34,28,9
MVP860WHTMED349,100.0,84.0,184,118,40,26,66,31,26,9
MVP860WHTSML349,0.0,50.0,50,43,0,7,7,3,3,1
MVP860WHTXLR349,100.0,29.0,129,92,28,9,37,17,14,6
MVP873TLESML,0.0,0.0,0,0,0,0,0,0,0,0
MVP873TLEXLR,0.0,2.0,2,2,0,0,0,0,0,0
MVP873TSPSML,0.0,3.0,3,3,0,0,0,0,0,0
MVP873TSPXLR,0.0,1.0,1,1,0,0,0,0,0,0
MVP882AGM2XL,0.0,4.0,4,4,0,0,0,0,0,0
MVP882AGMLAR,0.0,2.0,2,2,0,0,0,0,0,0
MVP882AGMMED,0.0,4.0,4,4,0,0,0,0,0,0
MVP882AGMSML,0.0,2.0,2,2,0,0,0,0,0,0
MVP882AGMXLR,0.0,6.0,6,6,0,0,0,0,0,0
MVP882BOMLAR,0.0,3.0,3,3,0,0,0,0,0,0
MVP882BOMMED,0.0,1.0,1,1,0,0,0,0,0,0
MVP882BOMSML,0.0,1.0,1,1,0,0,0,0,0,0
MVP882BOMXLR,0.0,4.0,4,4,0,0,0,0,0,0
MVP882CTMLAR,0.0,1.0,1,1,0,0,0,0,0,0
MVP882CTMMED,0.0,1.0,1,1,0,0,0,0,0,0
MVP882CTMSML,0.0,2.0,2,2,0,0,0,0,0,0
MVP882CTMXLR,0.0,3.0,3,3,0,0,0,0,0,0
MVP882HBMLAR,0.0,2.0,2,2,0,0,0,0,0,0
MVP882HBMMED,0.0,0.0,0,0,0,0,0,0,0,0
MVP882HBMSML,0.0,0.0,0,0,0,0,0,0,0,0
MVP882HBMXLR,0.0,3.0,3,3,0,0,0,0,0,0
MVP882LGMMED,0.0,2.0,2,2,0,0,0,0,0,0
MVP882LGMSML,0.0,2.0,2,2,0,0,0,0,0,0
MVP882LGMXLR,0.0,1.0,1,1,0,0,0,0,0,0
MVP882TME2XL,0.0,12.0,12,12,0,0,0,0,0,0
MVP882TMELAR,0.0,3.0,3,3,0,0,0,0,0,0
MVP882TMEMED,0.0,0.0,0,0,0,0,0,0,0,0
MVP882TMEXLR,0.0,21.0,21,20,0,1,1,0,0,1
MVP883AGWMED,0.0,1.0,1,1,0,0,0,0,0,0
MVP883CBHLAR,0.0,3.0,3,3,0,0,0,0,0,0
MVP883CBHMED,0.0,1.0,1,1,0,0,0,0,0,0
MVP883CBHXLR,0.0,1.0,1,1,0,0,0,0,0,0
MVP883DHELAR,0.0,2.0,2,2,0,0,0,0,0,0
MVP883DHEMED,0.0,2.0,2,2,0,0,0,0,0,0
MVP883FCYLAR,0.0,3.0,3,3,0,0,0,0,0,0
MVP883FCYMED,0.0,4.0,4,4,0,0,0,0,0,0
MVP883FCYXLR,0.0,2.0,2,2,0,0,0,0,0,0
MVP883GLB2XL,0.0,1.0,1,1,0,0,0,0,0,0
MVP883GLBLAR,0.0,1.0,1,1,0,0,0,0,0,0
MVP883GLBMED,0.0,1.0,1,1,0,0,0,0,0,0
MVP883IBM2XL,0.0,1.0,1,1,0,0,0,0,0,0
MVP883IBMMED,0.0,11.0,11,11,0,0,0,0,0,0
MVP883IBMXLR,0.0,3.0,3,3,0,0,0,0,0,0
MVP905ASH2XL,34.0,19.0,53,49,4,0,4,2,2,0
MVP905ASHLAR,0.0,0.0,0,0,0,0,0,0,0,0
MVP905ASHMED,0.0,14.0,14,14,0,0,0,0,0,0
MVP905ASHSML,0.0,11.0,11,11,0,0,0,0,0,0
MVP905ASHXLR,66.0,13.0,79,62,17,0,17,8,7,2
MVP905BLESML,0.0,1.0,1,1,0,0,0,0,0,0
MVP905BLEXLR,0.0,0.0,0,0,0,0,0,0,0,0
MVP905CFK2XL,56.0,10.0,66,52,14,0,14,7,5,2
MVP905CFKLAR,202.0,25.0,227,173,49,5,54,26,21,7
MVP905CFKMED,95.0,25.0,120,89,26,5,31,15,12,4
MVP905CFKSML,0.0,0.0,0,0,0,0,0,0,0,0
MVP905CFKXLR,71.0,34.0,105,68,23,14,37,17,14,6
MVP905GVE2XL,0.0,46.0,46,39,0,7,7,3,3,1
MVP905GVELAR,126.0,259.0,385,246,83,56,139,66,54,19
MVP905GVEMED,53.0,155.0,208,155,23,30,53,25,21,7
MVP905GVEXLR,92.0,36.0,128,84,28,16,44,21,17,6
MVP905HBE2XL,0.0,49.0,49,42,0,7,7,3,3,1
MVP905HBELAR,123.0,267.0,390,250,84,56,140,66,54,20
MVP905HBEMED,63.0,166.0,229,163,33,33,66,31,26,9
MVP905HBEXLR,94.0,42.0,136,87,29,20,49,23,19,7
MVP905MNB2XL,23.0,37.0,60,51,0,9,9,4,4,1
MVP905MNBLAR,14.0,15.0,29,29,0,0,0,0,0,0
MVP905MNBMED,11.0,14.0,25,25,0,0,0,0,0,0
MVP905MNBSML,19.0,27.0,46,39,0,7,7,3,3,1
MVP905MNBXLR,49.0,33.0,82,52,18,12,30,14,12,4
MVP905SKY2XL,0.0,66.0,66,56,0,10,10,5,4,1
MVP905SKYLAR,142.0,275.0,417,267,90,60,150,71,58,21
MVP905SKYMED,85.0,138.0,223,143,48,32,80,38,31,11
MVP905SKYXLR,95.0,49.0,144,92,31,21,52,25,20,7
MVP905TEL2XL,130.0,154.0,284,182,61,41,102,48,40,14
MVP905TELLAR,511.0,348.0,859,550,185,124,309,146,120,43
MVP905TELMED,357.0,194.0,551,353,119,79,198,94,77,27
MVP905TELSML,0.0,9.0,9,9,0,0,0,0,0,0
MVP905TELXLR,317.0,266.0,583,373,126,84,210,99,82,29
MVP905TRN2XL,0.0,41.0,41,35,0,6,6,3,2,1
MVP905TRNLAR,122.0,263.0,385,246,83,56,139,66,54,19
MVP905TRNMED,95.0,187.0,282,180,61,41,102,48,40,14
MVP905TRNXLR,92.0,20.0,112,88,24,0,24,11,9,4
MVP905UGY2XL,0.0,1.0,1,1,0,0,0,0,0,0
MVP905UGYLAR,0.0,0.0,0,0,0,0,0,0,0,0
MVP905UGYMED,0.0,0.0,0,0,0,0,0,0,0,0
MVP905UGYXLR,0.0,0.0,0,0,0,0,0,0,0,0
MVP905WLG2XL,55.0,33.0,88,56,19,13,32,15,12,5
MVP905WLGLAR,274.0,28.0,302,229,65,8,73,34,28,11
MVP905WLGMED,136.0,32.0,168,120,36,12,48,23,19,6
MVP905WLGSML,0.0,1.0,1,1,0,0,0,0,0,0
MVP905WLGXLR,197.0,31.0,228,168,49,11,60,28,23,9
MVP905YLW2XL,28.0,18.0,46,46,0,0,0,0,0,0
MVP905YLWLAR,6.0,20.0,26,26,0,0,0,0,0,0
MVP905YLWMED,0.0,15.0,15,15,0,0,0,0,0,0
MVP905YLWSML,27.0,33.0,60,51,0,9,9,4,4,1
MVP905YLWXLR,43.0,28.0,71,50,13,8,21,10,8,3
MVP948ASH2XL399,0.0,84.0,84,72,0,12,12,6,5,1
MVP948ASHLAR399,0.0,6.0,6,6,0,0,0,0,0,0
MVP948ASHMED399,0.0,78.0,78,67,0,11,11,5,4,2
MVP948ASHXLR399,0.0,150.0,150,128,0,22,22,10,9,3
MVP948BLK2XL399,0.0,137.0,137,117,0,20,20,9,8,3
MVP948BLKLAR399,0.0,210.0,210,180,0,30,30,14,12,4
MVP948BLKMED399,0.0,198.0,198,170,0,28,28,13,11,4
MVP948BLKXLR399,0.0,127.0,127,109,0,18,18,8,7,3
MVP948GFT2XL399,0.0,73.0,73,63,0,10,10,5,4,1
MVP948GFTLAR399,0.0,66.0,66,56,0,10,10,5,4,1
MVP948GFTMED399,0.0,204.0,204,175,0,29,29,14,11,4
MVP948GFTXLR399,0.0,53.0,53,45,0,8,8,4,3,1
MVP948MNB2XL399,0.0,72.0,72,62,0,10,10,5,4,1
MVP948MNBLAR399,0.0,210.0,210,180,0,30,30,14,12,4
MVP948MNBMED399,0.0,12.0,12,12,0,0,0,0,0,0
MVP948MNBXLR399,0.0,168.0,168,144,0,24,24,11,9,4
MVP948NVY2XL399,0.0,138.0,138,118,0,20,20,9,8,3
MVP948NVYLAR399,0.0,78.0,78,67,0,11,11,5,4,2
MVP948NVYMED399,0.0,191.0,191,163,0,28,28,13,11,4
MVP948NVYXLR399,0.0,126.0,126,108,0,18,18,8,7,3
MVP948OBR2XL399,0.0,138.0,138,118,0,20,20,9,8,3
MVP948OBRLAR399,0.0,115.0,115,99,0,16,16,8,6,2
MVP948OBRMED399,0.0,204.0,204,175,0,29,29,14,11,4
MVP948OBRXLR399,0.0,84.0,84,72,0,12,12,6,5,1
MVP962CFM2XL,0.0,0.0,0,0,0,0,0,0,0,0
MVP962CFMMED,0.0,59.0,59,51,0,8,8,4,3,1
MVP962CFMXLR,0.0,0.0,0,0,0,0,0,0,0,0
MVP962LGM2XL,0.0,0.0,0,0,0,0,0,0,0,0
MVP962LGMLAR,0.0,0.0,0,0,0,0,0,0,0,0
MVP962LGMMED,0.0,34.0,34,29,0,5,5,2,2,1
MVP962LGMXLR,0.0,0.0,0,0,0,0,0,0,0,0
MVP962NBM2XL,0.0,0.0,0,0,0,0,0,0,0,0
MVP962NBMMED,0.0,17.0,17,17,0,0,0,0,0,0
MVP962NBMXLR,0.0,0.0,0,0,0,0,0,0,0,0
MVP962PLMLAR,0.0,0.0,0,0,0,0,0,0,0,0
MVP962PLMMED,0.0,29.0,29,25,0,4,4,2,2,0
MVP962PLMXLR,0.0,0.0,0,0,0,0,0,0,0,0
MVP962SKMLAR,0.0,0.0,0,0,0,0,0,0,0,0
MVP962SKMMED,0.0,72.0,72,62,0,10,10,5,4,1
MVP962SKMXLR,0.0,0.0,0,0,0,0,0,0,0,0
MVP962TLM2XL,0.0,1.0,1,1,0,0,0,0,0,0
MVP962TLMMED,0.0,51.0,51,44,0,7,7,3,3,1
MVP962TLMXLR,0.0,0.0,0,0,0,0,0,0,0,0
MVP963ASH2XL,5.0,10.0,15,15,0,0,0,0,0,0
MVP963ASHLAR,28.0,10.0,38,38,0,0,0,0,0,0
MVP963ASHMED,5.0,14.0,19,19,0,0,0,0,0,0
MVP963ASHSML,3.0,11.0,14,14,0,0,0,0,0,0
MVP963ASHXLR,25.0,11.0,36,36,0,0,0,0,0,0
MVP963BLK2XL,0.0,10.0,10,10,0,0,0,0,0,0
MVP963BLKLAR,0.0,2.0,2,2,0,0,0,0,0,0
MVP963BLKMED,0.0,14.0,14,14,0,0,0,0,0,0
MVP963BLKSML,0.0,6.0,6,6,0,0,0,0,0,0
MVP963BLKXLR,0.0,2.0,2,2,0,0,0,0,0,0
MVP963GFT2XL,0.0,18.0,18,18,0,0,0,0,0,0
MVP963GFTLAR,15.0,12.0,27,27,0,0,0,0,0,0
MVP963GFTMED,15.0,13.0,28,28,0,0,0,0,0,0
MVP963GFTSML,2.0,10.0,12,12,0,0,0,0,0,0
MVP963GFTXLR,18.0,12.0,30,30,0,0,0,0,0,0
MVP963MNB2XL,0.0,16.0,16,16,0,0,0,0,0,0
MVP963MNBLAR,0.0,7.0,7,7,0,0,0,0,0,0
MVP963MNBMED,2.0,14.0,16,16,0,0,0,0,0,0
MVP963MNBSML,0.0,10.0,10,10,0,0,0,0,0,0
MVP963MNBXLR,8.0,15.0,23,23,0,0,0,0,0,0
MVP963MTG2XL,0.0,10.0,10,10,0,0,0,0,0,0
MVP963MTGLAR,10.0,10.0,20,20,0,0,0,0,0,0
MVP963MTGMED,18.0,17.0,35,35,0,0,0,0,0,0
MVP963MTGSML,0.0,8.0,8,8,0,0,0,0,0,0
MVP963MTGXLR,0.0,29.0,29,25,0,4,4,2,2,0
MVP963NYB2XL,0.0,12.0,12,12,0,0,0,0,0,0
MVP963NYBLAR,0.0,28.0,28,24,0,4,4,2,2,0
MVP963NYBMED,0.0,24.0,24,20,0,4,4,2,2,0
MVP963NYBSML,0.0,9.0,9,9,0,0,0,0,0,0
MVP963NYBXLR,0.0,5.0,5,5,0,0,0,0,0,0
MVP970ASH2XL,0.0,0.0,0,0,0,0,0,0,0,0
MVP970ASHLAR,0.0,0.0,0,0,0,0,0,0,0,0
MVP970ASHMED,0.0,59.0,59,51,0,8,8,4,3,1
MVP970ASHSML,0.0,35.0,35,30,0,5,5,2,2,1
MVP970ASHXLR,0.0,0.0,0,0,0,0,0,0,0,0
MVP970BLK2XL,0.0,0.0,0,0,0,0,0,0,0,0
MVP970BLKLAR,0.0,0.0,0,0,0,0,0,0,0,0
MVP970BLKMED,0.0,30.0,30,26,0,4,4,2,2,0
MVP970BLKSML,0.0,28.0,28,24,0,4,4,2,2,0
MVP970BLKXLR,0.0,0.0,0,0,0,0,0,0,0,0
MVP970CFK2XL,0.0,0.0,0,0,0,0,0,0,0,0
MVP970CFKMED,0.0,54.0,54,46,0,8,8,4,3,1
MVP970CFKSML,0.0,44.0,44,38,0,6,6,3,2,1
MVP970CFKXLR,0.0,0.0,0,0,0,0,0,0,0,0
MVP970HBE2XL,0.0,0.0,0,0,0,0,0,0,0,0
MVP970HBELAR,0.0,0.0,0,0,0,0,0,0,0,0
MVP970HBEMED,0.0,52.0,52,44,0,8,8,4,3,1
MVP970HBESML,0.0,56.0,56,48,0,8,8,4,3,1
MVP970HBEXLR,0.0,0.0,0,0,0,0,0,0,0,0
MVP970LTG2XL,0.0,0.0,0,0,0,0,0,0,0,0
MVP970LTGLAR,0.0,0.0,0,0,0,0,0,0,0,0
MVP970LTGMED,0.0,70.0,70,60,0,10,10,5,4,1
MVP970LTGSML,0.0,45.0,45,39,0,6,6,3,2,1
MVP970LTGXLR,0.0,0.0,0,0,0,0,0,0,0,0
MVP970TEL2XL,0.0,2.0,2,2,0,0,0,0,0,0
MVP970TELLAR,0.0,0.0,0,0,0,0,0,0,0,0
MVP970TELMED,0.0,50.0,50,43,0,7,7,3,3,1
MVP970TELSML,0.0,56.0,56,48,0,8,8,4,3,1
MVP970TELXLR,0.0,0.0,0,0,0,0,0,0,0,0
MVP971CFK2XL,0.0,0.0,0,0,0,0,0,0,0,0
MVP971CFKLAR,0.0,0.0,0,0,0,0,0,0,0,0
MVP971CFKMED,0.0,42.0,42,36,0,6,6,3,2,1
MVP971CFKSML,0.0,65.0,65,56,0,9,9,4,4,1
MVP971CFKXLR,0.0,0.0,0,0,0,0,0,0,0,0
MVP971GFT2XL,6.0,10.0,16,16,0,0,0,0,0,0
MVP971GFTLAR,0.0,0.0,0,0,0,0,0,0,0,0
MVP971GFTMED,36.0,11.0,47,41,6,0,6,3,2,1
MVP971GFTSML,41.0,12.0,53,42,11,0,11,5,4,2
MVP971GFTXLR,0.0,0.0,0,0,0,0,0,0,0,0
MVP971MNB2XL,3.0,15.0,18,18,0,0,0,0,0,0
MVP971MNBLAR,0.0,30.0,30,26,0,4,4,2,2,0
MVP971MNBMED,39.0,92.0,131,103,9,19,28,13,11,4
MVP971MNBSML,36.0,43.0,79,62,6,11,17,8,7,2
MVP971MNBXLR,0.0,30.0,30,26,0,4,4,2,2,0
MVP971NYB2XL,0.0,57.0,57,49,0,8,8,4,3,1
MVP971NYBLAR,10.0,51.0,61,52,0,9,9,4,4,1
MVP971NYBMED,128.0,62.0,190,122,41,27,68,32,26,10
MVP971NYBSML,55.0,43.0,98,63,21,14,35,17,14,4
MVP971NYBXLR,0.0,94.0,94,80,0,14,14,7,5,2
MVP971TEL2XL,0.0,0.0,0,0,0,0,0,0,0,0
MVP971TELLAR,0.0,1.0,1,1,0,0,0,0,0,0
MVP971TELMED,21.0,10.0,31,31,0,0,0,0,0,0
MVP971TELSML,38.0,25.0,63,50,8,5,13,6,5,2
MVP971TELXLR,0.0,0.0,0,0,0,0,0,0,0,0
MVP971WLG2XL,0.0,5.0,5,5,0,0,0,0,0,0
MVP971WLGLAR,0.0,0.0,0,0,0,0,0,0,0,0
MVP971WLGMED,54.0,10.0,64,50,14,0,14,7,5,2
MVP971WLGSML,44.0,14.0,58,45,13,0,13,6,5,2
MVP971WLGXLR,0.0,0.0,0,0,0,0,0,0,0,0
MVP978AHM2XL,0.0,11.0,11,11,0,0,0,0,0,0
MVP978AHMLAR,0.0,8.0,8,8,0,0,0,0,0,0
MVP978AHMMED,0.0,14.0,14,14,0,0,0,0,0,0
MVP978AHMSML,0.0,16.0,16,16,0,0,0,0,0,0
MVP978AHMXLR,0.0,0.0,0,0,0,0,0,0,0,0
MVP978BLM2XL,0.0,5.0,5,5,0,0,0,0,0,0
MVP978BLMLAR,0.0,0.0,0,0,0,0,0,0,0,0
MVP978BLMMED,0.0,19.0,19,19,0,0,0,0,0,0
MVP978BLMSML,0.0,30.0,30,26,0,4,4,2,2,0
MVP978CFM2XL,0.0,15.0,15,15,0,0,0,0,0,0
MVP978CFMLAR,0.0,5.0,5,5,0,0,0,0,0,0
MVP978CFMMED,0.0,6.0,6,6,0,0,0,0,0,0
MVP978CFMSML,0.0,17.0,17,17,0,0,0,0,0,0
MVP978CFMXLR,0.0,13.0,13,13,0,0,0,0,0,0
MVP978CME2XL,5.0,11.0,16,16,0,0,0,0,0,0
MVP978CMELAR,26.0,21.0,47,46,0,1,1,0,0,1
MVP978CMEMED,56.0,26.0,82,58,18,6,24,11,9,4
MVP978CMESML,25.0,15.0,40,40,0,0,0,0,0,0
MVP978CMEXLR,20.0,22.0,42,40,0,2,2,1,1,0
MVP978MBM2XL,0.0,17.0,17,17,0,0,0,0,0,0
MVP978MBMLAR,0.0,8.0,8,8,0,0,0,0,0,0
MVP978MBMMED,0.0,9.0,9,9,0,0,0,0,0,0
MVP978MBMSML,0.0,29.0,29,25,0,4,4,2,2,0
MVP978MBMXLR,0.0,16.0,16,16,0,0,0,0,0,0
MVP978TLM2XL,0.0,16.0,16,16,0,0,0,0,0,0
MVP978TLMLAR,0.0,11.0,11,11,0,0,0,0,0,0
MVP978TLMMED,0.0,13.0,13,13,0,0,0,0,0,0
MVP978TLMSML,0.0,30.0,30,26,0,4,4,2,2,0
MVP978TLMXLR,0.0,16.0,16,16,0,0,0,0,0,0
UAA102BLKF058,0.0,1805.0,1805,1545,0,260,260,123,101,36
UAA102GFT058,0.0,384.0,384,329,0,55,55,26,21,8
UAA102NYB058,0.0,235.0,235,201,0,34,34,16,13,5
UAA102OFW058,0.0,333.0,333,285,0,48,48,23,19,6
UAA102RYB058,0.0,745.0,745,638,0,107,107,51,42,14
UAA201ASCFSE,0.0,0.0,0,0,0,0,0,0,0,0
UAA202ASCFSE,0.0,72.0,72,62,0,10,10,5,4,1
UAA202ASCFSE379,0.0,1412.0,1412,1209,0,203,203,96,79,28
UAA301BLKCBN,0.0,0.0,0,0,0,0,0,0,0,0
UAA301BLKCBN4,0.0,94.0,94,80,0,14,14,7,5,2
UAA302BLK2499,0.0,125.0,125,107,0,18,18,8,7,3
UAA302BLK2499010,0.0,62.0,62,53,0,9,9,4,4,1
UAC101BLKFSE,0.0,1.0,1,1,0,0,0,0,0,0
UAC101BTEFSE,0.0,0.0,0,0,0,0,0,0,0,0
UAC101LTGFSE,0.0,0.0,0,0,0,0,0,0,0,0
UAC101LTNFSE,0.0,0.0,0,0,0,0,0,0,0,0
UAGY01BLK699,0.0,406.0,406,348,0,58,58,27,23,8
UAGY01BLK69970,0.0,30.0,30,26,0,4,4,2,2,0
WBW130BLK2XL,0.0,15.0,15,15,0,0,0,0,0,0
WBW130BLK2XL579,0.0,1.0,1,1,0,0,0,0,0,0
WBW130BLKLAR,2.0,59.0,61,52,0,9,9,4,4,1
WBW130BLKLAR579,52.0,10.0,62,49,13,0,13,6,5,2
WBW130BLKMED,0.0,23.0,23,20,0,3,3,1,1,1
WBW130BLKMED579,243.0,68.0,311,199,67,45,112,53,44,15
WBW130BLKSML,1.0,16.0,17,17,0,0,0,0,0,0
WBW130BLKSML579,17.0,12.0,29,29,0,0,0,0,0,0
WBW130BLKXLR,1.0,56.0,57,49,0,8,8,4,3,1
WBW130BLKXLR579,48.0,10.0,58,45,13,0,13,6,5,2
WBW130CGYMED,0.0,0.0,0,0,0,0,0,0,0,0
WBW130CGYXLR,0.0,0.0,0,0,0,0,0,0,0,0
WBW130CHA2XL,1.0,14.0,15,15,0,0,0,0,0,0
WBW130CHALAR,0.0,3.0,3,3,0,0,0,0,0,0
WBW130CHAMED,4.0,34.0,38,32,0,6,6,3,2,1
WBW130CHASML,2.0,19.0,21,21,0,0,0,0,0,0
WBW130CHAXLR,3.0,22.0,25,23,0,2,2,1,1,0
WBW130CNGMED,0.0,135.0,135,115,0,20,20,9,8,3
WBW130CNGSML,0.0,10.0,10,10,0,0,0,0,0,0
WBW130GFT2XL,0.0,1.0,1,1,0,0,0,0,0,0
WBW130GFTLAR,0.0,6.0,6,6,0,0,0,0,0,0
WBW130GFTMED,0.0,21.0,21,20,0,1,1,0,0,1
WBW130GFTSML,0.0,24.0,24,20,0,4,4,2,2,0
WBW130GFTXLR,0.0,13.0,13,13,0,0,0,0,0,0
WBW130IGOXLR,0.0,9.0,9,9,0,0,0,0,0,0
WBW130LLC2XL,8.0,27.0,35,30,0,5,5,2,2,1
WBW130LLCLAR,0.0,1.0,1,1,0,0,0,0,0,0
WBW130LLCMED,0.0,2.0,2,2,0,0,0,0,0,0
WBW130LLCSML,1.0,20.0,21,21,0,0,0,0,0,0
WBW130LLCXLR,0.0,2.0,2,2,0,0,0,0,0,0
WBW130MNBLAR,0.0,1.0,1,1,0,0,0,0,0,0
WBW130MNBMED,0.0,117.0,117,100,0,17,17,8,7,2
WBW130MNBSML,0.0,5.0,5,5,0,0,0,0,0,0
WBW130MUEMED,0.0,0.0,0,0,0,0,0,0,0,0
WBW130NVY2XL,0.0,1.0,1,1,0,0,0,0,0,0
WBW130OBR2XL,0.0,1.0,1,1,0,0,0,0,0,0
WBW130OBRLAR,0.0,2.0,2,2,0,0,0,0,0,0
WBW130OBRMED,0.0,118.0,118,101,0,17,17,8,7,2
WBW130OBRSML,0.0,6.0,6,6,0,0,0,0,0,0
WBW130TELMED,89.0,92.0,181,116,39,26,65,31,25,9
WBW130TELSML,0.0,13.0,13,13,0,0,0,0,0,0
WBW130TELXLR,0.0,1.0,1,1,0,0,0,0,0,0
WBW130TSP2XL,0.0,1.0,1,1,0,0,0,0,0,0
WBW130TSPXLR,0.0,0.0,0,0,0,0,0,0,0,0
WBW130VIO2XL,0.0,10.0,10,10,0,0,0,0,0,0
WBW130VIOLAR,0.0,8.0,8,8,0,0,0,0,0,0
WBW130VIOMED,7.0,33.0,40,34,0,6,6,3,2,1
WBW130VIOSML,4.0,19.0,23,23,0,0,0,0,0,0
WBW130VIOXLR,0.0,6.0,6,6,0,0,0,0,0,0
WBW130WLG2XL,0.0,1.0,1,1,0,0,0,0,0,0
WBW130WLG2XL579,0.0,0.0,0,0,0,0,0,0,0,0
WBW130WLGLAR,40.0,58.0,98,74,10,14,24,11,9,4
WBW130WLGLAR579,28.0,13.0,41,41,0,0,0,0,0,0
WBW130WLGMED,79.0,64.0,143,92,31,20,51,24,20,7
WBW130WLGMED579,194.0,54.0,248,161,53,34,87,41,34,12
WBW130WLGSML,12.0,25.0,37,32,0,5,5,2,2,1
WBW130WLGSML579,0.0,10.0,10,10,0,0,0,0,0,0
WBW130WLGXLR,20.0,51.0,71,61,0,10,10,5,4,1
WBW130WLGXLR579,36.0,19.0,55,49,6,0,6,3,2,1
WBW145BLK2XL,775.0,200.0,975,624,211,140,351,166,136,49
WBW145BLKLAR,1272.0,213.0,1485,971,321,193,514,243,200,71
WBW145BLKMED,1799.0,212.0,2011,1385,434,192,626,296,243,87
WBW145BLKSML,952.0,243.0,1195,765,258,172,430,203,167,60
WBW145BLKXLR,1396.0,204.0,1600,1070,346,184,530,250,206,74
WBW145CHA2XL,2.0,12.0,14,14,0,0,0,0,0,0
WBW145CHALAR,0.0,2.0,2,2,0,0,0,0,0,0
WBW145CHAMED,0.0,1.0,1,1,0,0,0,0,0,0
WBW145CHASML,37.0,15.0,52,45,7,0,7,3,3,1
WBW145CHAXLR,0.0,4.0,4,4,0,0,0,0,0,0
WBW145GFT2XL,228.0,198.0,426,273,92,61,153,72,60,21
WBW145GFTLAR,358.0,306.0,664,425,143,96,239,113,93,33
WBW145GFTMED,378.0,588.0,966,618,209,139,348,164,135,49
WBW145GFTSML,228.0,226.0,454,291,98,65,163,77,63,23
WBW145GFTXLR,358.0,307.0,665,426,143,96,239,113,93,33
WBW145GVE2XL525,230.0,202.0,432,276,94,62,156,74,61,21
WBW145GVELAR525,360.0,306.0,666,426,144,96,240,113,93,34
WBW145GVEMED525,380.0,592.0,972,622,210,140,350,165,136,49
WBW145GVESML525,230.0,227.0,457,292,99,66,165,78,64,23
WBW145GVEXLR525,360.0,312.0,672,430,145,97,242,114,94,34
WBW145IRG2XL,200.0,149.0,349,223,76,50,126,60,49,17
WBW145IRGLAR,357.0,304.0,661,423,143,95,238,112,93,33
WBW145IRGMED,766.0,199.0,965,618,208,139,347,164,135,48
WBW145IRGSML,228.0,220.0,448,287,97,64,161,76,63,22
WBW145IRGXLR,358.0,308.0,666,426,144,96,240,113,93,34
WBW145LTG2XL,0.0,1.0,1,1,0,0,0,0,0,0
WBW145LTGLAR,0.0,6.0,6,6,0,0,0,0,0,0
WBW145LTGMED,9.0,13.0,22,22,0,0,0,0,0,0
WBW145LTGSML,42.0,16.0,58,46,12,0,12,6,5,1
WBW145LTGXLR,20.0,14.0,34,34,0,0,0,0,0,0
WBW145NTC2XL,0.0,2.0,2,2,0,0,0,0,0,0
WBW145NTCLAR,0.0,1.0,1,1,0,0,0,0,0,0
WBW145NTCMED,0.0,1.0,1,1,0,0,0,0,0,0
WBW145NTCXLR,0.0,8.0,8,8,0,0,0,0,0,0
WBW145NVY2XL,275.0,148.0,423,271,91,61,152,72,59,21
WBW145NVYLAR,465.0,193.0,658,421,142,95,237,112,92,33
WBW145NVYMED,377.0,542.0,919,588,199,132,331,156,129,46
WBW145NVYSML,228.0,203.0,431,276,93,62,155,73,60,22
WBW145NVYXLR,474.0,198.0,672,430,145,97,242,114,94,34
WBW145TEL2XL,0.0,8.0,8,8,0,0,0,0,0,0
WBW145TELLAR,0.0,35.0,35,30,0,5,5,2,2,1
WBW145TELMED,19.0,12.0,31,31,0,0,0,0,0,0
WBW145TELSML,39.0,12.0,51,42,9,0,9,4,4,1
WBW145TELXLR,0.0,0.0,0,0,0,0,0,0,0,0
WBW145TSP2XL,0.0,7.0,7,7,0,0,0,0,0,0
WBW145TSPLAR,0.0,0.0,0,0,0,0,0,0,0,0
WBW145TSPXLR,0.0,5.0,5,5,0,0,0,0,0,0
WBW145VIO2XL,0.0,1.0,1,1,0,0,0,0,0,0
WBW145VIOLAR,29.0,17.0,46,46,0,0,0,0,0,0
WBW145VIOMED,22.0,20.0,42,42,0,0,0,0,0,0
WBW145VIOSML,81.0,25.0,106,78,23,5,28,13,11,4
WBW145VIOXLR,0.0,7.0,7,7,0,0,0,0,0,0
WBW146ACO2XL,0.0,8.0,8,8,0,0,0,0,0,0
WBW146ACOLAR,18.0,12.0,30,30,0,0,0,0,0,0
WBW146ACOMED,0.0,14.0,14,14,0,0,0,0,0,0
WBW146ACOXLR,23.0,14.0,37,37,0,0,0,0,0,0
WBW146BLK2XL003575,129.0,61.0,190,122,41,27,68,32,26,10
WBW146BLKLAR003575,161.0,77.0,238,152,52,34,86,41,33,12
WBW146BLKMED003575,278.0,128.0,406,260,88,58,146,69,57,20
WBW146BLKSML003575,130.0,61.0,191,122,41,28,69,33,27,9
WBW146BLKXLR003575,120.0,57.0,177,113,38,26,64,30,25,9
WBW146CHA2XL002,0.0,2.0,2,2,0,0,0,0,0,0
WBW146CHALAR002,60.0,36.0,96,61,21,14,35,17,14,4
WBW146CHAMED002,21.0,14.0,35,35,0,0,0,0,0,0
WBW146CHASML002,97.0,77.0,174,111,38,25,63,30,24,9
WBW146CHAXLR002,29.0,25.0,54,49,0,5,5,2,2,1
WBW146DMR2XL,0.0,6.0,6,6,0,0,0,0,0,0
WBW146DMRLAR,0.0,0.0,0,0,0,0,0,0,0,0
WBW146DMRMED,0.0,1.0,1,1,0,0,0,0,0,0
WBW146DMRXLR,0.0,11.0,11,11,0,0,0,0,0,0
WBW146FBE2XL,0.0,9.0,9,9,0,0,0,0,0,0
WBW146FBELAR,0.0,5.0,5,5,0,0,0,0,0,0
WBW146FBEMED,0.0,7.0,7,7,0,0,0,0,0,0
WBW146FBESML,0.0,7.0,7,7,0,0,0,0,0,0
WBW146FBEXLR,0.0,21.0,21,20,0,1,1,0,0,1
WBW146GFT2XL002,0.0,0.0,0,0,0,0,0,0,0,0
WBW146GFTLAR002,48.0,19.0,67,53,14,0,14,7,5,2
WBW146GFTMED002,15.0,13.0,28,28,0,0,0,0,0,0
WBW146GFTSML002,104.0,26.0,130,96,28,6,34,16,13,5
WBW146GFTXLR002,6.0,24.0,30,26,0,4,4,2,2,0
WBW146GLS2XL,0.0,8.0,8,8,0,0,0,0,0,0
WBW146GLSLAR,0.0,3.0,3,3,0,0,0,0,0,0
WBW146GLSMED,0.0,1.0,1,1,0,0,0,0,0,0
WBW146GLSXLR,0.0,15.0,15,15,0,0,0,0,0,0
WBW146GTH2XL,0.0,7.0,7,7,0,0,0,0,0,0
WBW146GTHLAR,8.0,18.0,26,26,0,0,0,0,0,0
WBW146GTHXLR,24.0,12.0,36,36,0,0,0,0,0,0
WBW146LLC2XL002,0.0,0.0,0,0,0,0,0,0,0,0
WBW146LLCLAR002,36.0,19.0,55,49,6,0,6,3,2,1
WBW146LLCMED002,5.0,15.0,20,20,0,0,0,0,0,0
WBW146LLCSML002,92.0,62.0,154,99,33,22,55,26,21,8
WBW146LLCXLR002,12.0,32.0,44,38,0,6,6,3,2,1
WBW146LTG2XL003575,125.0,61.0,186,119,40,27,67,32,26,9
WBW146LTGLAR003575,153.0,77.0,230,147,50,33,83,39,32,12
WBW146LTGMED003575,271.0,128.0,399,255,86,58,144,68,56,20
WBW146LTGSML003575,128.0,61.0,189,121,41,27,68,32,26,10
WBW146LTGXLR003575,114.0,57.0,171,109,37,25,62,29,24,9
WBW146MNB2XL003575,129.0,59.0,188,120,41,27,68,32,26,10
WBW146MNBLAR003575,142.0,93.0,235,150,51,34,85,40,33,12
WBW146MNBMED003575,277.0,128.0,405,259,88,58,146,69,57,20
WBW146MNBSML003575,127.0,61.0,188,120,41,27,68,32,26,10
WBW146MNBXLR003575,101.0,71.0,172,110,37,25,62,29,24,9
WBW146MTG2XL002,0.0,0.0,0,0,0,0,0,0,0,0
WBW146MTGLAR002,20.0,24.0,44,40,0,4,4,2,2,0
WBW146MTGMED002,0.0,12.0,12,12,0,0,0,0,0,0
WBW146MTGSML002,93.0,38.0,131,85,28,18,46,22,18,6
WBW146MTGXLR002,5.0,12.0,17,17,0,0,0,0,0,0
WBW146OBR2XL003575,119.0,73.0,192,123,41,28,69,33,27,9
WBW146OBRLAR003575,164.0,76.0,240,154,52,34,86,41,33,12
WBW146OBRMED003575,280.0,128.0,408,261,88,59,147,69,57,21
WBW146OBRSML003575,131.0,61.0,192,123,41,28,69,33,27,9
WBW146OBRXLR003575,123.0,57.0,180,115,39,26,65,31,25,9
WBW146TEL2XL003575,118.0,61.0,179,115,38,26,64,30,25,9
WBW146TELLAR003575,141.0,77.0,218,140,47,31,78,37,30,11
WBW146TELMED003575,269.0,128.0,397,254,86,57,143,68,56,19
WBW146TELSML003575,119.0,61.0,180,115,39,26,65,31,25,9
WBW146TELXLR003575,99.0,57.0,156,100,34,22,56,26,22,8
WBW146VIO2XL003575,108.0,67.0,175,112,38,25,63,30,24,9
WBW146VIOLAR002,52.0,50.0,102,65,22,15,37,17,14,6
WBW146VIOLAR003575,187.0,87.0,274,175,59,40,99,47,38,14
WBW146VIOMED002,8.0,29.0,37,32,0,5,5,2,2,1
WBW146VIOMED003575,276.0,150.0,426,273,92,61,153,72,60,21
WBW146VIOSML002,93.0,53.0,146,93,32,21,53,25,21,7
WBW146VIOSML003575,143.0,67.0,210,134,46,30,76,36,30,10
WBW146VIOXLR002,15.0,30.0,45,39,0,6,6,3,2,1
WBW146VIOXLR003575,127.0,87.0,214,137,46,31,77,36,30,11
WBW146WDK2XL,0.0,1.0,1,1,0,0,0,0,0,0
WBW146WDKMED,0.0,0.0,0,0,0,0,0,0,0,0
WBW146WDKXLR,0.0,8.0,8,8,0,0,0,0,0,0
WBW146WLG2XL002,0.0,0.0,0,0,0,0,0,0,0,0
WBW146WLGLAR002,27.0,14.0,41,41,0,0,0,0,0,0
WBW146WLGMED002,4.0,11.0,15,15,0,0,0,0,0,0
WBW146WLGSML002,108.0,35.0,143,97,31,15,46,22,18,6
WBW146WLGXLR002,14.0,21.0,35,34,0,1,1,0,0,1
WCSW172173CHA2XL,0.0,11.0,11,11,0,0,0,0,0,0
WCSW172173CHALAR,8.0,13.0,21,21,0,0,0,0,0,0
WCSW172173CHAMED,10.0,12.0,22,22,0,0,0,0,0,0
WCSW172173CHASML,0.0,11.0,11,11,0,0,0,0,0,0
WCSW172173CHAXLR,20.0,17.0,37,37,0,0,0,0,0,0
WCSW172173GFT2XL,0.0,0.0,0,0,0,0,0,0,0,0
WCSW172173GFTLAR,16.0,11.0,27,27,0,0,0,0,0,0
WCSW172173GFTMED,0.0,3.0,3,3,0,0,0,0,0,0
WCSW172173GFTSML,9.0,23.0,32,29,0,3,3,1,1,1
WCSW172173GFTXLR,17.0,18.0,35,35,0,0,0,0,0,0
WCSW172173LLC2XL,4.0,25.0,29,25,0,4,4,2,2,0
WCSW172173LLCLAR,11.0,19.0,30,30,0,0,0,0,0,0
WCSW172173LLCMED,0.0,6.0,6,6,0,0,0,0,0,0
WCSW172173LLCSML,8.0,24.0,32,28,0,4,4,2,2,0
WCSW172173LLCXLR,1.0,26.0,27,23,0,4,4,2,2,0
WCSW172173MTG2XL,12.0,25.0,37,32,0,5,5,2,2,1
WCSW172173MTGLAR,29.0,28.0,57,49,0,8,8,4,3,1
WCSW172173MTGMED,12.0,17.0,29,29,0,0,0,0,0,0
WCSW172173MTGSML,0.0,29.0,29,25,0,4,4,2,2,0
WCSW172173MTGXLR,56.0,19.0,75,59,16,0,16,8,6,2
WCSW172173VIO2XL,0.0,12.0,12,12,0,0,0,0,0,0
WCSW172173VIOLAR,0.0,11.0,11,11,0,0,0,0,0,0
WCSW172173VIOMED,0.0,0.0,0,0,0,0,0,0,0,0
WCSW172173VIOSML,0.0,17.0,17,17,0,0,0,0,0,0
WCSW172173VIOXLR,0.0,15.0,15,15,0,0,0,0,0,0
WCSW172173YLW2XL,0.0,21.0,21,20,0,1,1,0,0,1
WCSW172173YLWLAR,15.0,50.0,65,56,0,9,9,4,4,1
WCSW172173YLWMED,11.0,14.0,25,25,0,0,0,0,0,0
WCSW172173YLWSML,0.0,38.0,38,32,0,6,6,3,2,1
WCSW172173YLWXLR,26.0,29.0,55,47,0,8,8,4,3,1
WCSW181182LLC2XL,0.0,5.0,5,5,0,0,0,0,0,0
WCSW181182LLCLAR,0.0,14.0,14,14,0,0,0,0,0,0
WCSW181182LLCMED,0.0,8.0,8,8,0,0,0,0,0,0
WCSW181182LLCSML,0.0,2.0,2,2,0,0,0,0,0,0
WCSW181182LLCXLR,0.0,0.0,0,0,0,0,0,0,0,0
WCSW181182MTG2XL,0.0,0.0,0,0,0,0,0,0,0,0
WCSW181182MTGLAR,0.0,4.0,4,4,0,0,0,0,0,0
WCSW181182MTGMED,0.0,0.0,0,0,0,0,0,0,0,0
WCSW181182MTGSML,0.0,0.0,0,0,0,0,0,0,0,0
WCSW181182MTGXLR,0.0,0.0,0,0,0,0,0,0,0,0
WCSW181182SKY2XL,0.0,8.0,8,8,0,0,0,0,0,0
WCSW181182SKYLAR,0.0,6.0,6,6,0,0,0,0,0,0
WCSW181182SKYMED,0.0,2.0,2,2,0,0,0,0,0,0
WCSW181182SKYSML,0.0,1.0,1,1,0,0,0,0,0,0
WCSW181182SKYXLR,0.0,9.0,9,9,0,0,0,0,0,0
WCSW181182YLW2XL,0.0,3.0,3,3,0,0,0,0,0,0
WCSW181182YLWLAR,0.0,0.0,0,0,0,0,0,0,0,0
WCSW181182YLWMED,0.0,0.0,0,0,0,0,0,0,0,0
WCSW181182YLWSML,0.0,0.0,0,0,0,0,0,0,0,0
WCSW181182YLWXLR,0.0,0.0,0,0,0,0,0,0,0,0
WJWM12HTG2XL,0.0,1.0,1,1,0,0,0,0,0,0
WJWM12HTGLAR,0.0,1.0,1,1,0,0,0,0,0,0
WJWM12HTGMED,0.0,3.0,3,3,0,0,0,0,0,0
WJWM12HTGXLR,0.0,0.0,0,0,0,0,0,0,0,0
WJWM12MNB2XL,0.0,3.0,3,3,0,0,0,0,0,0
WJWM12MNBMED,0.0,0.0,0,0,0,0,0,0,0,0
WJWM12MNBXLR,0.0,0.0,0,0,0,0,0,0,0,0
WJWM12OIN2XL,0.0,0.0,0,0,0,0,0,0,0,0
WJWM12OINMED,0.0,0.0,0,0,0,0,0,0,0,0
WJWM12OINXLR,0.0,1.0,1,1,0,0,0,0,0,0
WJWM12SRT2XL,0.0,0.0,0,0,0,0,0,0,0,0
WJWM12SRTMED,0.0,0.0,0,0,0,0,0,0,0,0
WJWM12SRTXLR,0.0,0.0,0,0,0,0,0,0,0,0
WJWM13CNGXLR,0.0,0.0,0,0,0,0,0,0,0,0
WJWM13LRGMED,0.0,0.0,0,0,0,0,0,0,0,0
WJWM13LRGXLR,0.0,0.0,0,0,0,0,0,0,0,0
WJWM13MBNXLR,0.0,1.0,1,1,0,0,0,0,0,0
WJWM14BLK2XL,0.0,1.0,1,1,0,0,0,0,0,0
WJWM14BLKLAR,0.0,2.0,2,2,0,0,0,0,0,0
WJWM14BLKMED,0.0,3.0,3,3,0,0,0,0,0,0
WJWM14BLKSML,0.0,3.0,3,3,0,0,0,0,0,0
WJWM14BLKXLR,0.0,9.0,9,9,0,0,0,0,0,0
WJWM14DPK2XL,0.0,9.0,9,9,0,0,0,0,0,0
WJWM14DPKLAR,0.0,7.0,7,7,0,0,0,0,0,0
WJWM14DPKMED,0.0,8.0,8,8,0,0,0,0,0,0
WJWM14DPKSML,0.0,1.0,1,1,0,0,0,0,0,0
WJWM14DPKXLR,0.0,2.0,2,2,0,0,0,0,0,0
WJWM14MYE2XL,0.0,2.0,2,2,0,0,0,0,0,0
WJWM14MYEMED,0.0,3.0,3,3,0,0,0,0,0,0
WJWM14MYEXLR,0.0,1.0,1,1,0,0,0,0,0,0
WJWM14OGY2XL,0.0,2.0,2,2,0,0,0,0,0,0
WJWM14OGYLAR,0.0,2.0,2,2,0,0,0,0,0,0
WJWM14OGYMED,0.0,6.0,6,6,0,0,0,0,0,0
WJWM14OGYSML,0.0,1.0,1,1,0,0,0,0,0,0
WJWM14OGYXLR,0.0,10.0,10,10,0,0,0,0,0,0
WJWM14OLD2XL,0.0,6.0,6,6,0,0,0,0,0,0
WJWM14OLDLAR,0.0,4.0,4,4,0,0,0,0,0,0
WJWM14OLDMED,0.0,7.0,7,7,0,0,0,0,0,0
WJWM14OLDSML,0.0,0.0,0,0,0,0,0,0,0,0
WJWM14OLDXLR,0.0,4.0,4,4,0,0,0,0,0,0
WJWM16BLK2XL,0.0,18.0,18,18,0,0,0,0,0,0
WJWM16BLK2XL899,439.0,418.0,857,548,185,124,309,146,120,43
WJWM16BLKLAR,0.0,0.0,0,0,0,0,0,0,0,0
WJWM16BLKLAR899,798.0,504.0,1302,833,281,188,469,221,182,66
WJWM16BLKMED,0.0,1.0,1,1,0,0,0,0,0,0
WJWM16BLKMED899,594.0,342.0,936,599,202,135,337,159,131,47
WJWM16BLKSML,0.0,0.0,0,0,0,0,0,0,0,0
WJWM16BLKSML899,304.0,56.0,360,246,78,36,114,54,44,16
WJWM16BLKXLR,0.0,18.0,18,18,0,0,0,0,0,0
WJWM16BLKXLR899,914.0,604.0,1518,972,328,218,546,258,212,76
WJWM16BTE2XL,230.0,133.0,363,232,79,52,131,62,51,18
WJWM16BTELAR,380.0,222.0,602,385,130,87,217,102,84,31
WJWM16BTEMED,322.0,157.0,479,307,103,69,172,81,67,24
WJWM16BTESML,142.0,53.0,195,125,42,28,70,33,27,10
WJWM16BTEXLR,386.0,211.0,597,382,129,86,215,102,84,29
WJWM16CHA2XL,0.0,0.0,0,0,0,0,0,0,0,0
WJWM16CHALAR,0.0,5.0,5,5,0,0,0,0,0,0
WJWM16CHAMED,0.0,1.0,1,1,0,0,0,0,0,0
WJWM16CHASML,0.0,0.0,0,0,0,0,0,0,0,0
WJWM16CHAXLR,0.0,1.0,1,1,0,0,0,0,0,0
WJWM16GFT2XL,0.0,4.0,4,4,0,0,0,0,0,0
WJWM16GFTLAR,0.0,3.0,3,3,0,0,0,0,0,0
WJWM16GFTMED,0.0,1.0,1,1,0,0,0,0,0,0
WJWM16GFTSML,0.0,2.0,2,2,0,0,0,0,0,0
WJWM16GFTXLR,0.0,12.0,12,12,0,0,0,0,0,0
WJWM16KHI2XL,0.0,2.0,2,2,0,0,0,0,0,0
WJWM16KHILAR,0.0,0.0,0,0,0,0,0,0,0,0
WJWM16KHIMED,0.0,3.0,3,3,0,0,0,0,0,0
WJWM16KHISML,0.0,1.0,1,1,0,0,0,0,0,0
WJWM16KHIXLR,0.0,4.0,4,4,0,0,0,0,0,0
WJWM16LTG2XL,163.0,96.0,259,166,56,37,93,44,36,13
WJWM16LTGLAR,304.0,213.0,517,331,112,74,186,88,72,26
WJWM16LTGMED,253.0,117.0,370,237,80,53,133,63,52,18
WJWM16LTGSML,94.0,42.0,136,87,29,20,49,23,19,7
WJWM16LTGXLR,376.0,212.0,588,376,127,85,212,100,82,30
WJWM16OBR2XL,0.0,0.0,0,0,0,0,0,0,0,0
WJWM16OBR2XL899,243.0,85.0,328,210,71,47,118,56,46,16
WJWM16OBRLAR,0.0,0.0,0,0,0,0,0,0,0,0
WJWM16OBRLAR899,259.0,230.0,489,313,106,70,176,83,68,25
WJWM16OBRMED,0.0,0.0,0,0,0,0,0,0,0,0
WJWM16OBRMED899,277.0,75.0,352,225,76,51,127,60,49,18
WJWM16OBRSML,0.0,0.0,0,0,0,0,0,0,0,0
WJWM16OBRSML899,76.0,55.0,131,84,28,19,47,22,18,7
WJWM16OBRXLR899,388.0,201.0,589,377,127,85,212,100,82,30
WJWM16OGY2XL,0.0,8.0,8,8,0,0,0,0,0,0
WJWM16OGY2XL899,219.0,72.0,291,186,63,42,105,50,41,14
WJWM16OGYLAR,0.0,2.0,2,2,0,0,0,0,0,0
WJWM16OGYLAR899,292.0,241.0,533,341,115,77,192,91,75,26
WJWM16OGYMED,0.0,0.0,0,0,0,0,0,0,0,0
WJWM16OGYMED899,208.0,168.0,376,241,81,54,135,64,52,19
WJWM16OGYSML,0.0,0.0,0,0,0,0,0,0,0,0
WJWM16OGYSML899,68.0,49.0,117,75,25,17,42,20,16,6
WJWM16OGYXLR,0.0,1.0,1,1,0,0,0,0,0,0
WJWM16OGYXLR899,338.0,282.0,620,397,134,89,223,105,87,31
WJWM16UGY2XL,0.0,5.0,5,5,0,0,0,0,0,0
WJWM16UGYLAR,0.0,7.0,7,7,0,0,0,0,0,0
WJWM16UGYSML,0.0,5.0,5,5,0,0,0,0,0,0
WJWM16UGYXLR,0.0,2.0,2,2,0,0,0,0,0,0
WJWM16VIO2XL,0.0,1.0,1,1,0,0,0,0,0,0
WJWM16VIOLAR,0.0,0.0,0,0,0,0,0,0,0,0
WJWM16VIOSML,0.0,0.0,0,0,0,0,0,0,0,0
WJWM16VIOXLR,0.0,1.0,1,1,0,0,0,0,0,0
WJWM16WLG2XL,0.0,0.0,0,0,0,0,0,0,0,0
WJWM16WLGLAR,0.0,0.0,0,0,0,0,0,0,0,0
WJWM16WLGMED,0.0,0.0,0,0,0,0,0,0,0,0
WJWM16WLGSML,0.0,0.0,0,0,0,0,0,0,0,0
WJWM16WLGXLR,0.0,2.0,2,2,0,0,0,0,0,0
WJWM86AGY2XL,0.0,0.0,0,0,0,0,0,0,0,0
WJWM86AGYLAR,0.0,0.0,0,0,0,0,0,0,0,0
WJWM86AGYMED,0.0,0.0,0,0,0,0,0,0,0,0
WJWM86AGYSML,0.0,0.0,0,0,0,0,0,0,0,0
WJWM86AGYXLR,0.0,0.0,0,0,0,0,0,0,0,0
WJWM86BLE2XL879,178.0,177.0,355,227,77,51,128,60,50,18
WJWM86BLELAR879,357.0,402.0,759,486,164,109,273,129,106,38
WJWM86BLEMED879,377.0,188.0,565,362,122,81,203,96,79,28
WJWM86BLESML879,178.0,141.0,319,204,69,46,115,54,45,16
WJWM86BLEXLR879,358.0,306.0,664,425,143,96,239,113,93,33
WJWM86BLK2XL,0.0,5.0,5,5,0,0,0,0,0,0
WJWM86BLK2XL879,585.0,194.0,779,499,168,112,280,132,109,39
WJWM86BLKLAR,0.0,1.0,1,1,0,0,0,0,0,0
WJWM86BLKLAR879,1319.0,189.0,1508,1013,326,169,495,234,192,69
WJWM86BLKMED,0.0,3.0,3,3,0,0,0,0,0,0
WJWM86BLKMED879,1007.0,177.0,1184,771,256,157,413,195,161,57
WJWM86BLKSML,0.0,2.0,2,2,0,0,0,0,0,0
WJWM86BLKSML879,515.0,180.0,695,445,150,100,250,118,97,35
WJWM86BLKXLR,0.0,1.0,1,1,0,0,0,0,0,0
WJWM86BLKXLR879,1135.0,186.0,1321,869,286,166,452,213,176,63
WJWM86CNG2XL,0.0,0.0,0,0,0,0,0,0,0,0
WJWM86CNGLAR,0.0,0.0,0,0,0,0,0,0,0,0
WJWM86CNGMED,0.0,0.0,0,0,0,0,0,0,0,0
WJWM86CNGSML,0.0,0.0,0,0,0,0,0,0,0,0
WJWM86CNGXLR,0.0,0.0,0,0,0,0,0,0,0,0
WJWM86LTG2XL,0.0,0.0,0,0,0,0,0,0,0,0
WJWM86LTGLAR,0.0,0.0,0,0,0,0,0,0,0,0
WJWM86LTGMED,0.0,0.0,0,0,0,0,0,0,0,0
WJWM86LTGSML,0.0,3.0,3,3,0,0,0,0,0,0
WJWM86LTGXLR,0.0,0.0,0,0,0,0,0,0,0,0
WJWM86NYB2XL,0.0,1.0,1,1,0,0,0,0,0,0
WJWM86NYBLAR,0.0,4.0,4,4,0,0,0,0,0,0
WJWM86NYBMED,0.0,0.0,0,0,0,0,0,0,0,0
WJWM86NYBSML,0.0,3.0,3,3,0,0,0,0,0,0
WJWM86OBR2XL,0.0,0.0,0,0,0,0,0,0,0,0
WJWM86OBR2XL879,215.0,76.0,291,186,63,42,105,50,41,14
WJWM86OBRLAR,0.0,0.0,0,0,0,0,0,0,0,0
WJWM86OBRLAR879,446.0,194.0,640,410,138,92,230,109,89,32
WJWM86OBRMED,0.0,1.0,1,1,0,0,0,0,0,0
WJWM86OBRMED879,312.0,195.0,507,324,110,73,183,86,71,26
WJWM86OBRSML,0.0,0.0,0,0,0,0,0,0,0,0
WJWM86OBRSML879,144.0,149.0,293,188,63,42,105,50,41,14
WJWM86OBRXLR,0.0,0.0,0,0,0,0,0,0,0,0
WJWM86OBRXLR879,368.0,198.0,566,362,122,82,204,96,79,29
WJWM86OGY2XL879,126.0,150.0,276,177,59,40,99,47,38,14
WJWM86OGYLAR879,282.0,264.0,546,349,118,79,197,93,77,27
WJWM86OGYMED879,326.0,105.0,431,276,93,62,155,73,60,22
WJWM86OGYSML879,155.0,114.0,269,172,58,39,97,46,38,13
WJWM86OGYXLR879,283.0,226.0,509,326,110,73,183,86,71,26
WJWM86SKOLAR,0.0,0.0,0,0,0,0,0,0,0,0
WJWM86SKOMED,0.0,0.0,0,0,0,0,0,0,0,0
WJWM86SKOSML,0.0,0.0,0,0,0,0,0,0,0,0
WJWM86SKOXLR,0.0,1.0,1,1,0,0,0,0,0,0
WJWM86UGY2XL,0.0,0.0,0,0,0,0,0,0,0,0
WJWM86UGYLAR,0.0,0.0,0,0,0,0,0,0,0,0
WJWM86UGYMED,0.0,0.0,0,0,0,0,0,0,0,0
WJWM86UGYSML,0.0,0.0,0,0,0,0,0,0,0,0
WJWM86UGYXLR,0.0,0.0,0,0,0,0,0,0,0,0
WJWM86WLG2XL,0.0,0.0,0,0,0,0,0,0,0,0
WJWM86WLG2XL879,206.0,147.0,353,226,76,51,127,60,49,18
WJWM86WLGLAR,0.0,2.0,2,2,0,0,0,0,0,0
WJWM86WLGLAR879,536.0,195.0,731,468,158,105,263,124,102,37
WJWM86WLGMED,0.0,0.0,0,0,0,0,0,0,0,0
WJWM86WLGMED879,368.0,196.0,564,361,122,81,203,96,79,28
WJWM86WLGSML,0.0,1.0,1,1,0,0,0,0,0,0
WJWM86WLGSML879,172.0,149.0,321,205,70,46,116,55,45,16
WJWM86WLGXLR,0.0,0.0,0,0,0,0,0,0,0,0
WJWM86WLGXLR879,469.0,196.0,665,426,143,96,239,113,93,33
WPOR65BLK2XL599,11.0,10.0,21,21,0,0,0,0,0,0
WPOR65BLKLAR,0.0,2.0,2,2,0,0,0,0,0,0
WPOR65BLKLAR599,51.0,11.0,62,49,13,0,13,6,5,2
WPOR65BLKMED599,91.0,49.0,140,90,30,20,50,24,19,7
WPOR65BLKSML,0.0,1.0,1,1,0,0,0,0,0,0
WPOR65BLKSML599,27.0,14.0,41,41,0,0,0,0,0,0
WPOR65BLKXLR,0.0,2.0,2,2,0,0,0,0,0,0
WPOR65BLKXLR599,116.0,63.0,179,115,38,26,64,30,25,9
WPOR65CGYMED,0.0,15.0,15,15,0,0,0,0,0,0
WPOR65CGYSML,0.0,1.0,1,1,0,0,0,0,0,0
WPOR65CGYXLR,0.0,8.0,8,8,0,0,0,0,0,0
WPOR65CHA2XL,3.0,19.0,22,22,0,0,0,0,0,0
WPOR65CHALAR,8.0,10.0,18,18,0,0,0,0,0,0
WPOR65CHAMED,22.0,10.0,32,32,0,0,0,0,0,0
WPOR65CHASML,18.0,15.0,33,33,0,0,0,0,0,0
WPOR65CHAXLR,67.0,13.0,80,63,17,0,17,8,7,2
WPOR65GFT2XL,0.0,17.0,17,17,0,0,0,0,0,0
WPOR65GFTLAR,0.0,10.0,10,10,0,0,0,0,0,0
WPOR65GFTMED,10.0,16.0,26,26,0,0,0,0,0,0
WPOR65GFTSML,0.0,11.0,11,11,0,0,0,0,0,0
WPOR65GFTXLR,0.0,10.0,10,10,0,0,0,0,0,0
WPOR65IGOMED,0.0,0.0,0,0,0,0,0,0,0,0
WPOR65LGN2XL,0.0,4.0,4,4,0,0,0,0,0,0
WPOR65LGNLAR,0.0,11.0,11,11,0,0,0,0,0,0
WPOR65LGNMED,12.0,24.0,36,32,0,4,4,2,2,0
WPOR65LGNXLR,11.0,25.0,36,31,0,5,5,2,2,1
WPOR65LTG2XL,0.0,16.0,16,16,0,0,0,0,0,0
WPOR65LTGLAR,0.0,10.0,10,10,0,0,0,0,0,0
WPOR65LTGMED,0.0,3.0,3,3,0,0,0,0,0,0
WPOR65LTGSML,17.0,16.0,33,33,0,0,0,0,0,0
WPOR65LTGXLR,20.0,16.0,36,36,0,0,0,0,0,0
WPOR65MAE2XL,0.0,9.0,9,9,0,0,0,0,0,0
WPOR65MAELAR,0.0,9.0,9,9,0,0,0,0,0,0
WPOR65MAEMED,6.0,14.0,20,20,0,0,0,0,0,0
WPOR65MAEXLR,2.0,13.0,15,15,0,0,0,0,0,0
WPOR65MGNLAR,0.0,0.0,0,0,0,0,0,0,0,0
WPOR65MGNMED,0.0,16.0,16,16,0,0,0,0,0,0
WPOR65MGNXLR,0.0,13.0,13,13,0,0,0,0,0,0
WPOR65VIO2XL,5.0,12.0,17,17,0,0,0,0,0,0
WPOR65VIOLAR,0.0,16.0,16,16,0,0,0,0,0,0
WPOR65VIOMED,6.0,11.0,17,17,0,0,0,0,0,0
WPOR65VIOSML,0.0,15.0,15,15,0,0,0,0,0,0
WPOR65VIOXLR,4.0,20.0,24,24,0,0,0,0,0,0
WPOR75AGY2XL,0.0,45.0,45,39,0,6,6,3,2,1
WPOR75AGYLAR,0.0,86.0,86,74,0,12,12,6,5,1
WPOR75AGYMED,0.0,107.0,107,91,0,16,16,8,6,2
WPOR75AGYSML,0.0,13.0,13,13,0,0,0,0,0,0
WPOR75AGYXLR,0.0,38.0,38,32,0,6,6,3,2,1
WPOR75BLE2XL,0.0,9.0,9,9,0,0,0,0,0,0
WPOR75BLEMED,0.0,0.0,0,0,0,0,0,0,0,0
WPOR75BLESML,0.0,0.0,0,0,0,0,0,0,0,0
WPOR75BLEXLR,0.0,4.0,4,4,0,0,0,0,0,0
WPOR75BLK2XL,0.0,0.0,0,0,0,0,0,0,0,0
WPOR75BLK2XLR,0.0,0.0,0,0,0,0,0,0,0,0
WPOR75BLK2XLR649,0.0,28.0,28,24,0,4,4,2,2,0
WPOR75BLK2XLR699,0.0,22.0,22,20,0,2,2,1,1,0
WPOR75BLKLAR,0.0,0.0,0,0,0,0,0,0,0,0
WPOR75BLKLAR649,53.0,47.0,100,64,22,14,36,17,14,5
WPOR75BLKLAR699,56.0,43.0,99,63,22,14,36,17,14,5
WPOR75BLKMED,0.0,1.0,1,1,0,0,0,0,0,0
WPOR75BLKMED649,70.0,60.0,130,83,28,19,47,22,18,7
WPOR75BLKMED699,66.0,43.0,109,70,23,16,39,18,15,6
WPOR75BLKSML,0.0,1.0,1,1,0,0,0,0,0,0
WPOR75BLKSML649,16.0,12.0,28,28,0,0,0,0,0,0
WPOR75BLKSML699,0.0,8.0,8,8,0,0,0,0,0,0
WPOR75BLKXLR,0.0,1.0,1,1,0,0,0,0,0,0
WPOR75BLKXLR649,0.0,39.0,39,33,0,6,6,3,2,1
WPOR75BLKXLR699,59.0,18.0,77,60,17,0,17,8,7,2
WPOR75BTE2XL,0.0,1.0,1,1,0,0,0,0,0,0
WPOR75BTELAR,0.0,0.0,0,0,0,0,0,0,0,0
WPOR75BTEMED,0.0,9.0,9,9,0,0,0,0,0,0
WPOR75BTESML,0.0,12.0,12,12,0,0,0,0,0,0
WPOR75BTEXLR,0.0,0.0,0,0,0,0,0,0,0,0
WPOR75CHA2XL,0.0,0.0,0,0,0,0,0,0,0,0
WPOR75CHAMED,0.0,0.0,0,0,0,0,0,0,0,0
WPOR75CHASML,0.0,24.0,24,20,0,4,4,2,2,0
WPOR75CNG2XL,0.0,1.0,1,1,0,0,0,0,0,0
WPOR75CNG2XL699,0.0,34.0,34,29,0,5,5,2,2,1
WPOR75CNGLAR,0.0,0.0,0,0,0,0,0,0,0,0
WPOR75CNGLAR699,0.0,63.0,63,54,0,9,9,4,4,1
WPOR75CNGMED,0.0,3.0,3,3,0,0,0,0,0,0
WPOR75CNGMED699,0.0,68.0,68,58,0,10,10,5,4,1
WPOR75CNGSML,0.0,0.0,0,0,0,0,0,0,0,0
WPOR75CNGSML699,0.0,9.0,9,9,0,0,0,0,0,0
WPOR75CNGXLR699,0.0,13.0,13,13,0,0,0,0,0,0
WPOR75DPK2XL,0.0,9.0,9,9,0,0,0,0,0,0
WPOR75DPKLAR,0.0,2.0,2,2,0,0,0,0,0,0
WPOR75DPKMED,0.0,4.0,4,4,0,0,0,0,0,0
WPOR75DPKSML,0.0,0.0,0,0,0,0,0,0,0,0
WPOR75DPKXLR,0.0,10.0,10,10,0,0,0,0,0,0
WPOR75FPELAR,0.0,0.0,0,0,0,0,0,0,0,0
WPOR75FPEMED,0.0,0.0,0,0,0,0,0,0,0,0
WPOR75FPESML,0.0,0.0,0,0,0,0,0,0,0,0
WPOR75FPEXLR,0.0,0.0,0,0,0,0,0,0,0,0
WPOR75GFT2XL,0.0,4.0,4,4,0,0,0,0,0,0
WPOR75GFT2XL649,0.0,0.0,0,0,0,0,0,0,0,0
WPOR75GFT2XL699,52.0,21.0,73,56,16,1,17,8,7,2
WPOR75GFTLAR649,0.0,25.0,25,21,0,4,4,2,2,0
WPOR75GFTLAR699,110.0,50.0,160,102,35,23,58,27,23,8
WPOR75GFTMED,0.0,1.0,1,1,0,0,0,0,0,0
WPOR75GFTMED649,6.0,27.0,33,28,0,5,5,2,2,1
WPOR75GFTMED699,141.0,57.0,198,127,43,28,71,34,28,9
WPOR75GFTSML,0.0,10.0,10,10,0,0,0,0,0,0
WPOR75GFTSML649,9.0,17.0,26,26,0,0,0,0,0,0
WPOR75GFTSML699,19.0,17.0,36,36,0,0,0,0,0,0
WPOR75GFTXLR,0.0,0.0,0,0,0,0,0,0,0,0
WPOR75GFTXLR649,47.0,23.0,70,52,15,3,18,8,7,3
WPOR75GFTXLR699,33.0,50.0,83,68,3,12,15,7,6,2
WPOR75HBELAR,0.0,3.0,3,3,0,0,0,0,0,0
WPOR75HBEXLR,0.0,1.0,1,1,0,0,0,0,0,0
WPOR75HTR2XL,0.0,1.0,1,1,0,0,0,0,0,0
WPOR75HTRLAR,0.0,1.0,1,1,0,0,0,0,0,0
WPOR75HTRMED,0.0,4.0,4,4,0,0,0,0,0,0
WPOR75HTRXLR,0.0,5.0,5,5,0,0,0,0,0,0
WPOR75IGOLAR,0.0,0.0,0,0,0,0,0,0,0,0
WPOR75IGOMED,0.0,0.0,0,0,0,0,0,0,0,0
WPOR75IGOSML,0.0,0.0,0,0,0,0,0,0,0,0
WPOR75IGOXLR,0.0,0.0,0,0,0,0,0,0,0,0
WPOR75IRG2XL,0.0,6.0,6,6,0,0,0,0,0,0
WPOR75IRGLAR,0.0,6.0,6,6,0,0,0,0,0,0
WPOR75IRGMED,0.0,11.0,11,11,0,0,0,0,0,0
WPOR75IRGSML,0.0,21.0,21,20,0,1,1,0,0,1
WPOR75IRGXLR,0.0,5.0,5,5,0,0,0,0,0,0
WPOR75LGNLAR,0.0,0.0,0,0,0,0,0,0,0,0
WPOR75LGNMED,0.0,1.0,1,1,0,0,0,0,0,0
WPOR75LGNSML,0.0,2.0,2,2,0,0,0,0,0,0
WPOR75LGNXLR,0.0,0.0,0,0,0,0,0,0,0,0
WPOR75LLC2XL,0.0,6.0,6,6,0,0,0,0,0,0
WPOR75LLCMED,0.0,1.0,1,1,0,0,0,0,0,0
WPOR75LLCSML,0.0,11.0,11,11,0,0,0,0,0,0
WPOR75LLCXLR,0.0,3.0,3,3,0,0,0,0,0,0
WPOR75LTG2XL,0.0,30.0,30,26,0,4,4,2,2,0
WPOR75LTG2XL699,43.0,16.0,59,46,13,0,13,6,5,2
WPOR75LTGLAR,0.0,35.0,35,30,0,5,5,2,2,1
WPOR75LTGLAR699,0.0,49.0,49,42,0,7,7,3,3,1
WPOR75LTGMED,0.0,18.0,18,18,0,0,0,0,0,0
WPOR75LTGMED699,0.0,52.0,52,44,0,8,8,4,3,1
WPOR75LTGSML,0.0,16.0,16,16,0,0,0,0,0,0
WPOR75LTGSML699,13.0,10.0,23,23,0,0,0,0,0,0
WPOR75LTGXLR,2.0,40.0,42,36,0,6,6,3,2,1
WPOR75LTGXLR699,0.0,0.0,0,0,0,0,0,0,0,0
WPOR75MSA2XL,0.0,2.0,2,2,0,0,0,0,0,0
WPOR75MSALAR,0.0,0.0,0,0,0,0,0,0,0,0
WPOR75MSAMED,0.0,7.0,7,7,0,0,0,0,0,0
WPOR75MSASML,0.0,18.0,18,18,0,0,0,0,0,0
WPOR75MSAXLR,0.0,6.0,6,6,0,0,0,0,0,0
WPOR75MYE2XL,0.0,2.0,2,2,0,0,0,0,0,0
WPOR75MYELAR,0.0,0.0,0,0,0,0,0,0,0,0
WPOR75MYEMED,0.0,0.0,0,0,0,0,0,0,0,0
WPOR75MYESML,0.0,5.0,5,5,0,0,0,0,0,0
WPOR75NYB2XL,0.0,3.0,3,3,0,0,0,0,0,0
WPOR75NYBLAR,0.0,0.0,0,0,0,0,0,0,0,0
WPOR75NYBSML,0.0,25.0,25,21,0,4,4,2,2,0
WPOR75NYBXLR,0.0,0.0,0,0,0,0,0,0,0,0
WPOR75OBR2XL,1.0,23.0,24,21,0,3,3,1,1,1
WPOR75OBR2XL649,0.0,12.0,12,12,0,0,0,0,0,0
WPOR75OBR2XL699,85.0,26.0,111,81,24,6,30,14,12,4
WPOR75OBRLAR,0.0,23.0,23,20,0,3,3,1,1,1
WPOR75OBRLAR649,0.0,19.0,19,19,0,0,0,0,0,0
WPOR75OBRLAR699,182.0,50.0,232,152,50,30,80,38,31,11
WPOR75OBRMED,1.0,12.0,13,13,0,0,0,0,0,0
WPOR75OBRMED649,0.0,17.0,17,17,0,0,0,0,0,0
WPOR75OBRMED699,193.0,54.0,247,160,53,34,87,41,34,12
WPOR75OBRSML,0.0,2.0,2,2,0,0,0,0,0,0
WPOR75OBRSML649,0.0,24.0,24,20,0,4,4,2,2,0
WPOR75OBRSML699,0.0,0.0,0,0,0,0,0,0,0,0
WPOR75OBRXLR,0.0,11.0,11,11,0,0,0,0,0,0
WPOR75OBRXLR649,0.0,29.0,29,25,0,4,4,2,2,0
WPOR75OBRXLR699,41.0,40.0,81,58,11,12,23,11,9,3
WPOR75SKO2XL,0.0,13.0,13,13,0,0,0,0,0,0
WPOR75SKO2XL649,10.0,20.0,30,30,0,0,0,0,0,0
WPOR75SKOLAR,0.0,13.0,13,13,0,0,0,0,0,0
WPOR75SKOLAR649,0.0,12.0,12,12,0,0,0,0,0,0
WPOR75SKOMED,0.0,14.0,14,14,0,0,0,0,0,0
WPOR75SKOMED649,0.0,9.0,9,9,0,0,0,0,0,0
WPOR75SKOSML,0.0,2.0,2,2,0,0,0,0,0,0
WPOR75SKOSML649,0.0,2.0,2,2,0,0,0,0,0,0
WPOR75SKOXLR,0.0,23.0,23,20,0,3,3,1,1,1
WPOR75SKOXLR649,26.0,11.0,37,37,0,0,0,0,0,0
WPOR75TRN2XL,0.0,5.0,5,5,0,0,0,0,0,0
WPOR75TRNLAR,0.0,57.0,57,49,0,8,8,4,3,1
WPOR75TRNMED,0.0,1.0,1,1,0,0,0,0,0,0
WPOR75TRNSML,0.0,0.0,0,0,0,0,0,0,0,0
WPOR75TRNXLR,0.0,3.0,3,3,0,0,0,0,0,0
WPOR75TSPMED,0.0,1.0,1,1,0,0,0,0,0,0
WPOR75VIOLAR,0.0,0.0,0,0,0,0,0,0,0,0
WPOR75VIOMED,0.0,0.0,0,0,0,0,0,0,0,0
WPOR75VIOSML,0.0,0.0,0,0,0,0,0,0,0,0
WPOR75VIOXLR,0.0,0.0,0,0,0,0,0,0,0,0
WPOR75WLG2XL,0.0,4.0,4,4,0,0,0,0,0,0
WPOR75WLG2XL649,0.0,15.0,15,15,0,0,0,0,0,0
WPOR75WLGLAR,0.0,9.0,9,9,0,0,0,0,0,0
WPOR75WLGLAR649,0.0,46.0,46,39,0,7,7,3,3,1
WPOR75WLGMED,0.0,4.0,4,4,0,0,0,0,0,0
WPOR75WLGMED649,0.0,4.0,4,4,0,0,0,0,0,0
WPOR75WLGSML649,0.0,0.0,0,0,0,0,0,0,0,0
WPOR75WLGXLR,0.0,0.0,0,0,0,0,0,0,0,0
WPOR75WLGXLR649,0.0,10.0,10,10,0,0,0,0,0,0
WPW101NVYLAR,0.0,1.0,1,1,0,0,0,0,0,0
WPW110ACO2XL004,0.0,8.0,8,8,0,0,0,0,0,0
WPW110ACOLAR004,0.0,1.0,1,1,0,0,0,0,0,0
WPW110ACOMED004,2.0,15.0,17,17,0,0,0,0,0,0
WPW110ACOXLR004,0.0,7.0,7,7,0,0,0,0,0,0
WPW110BHS2XL005,0.0,0.0,0,0,0,0,0,0,0,0
WPW110BHSLAR005,0.0,27.0,27,23,0,4,4,2,2,0
WPW110BHSMED005,0.0,5.0,5,5,0,0,0,0,0,0
WPW110BHSSML005,0.0,3.0,3,3,0,0,0,0,0,0
WPW110BHSXLR005,0.0,7.0,7,7,0,0,0,0,0,0
WPW110BKD2XL005,0.0,4.0,4,4,0,0,0,0,0,0
WPW110BKDLAR005,0.0,5.0,5,5,0,0,0,0,0,0
WPW110BKDMED005,0.0,5.0,5,5,0,0,0,0,0,0
WPW110BKDSML005,0.0,3.0,3,3,0,0,0,0,0,0
WPW110BKDXLR005,0.0,8.0,8,8,0,0,0,0,0,0
WPW110BLPLAR005,0.0,5.0,5,5,0,0,0,0,0,0
WPW110BLPMED005,0.0,16.0,16,16,0,0,0,0,0,0
WPW110BLPSML005,0.0,3.0,3,3,0,0,0,0,0,0
WPW110BLPXLR005,0.0,1.0,1,1,0,0,0,0,0,0
WPW110CHA2XL006,0.0,4.0,4,4,0,0,0,0,0,0
WPW110CHALAR006,0.0,1.0,1,1,0,0,0,0,0,0
WPW110CHAMED006,0.0,5.0,5,5,0,0,0,0,0,0
WPW110CHASML006,0.0,2.0,2,2,0,0,0,0,0,0
WPW110CHAXLR006,0.0,0.0,0,0,0,0,0,0,0,0
WPW110CLBMED,0.0,1.0,1,1,0,0,0,0,0,0
WPW110CSDSML003,0.0,1.0,1,1,0,0,0,0,0,0
WPW110DMR2XL004,0.0,0.0,0,0,0,0,0,0,0,0
WPW110DMRMED004,0.0,7.0,7,7,0,0,0,0,0,0
WPW110FBE2XL004,0.0,3.0,3,3,0,0,0,0,0,0
WPW110FBELAR004,0.0,0.0,0,0,0,0,0,0,0,0
WPW110FBEMED004,0.0,6.0,6,6,0,0,0,0,0,0
WPW110FBEXLR004,0.0,1.0,1,1,0,0,0,0,0,0
WPW110FNSLAR,0.0,1.0,1,1,0,0,0,0,0,0
WPW110GCOLAR005,0.0,18.0,18,18,0,0,0,0,0,0
WPW110GCOMED005,0.0,14.0,14,14,0,0,0,0,0,0
WPW110GCOSML005,0.0,4.0,4,4,0,0,0,0,0,0
WPW110GCOXLR005,0.0,7.0,7,7,0,0,0,0,0,0
WPW110GFT2XL006,0.0,0.0,0,0,0,0,0,0,0,0
WPW110GFTLAR006,0.0,0.0,0,0,0,0,0,0,0,0
WPW110GFTMED006,0.0,7.0,7,7,0,0,0,0,0,0
WPW110GFTSML006,0.0,11.0,11,11,0,0,0,0,0,0
WPW110GFTXLR006,0.0,1.0,1,1,0,0,0,0,0,0
WPW110GLS2XL004,0.0,5.0,5,5,0,0,0,0,0,0
WPW110GLSLAR004,0.0,8.0,8,8,0,0,0,0,0,0
WPW110GLSMED004,0.0,17.0,17,17,0,0,0,0,0,0
WPW110GLSXLR004,0.0,3.0,3,3,0,0,0,0,0,0
WPW110GTHLAR004,0.0,1.0,1,1,0,0,0,0,0,0
WPW110GTHMED004,0.0,9.0,9,9,0,0,0,0,0,0
WPW110LCC2XL005,0.0,10.0,10,10,0,0,0,0,0,0
WPW110LCCMED005,0.0,4.0,4,4,0,0,0,0,0,0
WPW110LCCSML005,0.0,0.0,0,0,0,0,0,0,0,0
WPW110LCCXLR005,0.0,6.0,6,6,0,0,0,0,0,0
WPW110LLC2XL006,0.0,11.0,11,11,0,0,0,0,0,0
WPW110LLCLAR006,0.0,0.0,0,0,0,0,0,0,0,0
WPW110LLCMED006,0.0,18.0,18,18,0,0,0,0,0,0
WPW110LLCSML006,0.0,6.0,6,6,0,0,0,0,0,0
WPW110LLCXLR006,0.0,2.0,2,2,0,0,0,0,0,0
WPW110MTG2XL006,0.0,3.0,3,3,0,0,0,0,0,0
WPW110MTGLAR006,0.0,0.0,0,0,0,0,0,0,0,0
WPW110MTGMED006,0.0,3.0,3,3,0,0,0,0,0,0
WPW110MTGSML006,0.0,2.0,2,2,0,0,0,0,0,0
WPW110MTGXLR006,0.0,0.0,0,0,0,0,0,0,0,0
WPW110PKP2XL005,0.0,3.0,3,3,0,0,0,0,0,0
WPW110PKPLAR005,0.0,2.0,2,2,0,0,0,0,0,0
WPW110PKPMED005,0.0,6.0,6,6,0,0,0,0,0,0
WPW110PKPSML005,0.0,3.0,3,3,0,0,0,0,0,0
WPW110PKPXLR005,0.0,1.0,1,1,0,0,0,0,0,0
WPW110PLSMED003,0.0,1.0,1,1,0,0,0,0,0,0
WPW110PLSSML003,0.0,5.0,5,5,0,0,0,0,0,0
WPW110RFTMED003,0.0,1.0,1,1,0,0,0,0,0,0
WPW110RFTSML003,0.0,2.0,2,2,0,0,0,0,0,0
WPW110SWS2XL003,0.0,1.0,1,1,0,0,0,0,0,0
WPW110SWSMED003,0.0,12.0,12,12,0,0,0,0,0,0
WPW110SWSSML003,0.0,6.0,6,6,0,0,0,0,0,0
WPW110VIO2XL006,0.0,3.0,3,3,0,0,0,0,0,0
WPW110VIOLAR006,0.0,0.0,0,0,0,0,0,0,0,0
WPW110VIOMED006,0.0,3.0,3,3,0,0,0,0,0,0
WPW110VIOSML006,1.0,13.0,14,14,0,0,0,0,0,0
WPW110VIOXLR006,0.0,2.0,2,2,0,0,0,0,0,0
WPW110WDKLAR004,0.0,0.0,0,0,0,0,0,0,0,0
WPW110WDKXLR004,0.0,0.0,0,0,0,0,0,0,0,0
WPW110WLG2XL006,0.0,7.0,7,7,0,0,0,0,0,0
WPW110WLGLAR006,0.0,1.0,1,1,0,0,0,0,0,0
WPW110WLGMED006,0.0,7.0,7,7,0,0,0,0,0,0
WPW110WLGSML006,0.0,6.0,6,6,0,0,0,0,0,0
WPW110WLGXLR006,0.0,1.0,1,1,0,0,0,0,0,0
WPW111HMS2XL,0.0,0.0,0,0,0,0,0,0,0,0
WPW111HMSXLR,0.0,1.0,1,1,0,0,0,0,0,0
WPW111SRTMED,0.0,1.0,1,1,0,0,0,0,0,0
WPW115ADPLAR,0.0,1.0,1,1,0,0,0,0,0,0
WPW115ADPMED,0.0,8.0,8,8,0,0,0,0,0,0
WPW115ADPXLR,0.0,1.0,1,1,0,0,0,0,0,0
WPW115BLK2XL,0.0,2.0,2,2,0,0,0,0,0,0
WPW115BLKLAR,0.0,5.0,5,5,0,0,0,0,0,0
WPW115BLKMED,0.0,1.0,1,1,0,0,0,0,0,0
WPW115BLKXLR,0.0,0.0,0,0,0,0,0,0,0,0
WPW115CGY2XL,0.0,6.0,6,6,0,0,0,0,0,0
WPW115CGYLAR,91.0,14.0,105,82,23,0,23,11,9,3
WPW115CGYMED,44.0,45.0,89,62,14,13,27,13,10,4
WPW115CGYXLR,27.0,12.0,39,39,0,0,0,0,0,0
WPW115ESY2XL,0.0,10.0,10,10,0,0,0,0,0,0
WPW115ESYLAR,0.0,0.0,0,0,0,0,0,0,0,0
WPW115ESYMED,0.0,1.0,1,1,0,0,0,0,0,0
WPW115ESYXLR,0.0,3.0,3,3,0,0,0,0,0,0
WPW115FPE2XL,0.0,0.0,0,0,0,0,0,0,0,0
WPW115FPELAR,0.0,1.0,1,1,0,0,0,0,0,0
WPW115FPEMED,0.0,82.0,82,70,0,12,12,6,5,1
WPW115FPEXLR,0.0,0.0,0,0,0,0,0,0,0,0
WPW115IGOLAR,0.0,0.0,0,0,0,0,0,0,0,0
WPW115IGOMED,0.0,0.0,0,0,0,0,0,0,0,0
WPW115IGOXLR,0.0,0.0,0,0,0,0,0,0,0,0
WPW115SRT2XL,0.0,1.0,1,1,0,0,0,0,0,0
WPW115SRTLAR,0.0,0.0,0,0,0,0,0,0,0,0
WPW115SRTMED,0.0,1.0,1,1,0,0,0,0,0,0
WPW115SRTXLR,0.0,0.0,0,0,0,0,0,0,0,0
WPW116BLK2XL,0.0,0.0,0,0,0,0,0,0,0,0
WPW116BLKLAR,0.0,0.0,0,0,0,0,0,0,0,0
WPW116BLKMED,0.0,6.0,6,6,0,0,0,0,0,0
WPW116BLKXLR,0.0,0.0,0,0,0,0,0,0,0,0
WPW116IRG2XL,0.0,0.0,0,0,0,0,0,0,0,0
WPW116IRGLAR,0.0,0.0,0,0,0,0,0,0,0,0
WPW116IRGMED,0.0,0.0,0,0,0,0,0,0,0,0
WPW116IRGSML,0.0,0.0,0,0,0,0,0,0,0,0
WPW116IRGXLR,0.0,1.0,1,1,0,0,0,0,0,0
WPW116RRNLAR,0.0,0.0,0,0,0,0,0,0,0,0
WPW116RRNMED,0.0,3.0,3,3,0,0,0,0,0,0
WPW116RRNXLR,0.0,0.0,0,0,0,0,0,0,0,0
WPW116VIO2XL,0.0,0.0,0,0,0,0,0,0,0,0
WPW116VIOLAR,0.0,0.0,0,0,0,0,0,0,0,0
WPW116VIOMED,0.0,7.0,7,7,0,0,0,0,0,0
WPW116VIOSML,9.0,13.0,22,22,0,0,0,0,0,0
WPW116VIOXLR,0.0,3.0,3,3,0,0,0,0,0,0
WPW126BLKSML,0.0,0.0,0,0,0,0,0,0,0,0
WPW126BLKXLR,0.0,0.0,0,0,0,0,0,0,0,0
WPW126MNBXLR,0.0,5.0,5,5,0,0,0,0,0,0
WPW126OBR2XL,0.0,1.0,1,1,0,0,0,0,0,0
WPW126OBRLAR,0.0,1.0,1,1,0,0,0,0,0,0
WPW126OBRSML,0.0,2.0,2,2,0,0,0,0,0,0
WPW126OGY2XL,0.0,1.0,1,1,0,0,0,0,0,0
WPW126OGYLAR,7.0,19.0,26,26,0,0,0,0,0,0
WPW126OGYMED,3.0,19.0,22,22,0,0,0,0,0,0
WPW126OGYSML,0.0,0.0,0,0,0,0,0,0,0,0
WPW126OGYXLR,0.0,5.0,5,5,0,0,0,0,0,0
WPW126TRN2XL,0.0,8.0,8,8,0,0,0,0,0,0
WPW126TRNLAR,0.0,4.0,4,4,0,0,0,0,0,0
WPW126TRNMED,0.0,1.0,1,1,0,0,0,0,0,0
WPW126TRNSML,0.0,4.0,4,4,0,0,0,0,0,0
WPW126TRNXLR,0.0,4.0,4,4,0,0,0,0,0,0
WPW126TSP2XL,0.0,5.0,5,5,0,0,0,0,0,0
WPW126TSPLAR,0.0,4.0,4,4,0,0,0,0,0,0
WPW126TSPMED,0.0,19.0,19,19,0,0,0,0,0,0
WPW126TSPSML,0.0,16.0,16,16,0,0,0,0,0,0
WPW126TSPXLR,0.0,3.0,3,3,0,0,0,0,0,0
WPW127BLKLAR,0.0,0.0,0,0,0,0,0,0,0,0
WPW127BLKMED,0.0,0.0,0,0,0,0,0,0,0,0
WPW127BLKSML,0.0,0.0,0,0,0,0,0,0,0,0
WPW127BLKXLR,0.0,0.0,0,0,0,0,0,0,0,0
WPW127BTELAR,0.0,0.0,0,0,0,0,0,0,0,0
WPW127BTEMED,0.0,0.0,0,0,0,0,0,0,0,0
WPW127BTESML,0.0,0.0,0,0,0,0,0,0,0,0
WPW127BTEXLR,0.0,0.0,0,0,0,0,0,0,0,0
WPW127CGYLAR,0.0,0.0,0,0,0,0,0,0,0,0
WPW127CGYMED,0.0,0.0,0,0,0,0,0,0,0,0
WPW127CGYSML,0.0,0.0,0,0,0,0,0,0,0,0
WPW127CGYXLR,0.0,0.0,0,0,0,0,0,0,0,0
WPW127IGOLAR,0.0,0.0,0,0,0,0,0,0,0,0
WPW127IGOMED,0.0,0.0,0,0,0,0,0,0,0,0
WPW127IGOSML,0.0,0.0,0,0,0,0,0,0,0,0
WPW127IGOXLR,0.0,0.0,0,0,0,0,0,0,0,0
WPW127SRTLAR,0.0,0.0,0,0,0,0,0,0,0,0
WPW127SRTMED,0.0,3.0,3,3,0,0,0,0,0,0
WPW127SRTSML,0.0,0.0,0,0,0,0,0,0,0,0
WPW127SRTXLR,0.0,0.0,0,0,0,0,0,0,0,0
WPW133BVM2XL,0.0,4.0,4,4,0,0,0,0,0,0
WPW133BVMLAR,0.0,25.0,25,21,0,4,4,2,2,0
WPW133BVMMED,0.0,22.0,22,20,0,2,2,1,1,0
WPW133BVMSML,0.0,2.0,2,2,0,0,0,0,0,0
WPW133BVMXLR,0.0,9.0,9,9,0,0,0,0,0,0
WPW133CME2XL,0.0,8.0,8,8,0,0,0,0,0,0
WPW133CMELAR,0.0,6.0,6,6,0,0,0,0,0,0
WPW133CMEMED,0.0,27.0,27,23,0,4,4,2,2,0
WPW133CMESML,0.0,59.0,59,51,0,8,8,4,3,1
WPW133CMEXLR,0.0,8.0,8,8,0,0,0,0,0,0
WPW133DMMLAR,0.0,1.0,1,1,0,0,0,0,0,0
WPW133DMMSML,0.0,1.0,1,1,0,0,0,0,0,0
WPW133DPM2XL,0.0,0.0,0,0,0,0,0,0,0,0
WPW133DPMLAR,0.0,0.0,0,0,0,0,0,0,0,0
WPW133DPMMED,0.0,0.0,0,0,0,0,0,0,0,0
WPW133DPMSML,0.0,9.0,9,9,0,0,0,0,0,0
WPW133DPMXLR,0.0,0.0,0,0,0,0,0,0,0,0
WPW133GCM2XL,0.0,0.0,0,0,0,0,0,0,0,0
WPW133GCMLAR,0.0,0.0,0,0,0,0,0,0,0,0
WPW133GCMMED,0.0,4.0,4,4,0,0,0,0,0,0
WPW133GCMSML,0.0,34.0,34,29,0,5,5,2,2,1
WPW133GCMXLR,0.0,4.0,4,4,0,0,0,0,0,0
WPW133HRM2XL,0.0,27.0,27,23,0,4,4,2,2,0
WPW133HRMLAR,0.0,24.0,24,20,0,4,4,2,2,0
WPW133HRMMED,0.0,27.0,27,23,0,4,4,2,2,0
WPW133HRMSML,0.0,28.0,28,24,0,4,4,2,2,0
WPW133HRMXLR,0.0,7.0,7,7,0,0,0,0,0,0
WPW133LEM2XL,0.0,0.0,0,0,0,0,0,0,0,0
WPW133LEMMED,0.0,2.0,2,2,0,0,0,0,0,0
WPW133LEMSML,0.0,2.0,2,2,0,0,0,0,0,0
WPW133LGM2XL,0.0,18.0,18,18,0,0,0,0,0,0
WPW133LGMLAR,0.0,8.0,8,8,0,0,0,0,0,0
WPW133LGMMED,0.0,49.0,49,42,0,7,7,3,3,1
WPW133LGMSML,0.0,51.0,51,44,0,7,7,3,3,1
WPW133LGMXLR,0.0,16.0,16,16,0,0,0,0,0,0
WPW133MBG2XL,0.0,0.0,0,0,0,0,0,0,0,0
WPW133MBGMED,0.0,4.0,4,4,0,0,0,0,0,0
WPW133MBGSML,0.0,2.0,2,2,0,0,0,0,0,0
WPW133NBM2XL,0.0,0.0,0,0,0,0,0,0,0,0
WPW133NBMLAR,0.0,0.0,0,0,0,0,0,0,0,0
WPW133NBMMED,0.0,2.0,2,2,0,0,0,0,0,0
WPW133NBMSML,0.0,10.0,10,10,0,0,0,0,0,0
WPW133NBMXLR,0.0,1.0,1,1,0,0,0,0,0,0
WPW133OLM2XL,0.0,5.0,5,5,0,0,0,0,0,0
WPW133OLMLAR,0.0,11.0,11,11,0,0,0,0,0,0
WPW133OLMMED,0.0,1.0,1,1,0,0,0,0,0,0
WPW133OLMSML,0.0,1.0,1,1,0,0,0,0,0,0
WPW133OLMXLR,0.0,9.0,9,9,0,0,0,0,0,0
WPW133SBM2XL,0.0,4.0,4,4,0,0,0,0,0,0
WPW133SBMLAR,0.0,10.0,10,10,0,0,0,0,0,0
WPW133SBMMED,0.0,2.0,2,2,0,0,0,0,0,0
WPW133SBMSML,0.0,1.0,1,1,0,0,0,0,0,0
WPW133SBMXLR,0.0,5.0,5,5,0,0,0,0,0,0
WPW133TGMLAR,0.0,4.0,4,4,0,0,0,0,0,0
WPW133TGMMED,0.0,8.0,8,8,0,0,0,0,0,0
WPW133TGMSML,0.0,5.0,5,5,0,0,0,0,0,0
WPW133TGMXLR,0.0,3.0,3,3,0,0,0,0,0,0
WPW133UGM2XL,0.0,5.0,5,5,0,0,0,0,0,0
WPW133UGMLAR,0.0,10.0,10,10,0,0,0,0,0,0
WPW133UGMSML,0.0,5.0,5,5,0,0,0,0,0,0
WPW133UGMXLR,0.0,9.0,9,9,0,0,0,0,0,0
WPW134BLE2XL,13.0,27.0,40,34,0,6,6,3,2,1
WPW134BLELAR,0.0,33.0,33,28,0,5,5,2,2,1
WPW134BLEMED,17.0,70.0,87,75,0,12,12,6,5,1
WPW134BLESML,0.0,18.0,18,18,0,0,0,0,0,0
WPW134BLEXLR,4.0,14.0,18,18,0,0,0,0,0,0
WPW134BLK2XL,0.0,1.0,1,1,0,0,0,0,0,0
WPW134BLK2XL629,120.0,58.0,178,114,38,26,64,30,25,9
WPW134BLKLAR,0.0,0.0,0,0,0,0,0,0,0,0
WPW134BLKLAR629,34.0,16.0,50,46,4,0,4,2,2,0
WPW134BLKMED,0.0,0.0,0,0,0,0,0,0,0,0
WPW134BLKMED629,138.0,27.0,165,123,35,7,42,20,16,6
WPW134BLKSML,0.0,1.0,1,1,0,0,0,0,0,0
WPW134BLKSML629,71.0,43.0,114,73,25,16,41,19,16,6
WPW134BLKXLR,0.0,2.0,2,2,0,0,0,0,0,0
WPW134BLKXLR629,33.0,10.0,43,40,3,0,3,1,1,1
WPW134BTESML,0.0,0.0,0,0,0,0,0,0,0,0
WPW134CGYMED,0.0,0.0,0,0,0,0,0,0,0,0
WPW134CHA2XL,25.0,29.0,54,46,0,8,8,4,3,1
WPW134CHALAR,17.0,38.0,55,47,0,8,8,4,3,1
WPW134CHAMED,73.0,40.0,113,72,25,16,41,19,16,6
WPW134CHASML,19.0,20.0,39,39,0,0,0,0,0,0
WPW134CHAXLR,14.0,17.0,31,31,0,0,0,0,0,0
WPW134CNG2XL,34.0,31.0,65,52,4,9,13,6,5,2
WPW134CNGLAR,27.0,42.0,69,59,0,10,10,5,4,1
WPW134CNGMED,83.0,39.0,122,78,26,18,44,21,17,6
WPW134CNGSML,30.0,18.0,48,48,0,0,0,0,0,0
WPW134CNGXLR,12.0,20.0,32,32,0,0,0,0,0,0
WPW134FIGMED,0.0,0.0,0,0,0,0,0,0,0,0
WPW134GFT2XL,14.0,28.0,42,36,0,6,6,3,2,1
WPW134GFTLAR,1.0,33.0,34,29,0,5,5,2,2,1
WPW134GFTMED,39.0,49.0,88,66,9,13,22,10,9,3
WPW134GFTSML,12.0,20.0,32,32,0,0,0,0,0,0
WPW134GFTXLR,7.0,13.0,20,20,0,0,0,0,0,0
WPW134IRG2XL,0.0,0.0,0,0,0,0,0,0,0,0
WPW134IRGXLR,0.0,0.0,0,0,0,0,0,0,0,0
WPW134LTG2XL,0.0,4.0,4,4,0,0,0,0,0,0
WPW134LTGMED,0.0,1.0,1,1,0,0,0,0,0,0
WPW134LTGSML,0.0,0.0,0,0,0,0,0,0,0,0
WPW134LTGXLR,0.0,0.0,0,0,0,0,0,0,0,0
WPW134OGY2XL,0.0,7.0,7,7,0,0,0,0,0,0
WPW134OGYLAR,0.0,1.0,1,1,0,0,0,0,0,0
WPW134OGYMED,0.0,12.0,12,12,0,0,0,0,0,0
WPW134OGYSML,0.0,9.0,9,9,0,0,0,0,0,0
WPW134OGYXLR,0.0,3.0,3,3,0,0,0,0,0,0
WPW134PDB2XL,0.0,0.0,0,0,0,0,0,0,0,0
WPW134PDBMED,0.0,5.0,5,5,0,0,0,0,0,0
WPW134PDBXLR,0.0,0.0,0,0,0,0,0,0,0,0
WPW134SKO2XL,0.0,0.0,0,0,0,0,0,0,0,0
WPW134SKOLAR,0.0,4.0,4,4,0,0,0,0,0,0
WPW134SKOMED,0.0,7.0,7,7,0,0,0,0,0,0
WPW134SKOSML,0.0,4.0,4,4,0,0,0,0,0,0
WPW134SKOXLR,0.0,0.0,0,0,0,0,0,0,0,0
WPW134TRN2XL,0.0,0.0,0,0,0,0,0,0,0,0
WPW134TRNLAR,0.0,10.0,10,10,0,0,0,0,0,0
WPW134TRNMED,0.0,11.0,11,11,0,0,0,0,0,0
WPW134TRNSML,0.0,6.0,6,6,0,0,0,0,0,0
WPW134TRNXLR,0.0,7.0,7,7,0,0,0,0,0,0
WPW134VIOMED,0.0,4.0,4,4,0,0,0,0,0,0
WPW134VIOSML,0.0,7.0,7,7,0,0,0,0,0,0
WPW134VIOXLR,0.0,1.0,1,1,0,0,0,0,0,0
WPW134WLG2XL,0.0,1.0,1,1,0,0,0,0,0,0
WPW134WLGMED,0.0,1.0,1,1,0,0,0,0,0,0
WPW134WLGXLR,0.0,0.0,0,0,0,0,0,0,0,0
WPW135BLK2XL,0.0,1.0,1,1,0,0,0,0,0,0
WPW135BLKLAR,0.0,26.0,26,22,0,4,4,2,2,0
WPW135BLKMED,0.0,0.0,0,0,0,0,0,0,0,0
WPW135BLKXLR,0.0,1.0,1,1,0,0,0,0,0,0
WPW135FIG2XL,0.0,1.0,1,1,0,0,0,0,0,0
WPW135FIGSML,0.0,0.0,0,0,0,0,0,0,0,0
WPW135IRG2XL,0.0,0.0,0,0,0,0,0,0,0,0
WPW135IRGLAR,0.0,0.0,0,0,0,0,0,0,0,0
WPW135IRGMED,0.0,3.0,3,3,0,0,0,0,0,0
WPW135IRGSML,0.0,0.0,0,0,0,0,0,0,0,0
WPW135IRGXLR,0.0,1.0,1,1,0,0,0,0,0,0
WPW135KHI2XL,0.0,1.0,1,1,0,0,0,0,0,0
WPW135KHILAR,0.0,3.0,3,3,0,0,0,0,0,0
WPW135KHIMED,0.0,2.0,2,2,0,0,0,0,0,0
WPW135KHISML,0.0,0.0,0,0,0,0,0,0,0,0
WPW135KHIXLR,0.0,29.0,29,25,0,4,4,2,2,0
WPW135LTG2XL,0.0,8.0,8,8,0,0,0,0,0,0
WPW135LTGLAR,0.0,23.0,23,20,0,3,3,1,1,1
WPW135LTGMED,0.0,2.0,2,2,0,0,0,0,0,0
WPW135LTGSML,0.0,64.0,64,55,0,9,9,4,4,1
WPW135LTGXLR,0.0,0.0,0,0,0,0,0,0,0,0
WPW138BLK2XL,0.0,0.0,0,0,0,0,0,0,0,0
WPW138BLKLAR,0.0,3.0,3,3,0,0,0,0,0,0
WPW138BLKMED,0.0,2.0,2,2,0,0,0,0,0,0
WPW138BLKSML,0.0,0.0,0,0,0,0,0,0,0,0
WPW138BLKXLR,0.0,0.0,0,0,0,0,0,0,0,0
WPW138BTELAR,0.0,0.0,0,0,0,0,0,0,0,0
WPW138BTESML,0.0,1.0,1,1,0,0,0,0,0,0
WPW138IRGSML,0.0,1.0,1,1,0,0,0,0,0,0
WPW138IRGXLR,0.0,4.0,4,4,0,0,0,0,0,0
WPW138NVYLAR,0.0,1.0,1,1,0,0,0,0,0,0
WPW138NVYMED,0.0,1.0,1,1,0,0,0,0,0,0
WPW138PDBLAR,0.0,8.0,8,8,0,0,0,0,0,0
WPW138PDBMED,0.0,34.0,34,29,0,5,5,2,2,1
WPW138PDBSML,0.0,10.0,10,10,0,0,0,0,0,0
WPW139BLK2XL,0.0,0.0,0,0,0,0,0,0,0,0
WPW139BLKLAR,0.0,0.0,0,0,0,0,0,0,0,0
WPW139BLKMED,0.0,27.0,27,23,0,4,4,2,2,0
WPW139BLKSML,0.0,2.0,2,2,0,0,0,0,0,0
WPW139BLKXLR,0.0,3.0,3,3,0,0,0,0,0,0
WPW139BTEMED,0.0,0.0,0,0,0,0,0,0,0,0
WPW139BTESML,0.0,5.0,5,5,0,0,0,0,0,0
WPW139FIGLAR,0.0,1.0,1,1,0,0,0,0,0,0
WPW139FIGMED,0.0,1.0,1,1,0,0,0,0,0,0
WPW139FIGSML,0.0,1.0,1,1,0,0,0,0,0,0
WPW139FIGXLR,0.0,2.0,2,2,0,0,0,0,0,0
WPW139IRG2XL,0.0,1.0,1,1,0,0,0,0,0,0
WPW139IRGMED,0.0,0.0,0,0,0,0,0,0,0,0
WPW139IRGSML,0.0,0.0,0,0,0,0,0,0,0,0
WPW139IRGXLR,0.0,1.0,1,1,0,0,0,0,0,0
WPW139NVYLAR,0.0,3.0,3,3,0,0,0,0,0,0
WPW139NVYSML,0.0,7.0,7,7,0,0,0,0,0,0
WPW139NVYXLR,0.0,0.0,0,0,0,0,0,0,0,0
WPW139OGY2XL,0.0,29.0,29,25,0,4,4,2,2,0
WPW139OGYLAR,0.0,8.0,8,8,0,0,0,0,0,0
WPW139OGYMED,0.0,10.0,10,10,0,0,0,0,0,0
WPW139OGYSML,0.0,16.0,16,16,0,0,0,0,0,0
WPW139OGYXLR,0.0,18.0,18,18,0,0,0,0,0,0
WPW139TRN2XL,0.0,17.0,17,17,0,0,0,0,0,0
WPW139TRNLAR,0.0,24.0,24,20,0,4,4,2,2,0
WPW139TRNMED,0.0,11.0,11,11,0,0,0,0,0,0
WPW139TRNSML,0.0,18.0,18,18,0,0,0,0,0,0
WPW139TRNXLR,0.0,8.0,8,8,0,0,0,0,0,0
WPW139VIO2XL,0.0,22.0,22,20,0,2,2,1,1,0
WPW139VIOLAR,0.0,20.0,20,20,0,0,0,0,0,0
WPW139VIOMED,0.0,11.0,11,11,0,0,0,0,0,0
WPW139VIOSML,0.0,16.0,16,16,0,0,0,0,0,0
WPW139VIOXLR,0.0,28.0,28,24,0,4,4,2,2,0
WPW139WLG2XL,0.0,19.0,19,19,0,0,0,0,0,0
WPW139WLGLAR,0.0,20.0,20,20,0,0,0,0,0,0
WPW139WLGMED,0.0,16.0,16,16,0,0,0,0,0,0
WPW139WLGSML,0.0,15.0,15,15,0,0,0,0,0,0
WPW139WLGXLR,0.0,24.0,24,20,0,4,4,2,2,0
WPW144BLK2XL,0.0,1.0,1,1,0,0,0,0,0,0
WPW144BLKLAR,0.0,0.0,0,0,0,0,0,0,0,0
WPW144BLKMED,0.0,2.0,2,2,0,0,0,0,0,0
WPW144BLKSML,0.0,32.0,32,27,0,5,5,2,2,1
WPW144BLKXLR,0.0,0.0,0,0,0,0,0,0,0,0
WPW144CNG2XL,0.0,12.0,12,12,0,0,0,0,0,0
WPW144CNGLAR,0.0,0.0,0,0,0,0,0,0,0,0
WPW144CNGMED,0.0,2.0,2,2,0,0,0,0,0,0
WPW144CNGSML,0.0,1.0,1,1,0,0,0,0,0,0
WPW144CNGXLR,0.0,1.0,1,1,0,0,0,0,0,0
WPW144DCN2XL,0.0,26.0,26,22,0,4,4,2,2,0
WPW144DCNLAR,0.0,1.0,1,1,0,0,0,0,0,0
WPW144DCNMED,0.0,27.0,27,23,0,4,4,2,2,0
WPW144DCNSML,0.0,3.0,3,3,0,0,0,0,0,0
WPW144DCNXLR,0.0,8.0,8,8,0,0,0,0,0,0
WPW144IRG2XL,0.0,9.0,9,9,0,0,0,0,0,0
WPW144IRGLAR,0.0,2.0,2,2,0,0,0,0,0,0
WPW144IRGMED,7.0,16.0,23,23,0,0,0,0,0,0
WPW144IRGSML,0.0,4.0,4,4,0,0,0,0,0,0
WPW144IRGXLR,60.0,16.0,76,60,16,0,16,8,6,2
WPW144NTC2XL,0.0,6.0,6,6,0,0,0,0,0,0
WPW144NTCLAR,0.0,8.0,8,8,0,0,0,0,0,0
WPW144NTCMED,0.0,1.0,1,1,0,0,0,0,0,0
WPW144NTCSML,0.0,11.0,11,11,0,0,0,0,0,0
WPW144NTCXLR,0.0,9.0,9,9,0,0,0,0,0,0
WPW144NYB2XL,30.0,31.0,61,52,0,9,9,4,4,1
WPW144NYBLAR,48.0,34.0,82,52,18,12,30,14,12,4
WPW144NYBMED,0.0,0.0,0,0,0,0,0,0,0,0
WPW144NYBSML,19.0,36.0,55,47,0,8,8,4,3,1
WPW144NYBXLR,60.0,43.0,103,66,22,15,37,17,14,6
WPW144SKO2XL,4.0,22.0,26,24,0,2,2,1,1,0
WPW144SKOLAR,28.0,13.0,41,41,0,0,0,0,0,0
WPW144SKOMED,3.0,12.0,15,15,0,0,0,0,0,0
WPW144SKOSML,8.0,34.0,42,36,0,6,6,3,2,1
WPW144SKOXLR,29.0,21.0,50,49,0,1,1,0,0,1
WPW144TRN2XL,30.0,26.0,56,50,0,6,6,3,2,1
WPW144TRNLAR,67.0,26.0,93,67,20,6,26,12,10,4
WPW144TRNMED,22.0,10.0,32,32,0,0,0,0,0,0
WPW144TRNSML,24.0,33.0,57,49,0,8,8,4,3,1
WPW144TRNXLR,84.0,19.0,103,81,22,0,22,10,9,3
WPW144TSP2XL,0.0,14.0,14,14,0,0,0,0,0,0
WPW144TSPLAR,0.0,4.0,4,4,0,0,0,0,0,0
WPW144TSPMED,0.0,17.0,17,17,0,0,0,0,0,0
WPW144TSPSML,0.0,13.0,13,13,0,0,0,0,0,0
WPW144TSPXLR,0.0,12.0,12,12,0,0,0,0,0,0
WPW144VIO2XL,0.0,20.0,20,20,0,0,0,0,0,0
WPW144VIOLAR,34.0,15.0,49,45,4,0,4,2,2,0
WPW144VIOMED,4.0,10.0,14,14,0,0,0,0,0,0
WPW144VIOSML,16.0,20.0,36,36,0,0,0,0,0,0
WPW144VIOXLR,52.0,17.0,69,54,15,0,15,7,6,2
WPW147BLK2XL,0.0,7.0,7,7,0,0,0,0,0,0
WPW147BLKLAR,0.0,11.0,11,11,0,0,0,0,0,0
WPW147BLKMED,0.0,4.0,4,4,0,0,0,0,0,0
WPW147BLKSML,0.0,7.0,7,7,0,0,0,0,0,0
WPW147BLKXLR,0.0,7.0,7,7,0,0,0,0,0,0
WPW147IRG2XL,6.0,18.0,24,24,0,0,0,0,0,0
WPW147IRGLAR,0.0,8.0,8,8,0,0,0,0,0,0
WPW147IRGMED,0.0,6.0,6,6,0,0,0,0,0,0
WPW147IRGSML,0.0,8.0,8,8,0,0,0,0,0,0
WPW147IRGXLR,7.0,15.0,22,22,0,0,0,0,0,0
WPW147OBR2XL,0.0,20.0,20,20,0,0,0,0,0,0
WPW147OBRLAR,0.0,4.0,4,4,0,0,0,0,0,0
WPW147OBRMED,0.0,4.0,4,4,0,0,0,0,0,0
WPW147OBRSML,0.0,6.0,6,6,0,0,0,0,0,0
WPW147OBRXLR,0.0,13.0,13,13,0,0,0,0,0,0
WPW147OGY2XL,0.0,16.0,16,16,0,0,0,0,0,0
WPW147OGYLAR,0.0,0.0,0,0,0,0,0,0,0,0
WPW147OGYMED,0.0,1.0,1,1,0,0,0,0,0,0
WPW147OGYSML,0.0,2.0,2,2,0,0,0,0,0,0
WPW147OGYXLR,0.0,1.0,1,1,0,0,0,0,0,0
WPW147TRN2XL,0.0,2.0,2,2,0,0,0,0,0,0
WPW147TRNLAR,7.0,20.0,27,27,0,0,0,0,0,0
WPW147TRNMED,0.0,1.0,1,1,0,0,0,0,0,0
WPW147TRNSML,0.0,8.0,8,8,0,0,0,0,0,0
WPW147TRNXLR,8.0,20.0,28,28,0,0,0,0,0,0
WPW148BLK2XL,0.0,0.0,0,0,0,0,0,0,0,0
WPW148BLKLAR,0.0,0.0,0,0,0,0,0,0,0,0
WPW148BLKMED,0.0,0.0,0,0,0,0,0,0,0,0
WPW148BLKSML,0.0,1.0,1,1,0,0,0,0,0,0
WPW148BLKXLR,0.0,1.0,1,1,0,0,0,0,0,0
WPW148CHA2XL,0.0,0.0,0,0,0,0,0,0,0,0
WPW148CHALAR,0.0,0.0,0,0,0,0,0,0,0,0
WPW148CHAMED,0.0,0.0,0,0,0,0,0,0,0,0
WPW148CHASML,0.0,7.0,7,7,0,0,0,0,0,0
WPW148CHAXLR,0.0,0.0,0,0,0,0,0,0,0,0
WPW148CNG2XL,0.0,1.0,1,1,0,0,0,0,0,0
WPW148CNGLAR,0.0,9.0,9,9,0,0,0,0,0,0
WPW148CNGMED,0.0,0.0,0,0,0,0,0,0,0,0
WPW148CNGSML,0.0,0.0,0,0,0,0,0,0,0,0
WPW148CNGXLR,0.0,5.0,5,5,0,0,0,0,0,0
WPW148FIG2XL,0.0,0.0,0,0,0,0,0,0,0,0
WPW148FIGMED,0.0,1.0,1,1,0,0,0,0,0,0
WPW148FIGSML,0.0,1.0,1,1,0,0,0,0,0,0
WPW148GFT2XL,0.0,0.0,0,0,0,0,0,0,0,0
WPW148GFTLAR,0.0,3.0,3,3,0,0,0,0,0,0
WPW148GFTMED,0.0,2.0,2,2,0,0,0,0,0,0
WPW148GFTSML,9.0,13.0,22,22,0,0,0,0,0,0
WPW148GFTXLR,0.0,0.0,0,0,0,0,0,0,0,0
WPW148IRGLAR,0.0,1.0,1,1,0,0,0,0,0,0
WPW148IRGSML,0.0,0.0,0,0,0,0,0,0,0,0
WPW148IRGXLR,0.0,0.0,0,0,0,0,0,0,0,0
WPW148LTG2XL,0.0,0.0,0,0,0,0,0,0,0,0
WPW148LTGLAR,0.0,0.0,0,0,0,0,0,0,0,0
WPW148LTGMED,0.0,2.0,2,2,0,0,0,0,0,0
WPW148LTGSML,0.0,8.0,8,8,0,0,0,0,0,0
WPW148LTGXLR,0.0,0.0,0,0,0,0,0,0,0,0
WPW148NTC2XL,0.0,0.0,0,0,0,0,0,0,0,0
WPW148NTCLAR,0.0,0.0,0,0,0,0,0,0,0,0
WPW148NTCMED,0.0,1.0,1,1,0,0,0,0,0,0
WPW148NTCXLR,0.0,0.0,0,0,0,0,0,0,0,0
WPW148SKO2XL,0.0,0.0,0,0,0,0,0,0,0,0
WPW148SKOLAR,0.0,0.0,0,0,0,0,0,0,0,0
WPW148SKOMED,0.0,1.0,1,1,0,0,0,0,0,0
WPW148SKOSML,0.0,17.0,17,17,0,0,0,0,0,0
WPW148SKOXLR,0.0,1.0,1,1,0,0,0,0,0,0
WPW152BLK2XL,0.0,1.0,1,1,0,0,0,0,0,0
WPW152BLKLAR,12.0,20.0,32,32,0,0,0,0,0,0
WPW152BLKMED,0.0,12.0,12,12,0,0,0,0,0,0
WPW152BLKSML,0.0,2.0,2,2,0,0,0,0,0,0
WPW152BLKXLR,36.0,16.0,52,46,6,0,6,3,2,1
WPW152OBR2XL,0.0,2.0,2,2,0,0,0,0,0,0
WPW152OBRLAR,10.0,12.0,22,22,0,0,0,0,0,0
WPW152OBRMED,4.0,15.0,19,19,0,0,0,0,0,0
WPW152OBRSML,0.0,5.0,5,5,0,0,0,0,0,0
WPW152OBRXLR,0.0,10.0,10,10,0,0,0,0,0,0
WPW152OGY2XL,0.0,7.0,7,7,0,0,0,0,0,0
WPW152OGYLAR,0.0,5.0,5,5,0,0,0,0,0,0
WPW152OGYMED,4.0,11.0,15,15,0,0,0,0,0,0
WPW152OGYSML,0.0,0.0,0,0,0,0,0,0,0,0
WPW152OGYXLR,0.0,8.0,8,8,0,0,0,0,0,0
WPW152TRN2XL,0.0,6.0,6,6,0,0,0,0,0,0
WPW152TRNLAR,7.0,18.0,25,25,0,0,0,0,0,0
WPW152TRNMED,7.0,15.0,22,22,0,0,0,0,0,0
WPW152TRNSML,0.0,2.0,2,2,0,0,0,0,0,0
WPW152TRNXLR,0.0,9.0,9,9,0,0,0,0,0,0
WPW152TSP2XL,0.0,11.0,11,11,0,0,0,0,0,0
WPW152TSPLAR,18.0,17.0,35,35,0,0,0,0,0,0
WPW152TSPMED,0.0,14.0,14,14,0,0,0,0,0,0
WPW152TSPSML,0.0,1.0,1,1,0,0,0,0,0,0
WPW152TSPXLR,3.0,20.0,23,23,0,0,0,0,0,0
WPW155AGY2XL003759,0.0,0.0,0,0,0,0,0,0,0,0
WPW155AGYLAR003759,0.0,140.0,140,120,0,20,20,9,8,3
WPW155AGYMED003759,0.0,66.0,66,56,0,10,10,5,4,1
WPW155AGYSML003759,0.0,33.0,33,28,0,5,5,2,2,1
WPW155AGYXLR003759,0.0,33.0,33,28,0,5,5,2,2,1
WPW155BKWLAR,0.0,0.0,0,0,0,0,0,0,0,0
WPW155BKWMED,0.0,9.0,9,9,0,0,0,0,0,0
WPW155BKWSML,0.0,1.0,1,1,0,0,0,0,0,0
WPW155BKWXLR,0.0,2.0,2,2,0,0,0,0,0,0
WPW155BLK2XL002,0.0,0.0,0,0,0,0,0,0,0,0
WPW155BLK2XL003759,0.0,0.0,0,0,0,0,0,0,0,0
WPW155BLKLAR002,0.0,0.0,0,0,0,0,0,0,0,0
WPW155BLKLAR003759,0.0,57.0,57,49,0,8,8,4,3,1
WPW155BLKMED002,0.0,17.0,17,17,0,0,0,0,0,0
WPW155BLKMED003759,0.0,0.0,0,0,0,0,0,0,0,0
WPW155BLKSML003759,0.0,86.0,86,74,0,12,12,6,5,1
WPW155BLKXLR002,0.0,0.0,0,0,0,0,0,0,0,0
WPW155BLKXLR003759,0.0,1.0,1,1,0,0,0,0,0,0
WPW155BLW2XL,0.0,0.0,0,0,0,0,0,0,0,0
WPW155BLWLAR,0.0,1.0,1,1,0,0,0,0,0,0
WPW155BLWXLR,0.0,3.0,3,3,0,0,0,0,0,0
WPW155BRR2XL,0.0,3.0,3,3,0,0,0,0,0,0
WPW155BRRLAR,0.0,9.0,9,9,0,0,0,0,0,0
WPW155BRRMED,0.0,12.0,12,12,0,0,0,0,0,0
WPW155CHA2XL002,0.0,0.0,0,0,0,0,0,0,0,0
WPW155CHALAR002,0.0,1.0,1,1,0,0,0,0,0,0
WPW155CHAMED002,0.0,18.0,18,18,0,0,0,0,0,0
WPW155CHAXLR002,0.0,0.0,0,0,0,0,0,0,0,0
WPW155CNG2XL003759,0.0,30.0,30,26,0,4,4,2,2,0
WPW155CNGLAR003759,0.0,106.0,106,91,0,15,15,7,6,2
WPW155CNGMED003759,0.0,63.0,63,54,0,9,9,4,4,1
WPW155CNGSML003759,0.0,32.0,32,27,0,5,5,2,2,1
WPW155CNGXLR003759,0.0,74.0,74,63,0,11,11,5,4,2
WPW155GFT2XL002,0.0,1.0,1,1,0,0,0,0,0,0
WPW155GFT2XL003759,0.0,13.0,13,13,0,0,0,0,0,0
WPW155GFTLAR002,0.0,0.0,0,0,0,0,0,0,0,0
WPW155GFTLAR003759,0.0,50.0,50,43,0,7,7,3,3,1
WPW155GFTMED002,0.0,0.0,0,0,0,0,0,0,0,0
WPW155GFTMED003759,0.0,50.0,50,43,0,7,7,3,3,1
WPW155GFTSML003759,0.0,20.0,20,20,0,0,0,0,0,0
WPW155GFTXLR002,0.0,8.0,8,8,0,0,0,0,0,0
WPW155GFTXLR003759,0.0,36.0,36,31,0,5,5,2,2,1
WPW155GRRLAR,0.0,2.0,2,2,0,0,0,0,0,0
WPW155GRRSML,0.0,1.0,1,1,0,0,0,0,0,0
WPW155GRRXLR,0.0,4.0,4,4,0,0,0,0,0,0
WPW155GSL2XL,1.0,21.0,22,21,0,1,1,0,0,1
WPW155GSLMED,0.0,4.0,4,4,0,0,0,0,0,0
WPW155GSLXLR,0.0,4.0,4,4,0,0,0,0,0,0
WPW155LLC2XL002,0.0,2.0,2,2,0,0,0,0,0,0
WPW155LLCLAR002,0.0,3.0,3,3,0,0,0,0,0,0
WPW155LLCMED002,0.0,1.0,1,1,0,0,0,0,0,0
WPW155LLCXLR002,0.0,2.0,2,2,0,0,0,0,0,0
WPW155LTG2XL002,0.0,4.0,4,4,0,0,0,0,0,0
WPW155LTG2XL003759,3.0,10.0,13,13,0,0,0,0,0,0
WPW155LTGLAR002,0.0,0.0,0,0,0,0,0,0,0,0
WPW155LTGLAR003759,39.0,20.0,59,50,9,0,9,4,4,1
WPW155LTGMED002,0.0,32.0,32,27,0,5,5,2,2,1
WPW155LTGMED003759,35.0,50.0,85,68,5,12,17,8,7,2
WPW155LTGSML003759,0.0,0.0,0,0,0,0,0,0,0,0
WPW155LTGXLR002,0.0,2.0,2,2,0,0,0,0,0,0
WPW155LTGXLR003759,54.0,50.0,104,67,22,15,37,17,14,6
WPW155NYB2XL002,0.0,0.0,0,0,0,0,0,0,0,0
WPW155NYBLAR002,0.0,2.0,2,2,0,0,0,0,0,0
WPW155NYBMED002,0.0,22.0,22,20,0,2,2,1,1,0
WPW155NYBXLR002,0.0,16.0,16,16,0,0,0,0,0,0
WPW155OBR2XL003759,0.0,33.0,33,28,0,5,5,2,2,1
WPW155OBRLAR003759,0.0,33.0,33,28,0,5,5,2,2,1
WPW155OBRMED003759,0.0,92.0,92,79,0,13,13,6,5,2
WPW155OBRSML003759,0.0,0.0,0,0,0,0,0,0,0,0
WPW155OBRXLR003759,0.0,0.0,0,0,0,0,0,0,0,0
WPW155PSL2XL,0.0,6.0,6,6,0,0,0,0,0,0
WPW155PSLLAR,0.0,18.0,18,18,0,0,0,0,0,0
WPW155PSLMED,0.0,0.0,0,0,0,0,0,0,0,0
WPW155PSLXLR,0.0,8.0,8,8,0,0,0,0,0,0
WPW162BLK2XL,0.0,0.0,0,0,0,0,0,0,0,0
WPW162BLK2XL699,77.0,59.0,136,87,29,20,49,23,19,7
WPW162BLKLAR,0.0,0.0,0,0,0,0,0,0,0,0
WPW162BLKLAR699,68.0,64.0,132,84,29,19,48,23,19,6
WPW162BLKMED,0.0,0.0,0,0,0,0,0,0,0,0
WPW162BLKMED699,118.0,76.0,194,124,42,28,70,33,27,10
WPW162BLKSML,0.0,0.0,0,0,0,0,0,0,0,0
WPW162BLKSML699,47.0,52.0,99,68,17,14,31,15,12,4
WPW162BLKXLR,0.0,1.0,1,1,0,0,0,0,0,0
WPW162BLKXLR699,40.0,54.0,94,70,10,14,24,11,9,4
WPW162BTE2XL,16.0,14.0,30,30,0,0,0,0,0,0
WPW162BTELAR,10.0,20.0,30,30,0,0,0,0,0,0
WPW162BTEMED,33.0,33.0,66,53,3,10,13,6,5,2
WPW162BTESML,0.0,14.0,14,14,0,0,0,0,0,0
WPW162BTEXLR,6.0,28.0,34,29,0,5,5,2,2,1
WPW162CHA2XL,5.0,11.0,16,16,0,0,0,0,0,0
WPW162CHALAR,0.0,36.0,36,31,0,5,5,2,2,1
WPW162CHAMED,26.0,11.0,37,37,0,0,0,0,0,0
WPW162CHASML,1.0,10.0,11,11,0,0,0,0,0,0
WPW162CHAXLR,12.0,20.0,32,32,0,0,0,0,0,0
WPW162CNGLAR,0.0,0.0,0,0,0,0,0,0,0,0
WPW162CNGMED,0.0,0.0,0,0,0,0,0,0,0,0
WPW162CNGSML,0.0,0.0,0,0,0,0,0,0,0,0
WPW162CNGXLR,0.0,4.0,4,4,0,0,0,0,0,0
WPW162DPK2XL,0.0,2.0,2,2,0,0,0,0,0,0
WPW162DPKLAR,0.0,1.0,1,1,0,0,0,0,0,0
WPW162DPKMED,0.0,0.0,0,0,0,0,0,0,0,0
WPW162DPKSML,0.0,0.0,0,0,0,0,0,0,0,0
WPW162DPKXLR,0.0,1.0,1,1,0,0,0,0,0,0
WPW162GFT2XL,10.0,15.0,25,25,0,0,0,0,0,0
WPW162GFTLAR,18.0,25.0,43,38,0,5,5,2,2,1
WPW162GFTMED,17.0,11.0,28,28,0,0,0,0,0,0
WPW162GFTSML,3.0,20.0,23,23,0,0,0,0,0,0
WPW162GFTXLR,3.0,37.0,40,34,0,6,6,3,2,1
WPW162HTR2XL,0.0,3.0,3,3,0,0,0,0,0,0
WPW162HTRLAR,0.0,2.0,2,2,0,0,0,0,0,0
WPW162HTRMED,0.0,5.0,5,5,0,0,0,0,0,0
WPW162HTRSML,0.0,7.0,7,7,0,0,0,0,0,0
WPW162HTRXLR,0.0,0.0,0,0,0,0,0,0,0,0
WPW162OFWLAR,0.0,0.0,0,0,0,0,0,0,0,0
WPW162OFWMED,0.0,0.0,0,0,0,0,0,0,0,0
WPW162OFWSML,0.0,7.0,7,7,0,0,0,0,0,0
WPW162OFWXLR,0.0,0.0,0,0,0,0,0,0,0,0
WPW162OGY2XL,14.0,25.0,39,34,0,5,5,2,2,1
WPW162OGYLAR,21.0,37.0,58,50,0,8,8,4,3,1
WPW162OGYMED,40.0,30.0,70,50,10,10,20,9,8,3
WPW162OGYSML,6.0,14.0,20,20,0,0,0,0,0,0
WPW162OGYXLR,17.0,29.0,46,39,0,7,7,3,3,1
WPW162TRNLAR,0.0,0.0,0,0,0,0,0,0,0,0
WPW162TRNMED,0.0,0.0,0,0,0,0,0,0,0,0
WPW162TRNSML,0.0,2.0,2,2,0,0,0,0,0,0
WPW162TRNXLR,0.0,1.0,1,1,0,0,0,0,0,0
WPW173CHA2XL,0.0,3.0,3,3,0,0,0,0,0,0
WPW173CHALAR,0.0,11.0,11,11,0,0,0,0,0,0
WPW173CHAMED,0.0,1.0,1,1,0,0,0,0,0,0
WPW173CHASML,5.0,18.0,23,23,0,0,0,0,0,0
WPW173CHAXLR,0.0,9.0,9,9,0,0,0,0,0,0
WPW173GFT2XL,0.0,2.0,2,2,0,0,0,0,0,0
WPW173GFTLAR,0.0,2.0,2,2,0,0,0,0,0,0
WPW173GFTMED,2.0,14.0,16,16,0,0,0,0,0,0
WPW173GFTSML,0.0,11.0,11,11,0,0,0,0,0,0
WPW173GFTXLR,0.0,3.0,3,3,0,0,0,0,0,0
WPW173LLC2XL,4.0,14.0,18,18,0,0,0,0,0,0
WPW173LLCLAR,0.0,11.0,11,11,0,0,0,0,0,0
WPW173LLCMED,0.0,10.0,10,10,0,0,0,0,0,0
WPW173LLCSML,0.0,7.0,7,7,0,0,0,0,0,0
WPW173LLCXLR,3.0,13.0,16,16,0,0,0,0,0,0
WPW173MTG2XL,12.0,11.0,23,23,0,0,0,0,0,0
WPW173MTGLAR,26.0,12.0,38,38,0,0,0,0,0,0
WPW173MTGMED,0.0,22.0,22,20,0,2,2,1,1,0
WPW173MTGSML,1.0,11.0,12,12,0,0,0,0,0,0
WPW173MTGXLR,0.0,27.0,27,23,0,4,4,2,2,0
WPW173VIO2XL,0.0,1.0,1,1,0,0,0,0,0,0
WPW173VIOLAR,0.0,22.0,22,20,0,2,2,1,1,0
WPW173VIOMED,0.0,7.0,7,7,0,0,0,0,0,0
WPW173VIOSML,0.0,1.0,1,1,0,0,0,0,0,0
WPW173VIOXLR,0.0,4.0,4,4,0,0,0,0,0,0
WPW173YLW2XL,13.0,11.0,24,24,0,0,0,0,0,0
WPW173YLWLAR,52.0,11.0,63,49,14,0,14,7,5,2
WPW173YLWMED,2.0,16.0,18,18,0,0,0,0,0,0
WPW173YLWSML,1.0,11.0,12,12,0,0,0,0,0,0
WPW173YLWXLR,13.0,40.0,53,45,0,8,8,4,3,1
WPW177BLK2XL,0.0,9.0,9,9,0,0,0,0,0,0
WPW177BLKLAR,0.0,12.0,12,12,0,0,0,0,0,0
WPW177BLKMED,0.0,0.0,0,0,0,0,0,0,0,0
WPW177BLKSML,0.0,0.0,0,0,0,0,0,0,0,0
WPW177BLKXLR,92.0,26.0,118,87,25,6,31,15,12,4
WPW177CHA2XL,0.0,2.0,2,2,0,0,0,0,0,0
WPW177CHALAR,3.0,18.0,21,21,0,0,0,0,0,0
WPW177CHAMED,0.0,1.0,1,1,0,0,0,0,0,0
WPW177CHASML,0.0,7.0,7,7,0,0,0,0,0,0
WPW177CHAXLR,6.0,16.0,22,22,0,0,0,0,0,0
WPW177GFT2XL,2.0,14.0,16,16,0,0,0,0,0,0
WPW177GFTLAR,25.0,12.0,37,37,0,0,0,0,0,0
WPW177GFTMED,0.0,1.0,1,1,0,0,0,0,0,0
WPW177GFTSML,0.0,8.0,8,8,0,0,0,0,0,0
WPW177GFTXLR,48.0,17.0,65,51,14,0,14,7,5,2
WPW177LTG2XL,0.0,5.0,5,5,0,0,0,0,0,0
WPW177LTGLAR,0.0,7.0,7,7,0,0,0,0,0,0
WPW177LTGMED,0.0,2.0,2,2,0,0,0,0,0,0
WPW177LTGXLR,0.0,6.0,6,6,0,0,0,0,0,0
WPW177VIO2XL,0.0,6.0,6,6,0,0,0,0,0,0
WPW177VIOLAR,0.0,3.0,3,3,0,0,0,0,0,0
WPW177VIOMED,3.0,13.0,16,16,0,0,0,0,0,0
WPW177VIOSML,0.0,11.0,11,11,0,0,0,0,0,0
WPW177VIOXLR,0.0,15.0,15,15,0,0,0,0,0,0
WPW179BLK2XL,0.0,0.0,0,0,0,0,0,0,0,0
WPW179BLKLAR,0.0,3.0,3,3,0,0,0,0,0,0
WPW179BLKMED,0.0,0.0,0,0,0,0,0,0,0,0
WPW179BLKSML,0.0,0.0,0,0,0,0,0,0,0,0
WPW179BLKXLR,0.0,2.0,2,2,0,0,0,0,0,0
WPW179CHA2XL,3.0,10.0,13,13,0,0,0,0,0,0
WPW179CHALAR,0.0,3.0,3,3,0,0,0,0,0,0
WPW179CHAMED,0.0,7.0,7,7,0,0,0,0,0,0
WPW179CHASML,0.0,11.0,11,11,0,0,0,0,0,0
WPW179CHAXLR,0.0,0.0,0,0,0,0,0,0,0,0
WPW179GFT2XL,7.0,17.0,24,24,0,0,0,0,0,0
WPW179GFTLAR,0.0,7.0,7,7,0,0,0,0,0,0
WPW179GFTMED,8.0,19.0,27,27,0,0,0,0,0,0
WPW179GFTSML,3.0,12.0,15,15,0,0,0,0,0,0
WPW179GFTXLR,2.0,10.0,12,12,0,0,0,0,0,0
WPW179LLC2XL,5.0,14.0,19,19,0,0,0,0,0,0
WPW179LLCLAR,0.0,8.0,8,8,0,0,0,0,0,0
WPW179LLCMED,6.0,18.0,24,24,0,0,0,0,0,0
WPW179LLCSML,1.0,17.0,18,18,0,0,0,0,0,0
WPW179LLCXLR,16.0,19.0,35,35,0,0,0,0,0,0
WPW179LTG2XL,5.0,12.0,17,17,0,0,0,0,0,0
WPW179LTGLAR,0.0,5.0,5,5,0,0,0,0,0,0
WPW179LTGMED,0.0,0.0,0,0,0,0,0,0,0,0
WPW179LTGSML,0.0,4.0,4,4,0,0,0,0,0,0
WPW179LTGXLR,23.0,18.0,41,41,0,0,0,0,0,0
WPW179VIO2XL,4.0,20.0,24,24,0,0,0,0,0,0
WPW179VIOLAR,0.0,12.0,12,12,0,0,0,0,0,0
WPW179VIOMED,0.0,2.0,2,2,0,0,0,0,0,0
WPW179VIOSML,0.0,11.0,11,11,0,0,0,0,0,0
WPW179VIOXLR,23.0,17.0,40,40,0,0,0,0,0,0
WPW180AGY2XL,0.0,10.0,10,10,0,0,0,0,0,0
WPW180AGYLAR,0.0,0.0,0,0,0,0,0,0,0,0
WPW180AGYMED,0.0,16.0,16,16,0,0,0,0,0,0
WPW180AGYSML,0.0,1.0,1,1,0,0,0,0,0,0
WPW180AGYXLR,0.0,0.0,0,0,0,0,0,0,0,0
WPW180BLK2XL,0.0,1.0,1,1,0,0,0,0,0,0
WPW180BLKLAR,0.0,12.0,12,12,0,0,0,0,0,0
WPW180BLKMED,0.0,17.0,17,17,0,0,0,0,0,0
WPW180BLKSML,0.0,11.0,11,11,0,0,0,0,0,0
WPW180BLKXLR,0.0,0.0,0,0,0,0,0,0,0,0
WPW180CHA2XL,0.0,1.0,1,1,0,0,0,0,0,0
WPW180CHALAR,0.0,0.0,0,0,0,0,0,0,0,0
WPW180CHAMED,0.0,0.0,0,0,0,0,0,0,0,0
WPW180CHASML,0.0,0.0,0,0,0,0,0,0,0,0
WPW180CHAXLR,0.0,0.0,0,0,0,0,0,0,0,0
WPW180GFT2XL,0.0,2.0,2,2,0,0,0,0,0,0
WPW180GFTLAR,0.0,0.0,0,0,0,0,0,0,0,0
WPW180GFTMED,0.0,7.0,7,7,0,0,0,0,0,0
WPW180GFTSML,0.0,0.0,0,0,0,0,0,0,0,0
WPW180GFTXLR,0.0,1.0,1,1,0,0,0,0,0,0
WPW180KHI2XL,0.0,0.0,0,0,0,0,0,0,0,0
WPW180KHILAR,0.0,0.0,0,0,0,0,0,0,0,0
WPW180KHIMED,0.0,1.0,1,1,0,0,0,0,0,0
WPW180KHISML,0.0,12.0,12,12,0,0,0,0,0,0
WPW180KHIXLR,0.0,3.0,3,3,0,0,0,0,0,0
WPW210BLE2XL749,0.0,68.0,68,58,0,10,10,5,4,1
WPW210BLELAR749,55.0,96.0,151,104,25,22,47,22,18,7
WPW210BLEMED749,111.0,81.0,192,123,41,28,69,33,27,9
WPW210BLESML749,0.0,92.0,92,79,0,13,13,6,5,2
WPW210BLEXLR749,61.0,96.0,157,103,31,23,54,26,21,7
WPW210BLK2XL749,127.0,85.0,212,136,46,30,76,36,30,10
WPW210BLKLAR749,359.0,129.0,488,312,106,70,176,83,68,25
WPW210BLKMED749,365.0,168.0,533,341,115,77,192,91,75,26
WPW210BLKSML749,138.0,100.0,238,152,52,34,86,41,33,12
WPW210BLKXLR749,366.0,132.0,498,319,107,72,179,85,70,24
WPW210BOE2XL749,0.0,68.0,68,58,0,10,10,5,4,1
WPW210BOELAR749,55.0,95.0,150,103,25,22,47,22,18,7
WPW210BOEMED749,111.0,82.0,193,124,41,28,69,33,27,9
WPW210BOESML749,0.0,91.0,91,78,0,13,13,6,5,2
WPW210BOEXLR749,64.0,96.0,160,103,34,23,57,27,22,8
WPW210GFT2XL749,0.0,68.0,68,58,0,10,10,5,4,1
WPW210GFTLAR749,93.0,99.0,192,123,41,28,69,33,27,9
WPW210GFTMED749,143.0,76.0,219,140,47,32,79,37,31,11
WPW210GFTSML749,0.0,92.0,92,79,0,13,13,6,5,2
WPW210GFTXLR749,94.0,96.0,190,122,41,27,68,32,26,10
WPW210OGY2XL749,0.0,74.0,74,63,0,11,11,5,4,2
WPW210OGYLAR749,108.0,58.0,166,106,36,24,60,28,23,9
WPW210OGYMED749,114.0,87.0,201,129,43,29,72,34,28,10
WPW210OGYSML749,0.0,97.0,97,83,0,14,14,7,5,2
WPW210OGYXLR749,114.0,58.0,172,110,37,25,62,29,24,9
WPWL20BLK2XL839,215.0,191.0,406,260,88,58,146,69,57,20
WPWL20BLKLAR839,379.0,481.0,860,550,186,124,310,146,121,43
WPWL20BLKMED839,388.0,350.0,738,472,160,106,266,126,103,37
WPWL20BLKSML839,390.0,145.0,535,342,116,77,193,91,75,27
WPWL20BLKXLR839,380.0,524.0,904,579,195,130,325,153,126,46
WPWL20BTE2XL839,85.0,47.0,132,84,29,19,48,23,19,6
WPWL20BTELAR839,0.0,322.0,322,276,0,46,46,22,18,6
WPWL20BTEMED839,9.0,403.0,412,353,0,59,59,28,23,8
WPWL20BTESML839,107.0,74.0,181,116,39,26,65,31,25,9
WPWL20BTEXLR839,0.0,343.0,343,294,0,49,49,23,19,7
WPWL20GFT2XL839,70.0,31.0,101,68,22,11,33,16,13,4
WPWL20GFTLAR839,0.0,313.0,313,268,0,45,45,21,18,6
WPWL20GFTMED839,6.0,390.0,396,339,0,57,57,27,22,8
WPWL20GFTSML839,93.0,90.0,183,117,40,26,66,31,26,9
WPWL20GFTXLR839,0.0,314.0,314,269,0,45,45,21,18,6
WPWL20NVY2XL839,79.0,57.0,136,87,29,20,49,23,19,7
WPWL20NVYLAR839,1.0,329.0,330,282,0,48,48,23,19,6
WPWL20NVYMED839,15.0,400.0,415,355,0,60,60,28,23,9
WPWL20NVYSML839,97.0,113.0,210,134,46,30,76,36,30,10
WPWL20NVYXLR839,1.0,328.0,329,282,0,47,47,22,18,7
WPWL20WLG2XL839,87.0,81.0,168,108,36,24,60,28,23,9
WPWL20WLGLAR839,11.0,365.0,376,322,0,54,54,26,21,7
WPWL20WLGMED839,23.0,413.0,436,373,0,63,63,30,24,9
WPWL20WLGSML839,100.0,97.0,197,126,43,28,71,34,28,9
WPWL20WLGXLR839,11.0,306.0,317,271,0,46,46,22,18,6
WPWR89BLK2XL,0.0,0.0,0,0,0,0,0,0,0,0
WPWR89BLKLAR,0.0,1.0,1,1,0,0,0,0,0,0
WPWR89BLKMED,0.0,0.0,0,0,0,0,0,0,0,0
WPWR89BLKSML,0.0,0.0,0,0,0,0,0,0,0,0
WPWR89BLKXLR,0.0,0.0,0,0,0,0,0,0,0,0
WPWR89CHA2XL,0.0,0.0,0,0,0,0,0,0,0,0
WPWR89CHALAR,0.0,0.0,0,0,0,0,0,0,0,0
WPWR89CHAMED,0.0,0.0,0,0,0,0,0,0,0,0
WPWR89CHASML,0.0,4.0,4,4,0,0,0,0,0,0
WPWR89CHAXLR,0.0,0.0,0,0,0,0,0,0,0,0
WPWR89GFT2XL,0.0,0.0,0,0,0,0,0,0,0,0
WPWR89GFTLAR,0.0,0.0,0,0,0,0,0,0,0,0
WPWR89GFTMED,0.0,4.0,4,4,0,0,0,0,0,0
WPWR89GFTSML,0.0,23.0,23,20,0,3,3,1,1,1
WPWR89GFTXLR,0.0,0.0,0,0,0,0,0,0,0,0
WPWR89OBR2XL,0.0,5.0,5,5,0,0,0,0,0,0
WPWR89OBRLAR,0.0,1.0,1,1,0,0,0,0,0,0
WPWR89OBRMED,0.0,0.0,0,0,0,0,0,0,0,0
WPWR89OBRSML,0.0,1.0,1,1,0,0,0,0,0,0
WPWR89OBRXLR,0.0,9.0,9,9,0,0,0,0,0,0
WPWR89SKO2XL,0.0,0.0,0,0,0,0,0,0,0,0
WPWR89SKOLAR,0.0,0.0,0,0,0,0,0,0,0,0
WPWR89SKOMED,0.0,2.0,2,2,0,0,0,0,0,0
WPWR89SKOSML,0.0,1.0,1,1,0,0,0,0,0,0
WPWR89SKOXLR,0.0,0.0,0,0,0,0,0,0,0,0
WPWR89UGY2XL,0.0,4.0,4,4,0,0,0,0,0,0
WPWR89UGYLAR,0.0,1.0,1,1,0,0,0,0,0,0
WPWR89UGYMED,0.0,4.0,4,4,0,0,0,0,0,0
WPWR89UGYSML,0.0,1.0,1,1,0,0,0,0,0,0
WPWR89UGYXLR,0.0,27.0,27,23,0,4,4,2,2,0
WPWR89VIO2XL,0.0,2.0,2,2,0,0,0,0,0,0
WPWR89VIOLAR,0.0,0.0,0,0,0,0,0,0,0,0
WPWR89VIOMED,0.0,0.0,0,0,0,0,0,0,0,0
WPWR89VIOSML,0.0,0.0,0,0,0,0,0,0,0,0
WPWR89VIOXLR,0.0,16.0,16,16,0,0,0,0,0,0
WPWR89WLG2XL,0.0,2.0,2,2,0,0,0,0,0,0
WPWR89WLGLAR,0.0,2.0,2,2,0,0,0,0,0,0
WPWR89WLGMED,0.0,0.0,0,0,0,0,0,0,0,0
WPWR89WLGSML,0.0,0.0,0,0,0,0,0,0,0,0
WPWR89WLGXLR,0.0,1.0,1,1,0,0,0,0,0,0
WSW149BLK2XL,4.0,13.0,17,17,0,0,0,0,0,0
WSW149BLKLAR,0.0,0.0,0,0,0,0,0,0,0,0
WSW149BLKMED,0.0,3.0,3,3,0,0,0,0,0,0
WSW149BLKSML,0.0,4.0,4,4,0,0,0,0,0,0
WSW149BLKXLR,2.0,11.0,13,13,0,0,0,0,0,0
WSW149CHA2XL,0.0,11.0,11,11,0,0,0,0,0,0
WSW149CHALAR,0.0,0.0,0,0,0,0,0,0,0,0
WSW149CHAMED,0.0,4.0,4,4,0,0,0,0,0,0
WSW149CHASML,0.0,24.0,24,20,0,4,4,2,2,0
WSW149CHAXLR,0.0,5.0,5,5,0,0,0,0,0,0
WSW149CNG2XL,0.0,4.0,4,4,0,0,0,0,0,0
WSW149CNGXLR,0.0,4.0,4,4,0,0,0,0,0,0
WSW149FIG2XL,0.0,5.0,5,5,0,0,0,0,0,0
WSW149FIGLAR,0.0,2.0,2,2,0,0,0,0,0,0
WSW149FIGXLR,0.0,3.0,3,3,0,0,0,0,0,0
WSW149GFT2XL,28.0,11.0,39,39,0,0,0,0,0,0
WSW149GFTLAR,0.0,0.0,0,0,0,0,0,0,0,0
WSW149GFTMED,0.0,0.0,0,0,0,0,0,0,0,0
WSW149GFTSML,1.0,13.0,14,14,0,0,0,0,0,0
WSW149GFTXLR,0.0,13.0,13,13,0,0,0,0,0,0
WSW149IRGLAR,0.0,1.0,1,1,0,0,0,0,0,0
WSW149IRGMED,0.0,0.0,0,0,0,0,0,0,0,0
WSW149IRGXLR,0.0,9.0,9,9,0,0,0,0,0,0
WSW149NTC2XL,0.0,2.0,2,2,0,0,0,0,0,0
WSW149NTCXLR,0.0,6.0,6,6,0,0,0,0,0,0
WSW149OBR2XL,0.0,3.0,3,3,0,0,0,0,0,0
WSW149OBRMED,0.0,24.0,24,20,0,4,4,2,2,0
WSW149OBRSML,0.0,2.0,2,2,0,0,0,0,0,0
WSW149OBRXLR,0.0,1.0,1,1,0,0,0,0,0,0
WSW149OGY2XL,4.0,11.0,15,15,0,0,0,0,0,0
WSW149OGYMED,1.0,14.0,15,15,0,0,0,0,0,0
WSW149OGYSML,0.0,3.0,3,3,0,0,0,0,0,0
WSW149OGYXLR,0.0,6.0,6,6,0,0,0,0,0,0
WSW149SKO2XL,0.0,7.0,7,7,0,0,0,0,0,0
WSW149SKOLAR,0.0,3.0,3,3,0,0,0,0,0,0
WSW149SKOMED,0.0,0.0,0,0,0,0,0,0,0,0
WSW149SKOSML,11.0,15.0,26,26,0,0,0,0,0,0
WSW149SKOXLR,1.0,14.0,15,15,0,0,0,0,0,0
WSW149TRN2XL,0.0,12.0,12,12,0,0,0,0,0,0
WSW149TRNLAR,0.0,0.0,0,0,0,0,0,0,0,0
WSW149TRNMED,5.0,13.0,18,18,0,0,0,0,0,0
WSW149TRNSML,0.0,0.0,0,0,0,0,0,0,0,0
WSW149TRNXLR,0.0,6.0,6,6,0,0,0,0,0,0
WSW149VIO2XL,0.0,7.0,7,7,0,0,0,0,0,0
WSW149VIOLAR,0.0,5.0,5,5,0,0,0,0,0,0
WSW149VIOMED,0.0,0.0,0,0,0,0,0,0,0,0
WSW149VIOSML,8.0,12.0,20,20,0,0,0,0,0,0
WSW149VIOXLR,0.0,3.0,3,3,0,0,0,0,0,0
WSW149WLG2XL,0.0,24.0,24,20,0,4,4,2,2,0
WSW149WLGLAR,0.0,0.0,0,0,0,0,0,0,0,0
WSW149WLGMED,0.0,1.0,1,1,0,0,0,0,0,0
WSW149WLGSML,0.0,10.0,10,10,0,0,0,0,0,0
WSW161BLK2XL,0.0,1.0,1,1,0,0,0,0,0,0
WSW161BLKLAR,0.0,0.0,0,0,0,0,0,0,0,0
WSW161BLKMED,0.0,0.0,0,0,0,0,0,0,0,0
WSW161BLKXLR,0.0,1.0,1,1,0,0,0,0,0,0
WSW161DPK2XL,0.0,1.0,1,1,0,0,0,0,0,0
WSW161DPKLAR,0.0,1.0,1,1,0,0,0,0,0,0
WSW161DPKMED,0.0,0.0,0,0,0,0,0,0,0,0
WSW161DPKXLR,0.0,2.0,2,2,0,0,0,0,0,0
WSW161HTR2XL,0.0,7.0,7,7,0,0,0,0,0,0
WSW161HTRSML,0.0,2.0,2,2,0,0,0,0,0,0
WSW161HTRXLR,0.0,17.0,17,17,0,0,0,0,0,0
WSW161TRN2XL,0.0,1.0,1,1,0,0,0,0,0,0
WSW161TRNLAR,0.0,1.0,1,1,0,0,0,0,0,0
WSW161TRNMED,0.0,0.0,0,0,0,0,0,0,0,0
WSW161TRNSML,0.0,3.0,3,3,0,0,0,0,0,0
WSW161TRNXLR,0.0,3.0,3,3,0,0,0,0,0,0
WSW161UGY2XL,0.0,7.0,7,7,0,0,0,0,0,0
WSW161UGYLAR,0.0,3.0,3,3,0,0,0,0,0,0
WSW161UGYMED,0.0,0.0,0,0,0,0,0,0,0,0
WSW161UGYSML,0.0,5.0,5,5,0,0,0,0,0,0
WSW161UGYXLR,0.0,8.0,8,8,0,0,0,0,0,0
WSW161VIO2XL,0.0,1.0,1,1,0,0,0,0,0,0
WSW161VIOLAR,0.0,0.0,0,0,0,0,0,0,0,0
WSW161VIOSML,0.0,0.0,0,0,0,0,0,0,0,0
WSW161VIOXLR,0.0,0.0,0,0,0,0,0,0,0,0
WSW168BLKLAR,0.0,4.0,4,4,0,0,0,0,0,0
WSW168BLKMED,0.0,3.0,3,3,0,0,0,0,0,0
WSW168BLKSML,0.0,7.0,7,7,0,0,0,0,0,0
WSW168BLKXLR,0.0,0.0,0,0,0,0,0,0,0,0
WSW168CNG2XL,0.0,2.0,2,2,0,0,0,0,0,0
WSW168CNGLAR,0.0,12.0,12,12,0,0,0,0,0,0
WSW168CNGMED,25.0,19.0,44,44,0,0,0,0,0,0
WSW168CNGSML,23.0,13.0,36,36,0,0,0,0,0,0
WSW168CNGXLR,0.0,4.0,4,4,0,0,0,0,0,0
WSW168DPK2XL,0.0,2.0,2,2,0,0,0,0,0,0
WSW168DPKLAR,0.0,10.0,10,10,0,0,0,0,0,0
WSW168DPKMED,13.0,17.0,30,30,0,0,0,0,0,0
WSW168DPKSML,6.0,16.0,22,22,0,0,0,0,0,0
WSW168DPKXLR,0.0,3.0,3,3,0,0,0,0,0,0
WSW168HTR2XL,0.0,9.0,9,9,0,0,0,0,0,0
WSW168HTRLAR,5.0,13.0,18,18,0,0,0,0,0,0
WSW168HTRMED,17.0,13.0,30,30,0,0,0,0,0,0
WSW168HTRSML,11.0,14.0,25,25,0,0,0,0,0,0
WSW168HTRXLR,0.0,10.0,10,10,0,0,0,0,0,0
WSW168OFW2XL,0.0,16.0,16,16,0,0,0,0,0,0
WSW168OFWLAR,0.0,15.0,15,15,0,0,0,0,0,0
WSW168OFWMED,0.0,27.0,27,23,0,4,4,2,2,0
WSW168OFWSML,0.0,23.0,23,20,0,3,3,1,1,1
WSW168OFWXLR,0.0,21.0,21,20,0,1,1,0,0,1
WSW168TRN2XL,0.0,3.0,3,3,0,0,0,0,0,0
WSW168TRNLAR,0.0,6.0,6,6,0,0,0,0,0,0
WSW168TRNMED,9.0,13.0,22,22,0,0,0,0,0,0
WSW168TRNSML,23.0,11.0,34,34,0,0,0,0,0,0
WSW168TRNXLR,0.0,5.0,5,5,0,0,0,0,0,0
WTW102BEK2XL,0.0,1.0,1,1,0,0,0,0,0,0
WTW102FPESML,0.0,0.0,0,0,0,0,0,0,0,0
WTW102MTGXLR,0.0,0.0,0,0,0,0,0,0,0,0
WTW102PCHLAR,0.0,0.0,0,0,0,0,0,0,0,0
WTW102PCHMED,0.0,0.0,0,0,0,0,0,0,0,0
WTW103BPKMED,0.0,0.0,0,0,0,0,0,0,0,0
WTW103MGNMED,0.0,0.0,0,0,0,0,0,0,0,0
WTW103PCHXLR,0.0,0.0,0,0,0,0,0,0,0,0
WTW104BEK2XL,0.0,0.0,0,0,0,0,0,0,0,0
WTW104BEKLAR,0.0,0.0,0,0,0,0,0,0,0,0
WTW104BLK2XL,0.0,0.0,0,0,0,0,0,0,0,0
WTW104BPKLAR,0.0,0.0,0,0,0,0,0,0,0,0
WTW104BPKMED,0.0,15.0,15,15,0,0,0,0,0,0
WTW104BPKSML,0.0,0.0,0,0,0,0,0,0,0,0
WTW104FPE2XL,0.0,0.0,0,0,0,0,0,0,0,0
WTW104FPELAR,0.0,0.0,0,0,0,0,0,0,0,0
WTW104FPEXLR,0.0,1.0,1,1,0,0,0,0,0,0
WTW104LLCLAR,0.0,0.0,0,0,0,0,0,0,0,0
WTW104LLCMED,0.0,48.0,48,41,0,7,7,3,3,1
WTW104LLCXLR,0.0,35.0,35,30,0,5,5,2,2,1
WTW104MTG2XL,15.0,21.0,36,35,0,1,1,0,0,1
WTW104MTGLAR,3.0,28.0,31,27,0,4,4,2,2,0
WTW104MTGMED,3.0,11.0,14,14,0,0,0,0,0,0
WTW104MTGXLR,0.0,4.0,4,4,0,0,0,0,0,0
WTW104PCHLAR,0.0,0.0,0,0,0,0,0,0,0,0
WTW104PCHMED,0.0,19.0,19,19,0,0,0,0,0,0
WTW104PCHSML,0.0,0.0,0,0,0,0,0,0,0,0
WTW104PCHXLR,0.0,12.0,12,12,0,0,0,0,0,0
WTW105BLE2XL,0.0,5.0,5,5,0,0,0,0,0,0
WTW105BLELAR,0.0,3.0,3,3,0,0,0,0,0,0
WTW105BLEMED,0.0,4.0,4,4,0,0,0,0,0,0
WTW105BLEXLR,0.0,2.0,2,2,0,0,0,0,0,0
WTW105BLK2XL,0.0,0.0,0,0,0,0,0,0,0,0
WTW105BLK2XL339,0.0,0.0,0,0,0,0,0,0,0,0
WTW105BLKLAR,0.0,0.0,0,0,0,0,0,0,0,0
WTW105BLKLAR339,0.0,6.0,6,6,0,0,0,0,0,0
WTW105BLKMED,0.0,2.0,2,2,0,0,0,0,0,0
WTW105BLKMED339,56.0,44.0,100,64,22,14,36,17,14,5
WTW105BLKSML339,0.0,1.0,1,1,0,0,0,0,0,0
WTW105BLKXLR,0.0,3.0,3,3,0,0,0,0,0,0
WTW105BLKXLR339,0.0,10.0,10,10,0,0,0,0,0,0
WTW105CFKLAR,0.0,0.0,0,0,0,0,0,0,0,0
WTW105CFKMED,0.0,37.0,37,32,0,5,5,2,2,1
WTW105CFKXLR,0.0,0.0,0,0,0,0,0,0,0,0
WTW105DPK2XL,0.0,7.0,7,7,0,0,0,0,0,0
WTW105DPKXLR,0.0,1.0,1,1,0,0,0,0,0,0
WTW105FPE2XL,0.0,1.0,1,1,0,0,0,0,0,0
WTW105FPELAR,0.0,0.0,0,0,0,0,0,0,0,0
WTW105FPEMED,0.0,0.0,0,0,0,0,0,0,0,0
WTW105FPEXLR,0.0,1.0,1,1,0,0,0,0,0,0
WTW105GFT2XL,0.0,1.0,1,1,0,0,0,0,0,0
WTW105GFTLAR,0.0,1.0,1,1,0,0,0,0,0,0
WTW105GFTMED,0.0,2.0,2,2,0,0,0,0,0,0
WTW105GFTXLR,0.0,2.0,2,2,0,0,0,0,0,0
WTW105GJD2XL,0.0,4.0,4,4,0,0,0,0,0,0
WTW105GJDLAR,0.0,0.0,0,0,0,0,0,0,0,0
WTW105GJDMED,0.0,9.0,9,9,0,0,0,0,0,0
WTW105GJDXLR,0.0,5.0,5,5,0,0,0,0,0,0
WTW105HTR2XL,0.0,2.0,2,2,0,0,0,0,0,0
WTW105HTRLAR,0.0,2.0,2,2,0,0,0,0,0,0
WTW105HTRMED,0.0,17.0,17,17,0,0,0,0,0,0
WTW105HTRXLR,0.0,2.0,2,2,0,0,0,0,0,0
WTW105LGN2XL,0.0,11.0,11,11,0,0,0,0,0,0
WTW105LGNLAR,0.0,1.0,1,1,0,0,0,0,0,0
WTW105LGNMED,0.0,1.0,1,1,0,0,0,0,0,0
WTW105LGNXLR,0.0,0.0,0,0,0,0,0,0,0,0
WTW105LLC2XL,0.0,5.0,5,5,0,0,0,0,0,0
WTW105LLC2XL339,4.0,27.0,31,27,0,4,4,2,2,0
WTW105LLCLAR,0.0,0.0,0,0,0,0,0,0,0,0
WTW105LLCLAR339,0.0,40.0,40,34,0,6,6,3,2,1
WTW105LLCMED,0.0,1.0,1,1,0,0,0,0,0,0
WTW105LLCMED339,70.0,76.0,146,93,32,21,53,25,21,7
WTW105LLCSML339,1.0,15.0,16,16,0,0,0,0,0,0
WTW105LLCXLR,0.0,0.0,0,0,0,0,0,0,0,0
WTW105LLCXLR339,0.0,41.0,41,35,0,6,6,3,2,1
WTW105LTG2XL,0.0,3.0,3,3,0,0,0,0,0,0
WTW105LTGLAR,0.0,7.0,7,7,0,0,0,0,0,0
WTW105LTGMED,0.0,8.0,8,8,0,0,0,0,0,0
WTW105LTGSML,0.0,2.0,2,2,0,0,0,0,0,0
WTW105LTGXLR,0.0,2.0,2,2,0,0,0,0,0,0
WTW105MSA2XL,0.0,11.0,11,11,0,0,0,0,0,0
WTW105MSALAR,0.0,1.0,1,1,0,0,0,0,0,0
WTW105MSAXLR,0.0,1.0,1,1,0,0,0,0,0,0
WTW105MTG2XL,0.0,1.0,1,1,0,0,0,0,0,0
WTW105MTGLAR,0.0,37.0,37,32,0,5,5,2,2,1
WTW105MTGMED,0.0,1.0,1,1,0,0,0,0,0,0
WTW105MTGXLR,0.0,0.0,0,0,0,0,0,0,0,0
WTW105MYE2XL,0.0,3.0,3,3,0,0,0,0,0,0
WTW105MYELAR,0.0,1.0,1,1,0,0,0,0,0,0
WTW105MYEMED,0.0,1.0,1,1,0,0,0,0,0,0
WTW105MYESML,0.0,0.0,0,0,0,0,0,0,0,0
WTW105MYEXLR,0.0,2.0,2,2,0,0,0,0,0,0
WTW105PAELAR,0.0,0.0,0,0,0,0,0,0,0,0
WTW105PAEMED,0.0,0.0,0,0,0,0,0,0,0,0
WTW105PAEXLR,0.0,0.0,0,0,0,0,0,0,0,0
WTW105PCH2XL,0.0,12.0,12,12,0,0,0,0,0,0
WTW105PCH2XL339,5.0,35.0,40,34,0,6,6,3,2,1
WTW105PCHLAR,0.0,4.0,4,4,0,0,0,0,0,0
WTW105PCHLAR339,18.0,41.0,59,51,0,8,8,4,3,1
WTW105PCHMED,53.0,16.0,69,54,15,0,15,7,6,2
WTW105PCHMED339,88.0,100.0,188,120,41,27,68,32,26,10
WTW105PCHSML,0.0,3.0,3,3,0,0,0,0,0,0
WTW105PCHSML339,0.0,27.0,27,23,0,4,4,2,2,0
WTW105PCHXLR,0.0,10.0,10,10,0,0,0,0,0,0
WTW105PCHXLR339,10.0,52.0,62,53,0,9,9,4,4,1
WTW105SBELAR,0.0,1.0,1,1,0,0,0,0,0,0
WTW105SBEMED,0.0,1.0,1,1,0,0,0,0,0,0
WTW105SBEXLR,0.0,4.0,4,4,0,0,0,0,0,0
WTW105SDL2XL339,42.0,24.0,66,50,12,4,16,8,6,2
WTW105SDLLAR339,87.0,42.0,129,83,28,18,46,22,18,6
WTW105SDLMED339,160.0,55.0,215,138,46,31,77,36,30,11
WTW105SDLSML339,43.0,13.0,56,44,12,0,12,6,5,1
WTW105SDLXLR339,69.0,29.0,98,68,21,9,30,14,12,4
WTW105TEL2XL,0.0,0.0,0,0,0,0,0,0,0,0
WTW105TEL2XL339,19.0,21.0,40,39,0,1,1,0,0,1
WTW105TELLAR339,51.0,35.0,86,55,19,12,31,15,12,4
WTW105TELMED,0.0,0.0,0,0,0,0,0,0,0,0
WTW105TELMED339,95.0,72.0,167,107,36,24,60,28,23,9
WTW105TELSML339,7.0,19.0,26,26,0,0,0,0,0,0
WTW105TELXLR,0.0,0.0,0,0,0,0,0,0,0,0
WTW105TELXLR339,36.0,21.0,57,50,6,1,7,3,3,1
WTW105TRN2XL,0.0,0.0,0,0,0,0,0,0,0,0
WTW105TRNLAR,0.0,0.0,0,0,0,0,0,0,0,0
WTW105TRNMED,0.0,1.0,1,1,0,0,0,0,0,0
WTW105TRNSML,0.0,1.0,1,1,0,0,0,0,0,0
WTW105TRNXLR,0.0,0.0,0,0,0,0,0,0,0,0
WTW105UGY2XL,0.0,0.0,0,0,0,0,0,0,0,0
WTW105UGYLAR,0.0,1.0,1,1,0,0,0,0,0,0
WTW105UGYMED,0.0,1.0,1,1,0,0,0,0,0,0
WTW105UGYSML,0.0,1.0,1,1,0,0,0,0,0,0
WTW105UGYXLR,0.0,0.0,0,0,0,0,0,0,0,0
WTW105VIO2XL,0.0,1.0,1,1,0,0,0,0,0,0
WTW105VIO2XL339,0.0,26.0,26,22,0,4,4,2,2,0
WTW105VIOLAR,0.0,2.0,2,2,0,0,0,0,0,0
WTW105VIOLAR339,0.0,46.0,46,39,0,7,7,3,3,1
WTW105VIOMED,0.0,0.0,0,0,0,0,0,0,0,0
WTW105VIOMED339,76.0,98.0,174,111,38,25,63,30,24,9
WTW105VIOSML,0.0,4.0,4,4,0,0,0,0,0,0
WTW105VIOSML339,1.0,23.0,24,21,0,3,3,1,1,1
WTW105VIOXLR,0.0,1.0,1,1,0,0,0,0,0,0
WTW105VIOXLR339,9.0,30.0,39,33,0,6,6,3,2,1
WTW105WLG2XL,0.0,0.0,0,0,0,0,0,0,0,0
WTW105WLGLAR,0.0,2.0,2,2,0,0,0,0,0,0
WTW105WLGMED,0.0,0.0,0,0,0,0,0,0,0,0
WTW105WLGSML,0.0,0.0,0,0,0,0,0,0,0,0
WTW105WLGXLR,0.0,0.0,0,0,0,0,0,0,0,0
WTW105WYLLAR,0.0,2.0,2,2,0,0,0,0,0,0
WTW105WYLMED,0.0,1.0,1,1,0,0,0,0,0,0
WTW105WYLXLR,0.0,1.0,1,1,0,0,0,0,0,0
WTW105YLW2XL,0.0,6.0,6,6,0,0,0,0,0,0
WTW105YLWMED,0.0,1.0,1,1,0,0,0,0,0,0
WTW106FPELAR,0.0,26.0,26,22,0,4,4,2,2,0
WTW106FPEMED,0.0,37.0,37,32,0,5,5,2,2,1
WTW106FPEXLR,0.0,0.0,0,0,0,0,0,0,0,0
WTW106IGOLAR,0.0,1.0,1,1,0,0,0,0,0,0
WTW106IGOXLR,0.0,0.0,0,0,0,0,0,0,0,0
WTW106LLCXLR,0.0,0.0,0,0,0,0,0,0,0,0
WTW110AAE2XL,0.0,5.0,5,5,0,0,0,0,0,0
WTW110AAELAR,0.0,2.0,2,2,0,0,0,0,0,0
WTW110AAEMED,0.0,26.0,26,22,0,4,4,2,2,0
WTW110AAESML,0.0,7.0,7,7,0,0,0,0,0,0
WTW110AAEXLR,0.0,0.0,0,0,0,0,0,0,0,0
WTW110BBESML,0.0,1.0,1,1,0,0,0,0,0,0
WTW110LLA2XL,0.0,0.0,0,0,0,0,0,0,0,0
WTW110LLALAR,0.0,1.0,1,1,0,0,0,0,0,0
WTW110LLAMED,0.0,4.0,4,4,0,0,0,0,0,0
WTW110LLASML,0.0,15.0,15,15,0,0,0,0,0,0
WTW110LLAXLR,0.0,0.0,0,0,0,0,0,0,0,0
WTW110RRF2XL,0.0,0.0,0,0,0,0,0,0,0,0
WTW110RRFLAR,0.0,6.0,6,6,0,0,0,0,0,0
WTW110RRFMED,3.0,21.0,24,23,0,1,1,0,0,1
WTW110RRFSML,0.0,6.0,6,6,0,0,0,0,0,0
WTW110RRFXLR,0.0,0.0,0,0,0,0,0,0,0,0
WTW110RSSLAR,0.0,0.0,0,0,0,0,0,0,0,0
WTW110RSSSML,0.0,5.0,5,5,0,0,0,0,0,0
WTW110SNTLAR,0.0,2.0,2,2,0,0,0,0,0,0
WTW110SNTMED,0.0,4.0,4,4,0,0,0,0,0,0
WTW110SNTSML,0.0,1.0,1,1,0,0,0,0,0,0
WTW110SNTXLR,0.0,1.0,1,1,0,0,0,0,0,0
WTW110SYS2XL,0.0,4.0,4,4,0,0,0,0,0,0
WTW110SYSLAR,0.0,0.0,0,0,0,0,0,0,0,0
WTW110SYSMED,0.0,19.0,19,19,0,0,0,0,0,0
WTW110SYSSML,0.0,11.0,11,11,0,0,0,0,0,0
WTW110SYSXLR,0.0,0.0,0,0,0,0,0,0,0,0
WTW112BLKLAR004,0.0,0.0,0,0,0,0,0,0,0,0
WTW112BLKMED003,0.0,0.0,0,0,0,0,0,0,0,0
WTW112BLKSML004,0.0,0.0,0,0,0,0,0,0,0,0
WTW112BLKXLR003,0.0,1.0,1,1,0,0,0,0,0,0
WTW112BLKXLR004,0.0,1.0,1,1,0,0,0,0,0,0
WTW112CHA2XL005,0.0,0.0,0,0,0,0,0,0,0,0
WTW112CHALAR005,0.0,0.0,0,0,0,0,0,0,0,0
WTW112CHAMED005,0.0,2.0,2,2,0,0,0,0,0,0
WTW112CHASML005,0.0,21.0,21,20,0,1,1,0,0,1
WTW112CHAXLR005,0.0,1.0,1,1,0,0,0,0,0,0
WTW112FGVLAR003,0.0,0.0,0,0,0,0,0,0,0,0
WTW112FGVMED003,0.0,3.0,3,3,0,0,0,0,0,0
WTW112HTRXLR004,0.0,0.0,0,0,0,0,0,0,0,0
WTW112LGNLAR003,0.0,2.0,2,2,0,0,0,0,0,0
WTW112LGNMED003,0.0,0.0,0,0,0,0,0,0,0,0
WTW112LLC2XL005,0.0,0.0,0,0,0,0,0,0,0,0
WTW112LLCLAR005,0.0,0.0,0,0,0,0,0,0,0,0
WTW112LLCMED005,0.0,3.0,3,3,0,0,0,0,0,0
WTW112LLCSML005,0.0,6.0,6,6,0,0,0,0,0,0
WTW112LLCXLR005,0.0,2.0,2,2,0,0,0,0,0,0
WTW112MNB2XL005,0.0,1.0,1,1,0,0,0,0,0,0
WTW112MNBLAR005,0.0,0.0,0,0,0,0,0,0,0,0
WTW112MNBMED005,0.0,0.0,0,0,0,0,0,0,0,0
WTW112MNBSML005,0.0,7.0,7,7,0,0,0,0,0,0
WTW112MTG2XL005,0.0,0.0,0,0,0,0,0,0,0,0
WTW112MTGLAR005,16.0,13.0,29,29,0,0,0,0,0,0
WTW112MTGMED005,0.0,0.0,0,0,0,0,0,0,0,0
WTW112MTGSML005,0.0,7.0,7,7,0,0,0,0,0,0
WTW112MTGXLR005,0.0,6.0,6,6,0,0,0,0,0,0
WTW112OBRMED004,0.0,2.0,2,2,0,0,0,0,0,0
WTW112OBRSML004,0.0,1.0,1,1,0,0,0,0,0,0
WTW112PCH2XL004,0.0,2.0,2,2,0,0,0,0,0,0
WTW112PCH2XL005,0.0,3.0,3,3,0,0,0,0,0,0
WTW112PCHLAR003,0.0,1.0,1,1,0,0,0,0,0,0
WTW112PCHLAR004,0.0,3.0,3,3,0,0,0,0,0,0
WTW112PCHLAR005,0.0,3.0,3,3,0,0,0,0,0,0
WTW112PCHMED003,0.0,2.0,2,2,0,0,0,0,0,0
WTW112PCHMED004,0.0,0.0,0,0,0,0,0,0,0,0
WTW112PCHMED005,0.0,0.0,0,0,0,0,0,0,0,0
WTW112PCHSML004,0.0,6.0,6,6,0,0,0,0,0,0
WTW112PCHSML005,0.0,9.0,9,9,0,0,0,0,0,0
WTW112PCHXLR004,0.0,1.0,1,1,0,0,0,0,0,0
WTW112PCHXLR005,0.0,0.0,0,0,0,0,0,0,0,0
WTW112SDL2XL004,0.0,0.0,0,0,0,0,0,0,0,0
WTW112SDLLAR004,0.0,1.0,1,1,0,0,0,0,0,0
WTW112SKYLAR004,0.0,0.0,0,0,0,0,0,0,0,0
WTW112SKYMED004,0.0,0.0,0,0,0,0,0,0,0,0
WTW112SKYXLR004,0.0,1.0,1,1,0,0,0,0,0,0
WTW112TEL2XL005,0.0,0.0,0,0,0,0,0,0,0,0
WTW112TELLAR005,0.0,1.0,1,1,0,0,0,0,0,0
WTW112TELMED005,0.0,1.0,1,1,0,0,0,0,0,0
WTW112TELSML005,0.0,15.0,15,15,0,0,0,0,0,0
WTW112TELXLR005,0.0,0.0,0,0,0,0,0,0,0,0
WTW112TSPLAR003,0.0,3.0,3,3,0,0,0,0,0,0
WTW112TSPMED003,0.0,1.0,1,1,0,0,0,0,0,0
WTW112TSPXLR003,0.0,0.0,0,0,0,0,0,0,0,0
WTW112WYLLAR003,0.0,1.0,1,1,0,0,0,0,0,0
WTW112WYLXLR003,0.0,5.0,5,5,0,0,0,0,0,0
WTW114CSNXLR,0.0,0.0,0,0,0,0,0,0,0,0
WTW114MTGLAR,0.0,0.0,0,0,0,0,0,0,0,0
WTW114WYLXLR,0.0,0.0,0,0,0,0,0,0,0,0
WTW118BLT2XL,0.0,1.0,1,1,0,0,0,0,0,0
WTW118BLTLAR,0.0,18.0,18,18,0,0,0,0,0,0
WTW118BLTMED,0.0,0.0,0,0,0,0,0,0,0,0
WTW118BLTXLR,0.0,29.0,29,25,0,4,4,2,2,0
WTW118DCHLAR,0.0,0.0,0,0,0,0,0,0,0,0
WTW118DCHMED,0.0,0.0,0,0,0,0,0,0,0,0
WTW118DCHXLR,0.0,0.0,0,0,0,0,0,0,0,0
WTW118EEGLAR,0.0,0.0,0,0,0,0,0,0,0,0
WTW118EEGMED,0.0,0.0,0,0,0,0,0,0,0,0
WTW118EEGXLR,0.0,0.0,0,0,0,0,0,0,0,0
WTW118GJDLAR,0.0,13.0,13,13,0,0,0,0,0,0
WTW118GJDMED,0.0,0.0,0,0,0,0,0,0,0,0
WTW118GJDXLR,0.0,42.0,42,36,0,6,6,3,2,1
WTW118LLCLAR,0.0,19.0,19,19,0,0,0,0,0,0
WTW118LLCMED,0.0,0.0,0,0,0,0,0,0,0,0
WTW118LLCXLR,0.0,27.0,27,23,0,4,4,2,2,0
WTW118OINLAR,0.0,0.0,0,0,0,0,0,0,0,0
WTW118OINMED,0.0,0.0,0,0,0,0,0,0,0,0
WTW118OINXLR,0.0,0.0,0,0,0,0,0,0,0,0
WTW121CTGLAR,0.0,0.0,0,0,0,0,0,0,0,0
WTW121CTGMED,0.0,0.0,0,0,0,0,0,0,0,0
WTW121CTGXLR,0.0,0.0,0,0,0,0,0,0,0,0
WTW121CWALAR,0.0,0.0,0,0,0,0,0,0,0,0
WTW121CWAMED,0.0,0.0,0,0,0,0,0,0,0,0
WTW121CWAXLR,0.0,0.0,0,0,0,0,0,0,0,0
WTW121DCNLAR,0.0,0.0,0,0,0,0,0,0,0,0
WTW121DCNMED,0.0,0.0,0,0,0,0,0,0,0,0
WTW121DCNXLR,0.0,0.0,0,0,0,0,0,0,0,0
WTW121DNMLAR,0.0,0.0,0,0,0,0,0,0,0,0
WTW121DNMMED,0.0,0.0,0,0,0,0,0,0,0,0
WTW121DNMXLR,0.0,0.0,0,0,0,0,0,0,0,0
WTW121DRELAR,0.0,0.0,0,0,0,0,0,0,0,0
WTW121DREMED,0.0,1.0,1,1,0,0,0,0,0,0
WTW121DREXLR,0.0,0.0,0,0,0,0,0,0,0,0
WTW121RSRLAR,0.0,0.0,0,0,0,0,0,0,0,0
WTW121RSRMED,0.0,0.0,0,0,0,0,0,0,0,0
WTW121RSRXLR,0.0,0.0,0,0,0,0,0,0,0,0
WTW123BLKLAR,0.0,0.0,0,0,0,0,0,0,0,0
WTW123BLKMED,0.0,0.0,0,0,0,0,0,0,0,0
WTW123BLKXLR,0.0,0.0,0,0,0,0,0,0,0,0
WTW123DRELAR,0.0,0.0,0,0,0,0,0,0,0,0
WTW123DREMED,0.0,0.0,0,0,0,0,0,0,0,0
WTW123DREXLR,0.0,0.0,0,0,0,0,0,0,0,0
WTW123HTGLAR,0.0,0.0,0,0,0,0,0,0,0,0
WTW123HTGMED,0.0,0.0,0,0,0,0,0,0,0,0
WTW123HTGXLR,0.0,0.0,0,0,0,0,0,0,0,0
WTW123IGOLAR,0.0,0.0,0,0,0,0,0,0,0,0
WTW123IGOMED,0.0,0.0,0,0,0,0,0,0,0,0
WTW123IGOXLR,0.0,0.0,0,0,0,0,0,0,0,0
WTW123IRGLAR,0.0,0.0,0,0,0,0,0,0,0,0
WTW123IRGMED,0.0,0.0,0,0,0,0,0,0,0,0
WTW123IRGXLR,0.0,0.0,0,0,0,0,0,0,0,0
WTW123SWPLAR,0.0,0.0,0,0,0,0,0,0,0,0
WTW123SWPMED,0.0,0.0,0,0,0,0,0,0,0,0
WTW123SWPXLR,0.0,0.0,0,0,0,0,0,0,0,0
WTW124DREXLR,0.0,1.0,1,1,0,0,0,0,0,0
WTW124LGNXLR,0.0,2.0,2,2,0,0,0,0,0,0
WTW124MNBLAR,0.0,0.0,0,0,0,0,0,0,0,0
WTW124MNBXLR,0.0,5.0,5,5,0,0,0,0,0,0
WTW124WGNMED,0.0,1.0,1,1,0,0,0,0,0,0
WTW124WGNXLR,0.0,0.0,0,0,0,0,0,0,0,0
WTW125CBNLAR,0.0,8.0,8,8,0,0,0,0,0,0
WTW125CBNMED,0.0,0.0,0,0,0,0,0,0,0,0
WTW125CBNSML,0.0,0.0,0,0,0,0,0,0,0,0
WTW125DRELAR,0.0,0.0,0,0,0,0,0,0,0,0
WTW125DREMED,0.0,0.0,0,0,0,0,0,0,0,0
WTW125DRESML,0.0,0.0,0,0,0,0,0,0,0,0
WTW125DREXLR,0.0,0.0,0,0,0,0,0,0,0,0
WTW125LGNLAR,0.0,1.0,1,1,0,0,0,0,0,0
WTW125LGNMED,0.0,0.0,0,0,0,0,0,0,0,0
WTW125LGNSML,0.0,0.0,0,0,0,0,0,0,0,0
WTW125LGNXLR,0.0,1.0,1,1,0,0,0,0,0,0
WTW125MBNLAR,0.0,3.0,3,3,0,0,0,0,0,0
WTW125MBNMED,0.0,0.0,0,0,0,0,0,0,0,0
WTW125MBNSML,0.0,0.0,0,0,0,0,0,0,0,0
WTW125MBNXLR,0.0,17.0,17,17,0,0,0,0,0,0
WTW125MNBLAR,0.0,0.0,0,0,0,0,0,0,0,0
WTW125MNBMED,0.0,0.0,0,0,0,0,0,0,0,0
WTW125MNBSML,0.0,0.0,0,0,0,0,0,0,0,0
WTW125WGNLAR,0.0,0.0,0,0,0,0,0,0,0,0
WTW125WGNMED,0.0,0.0,0,0,0,0,0,0,0,0
WTW125WGNSML,0.0,0.0,0,0,0,0,0,0,0,0
WTW128DCNLAR,0.0,0.0,0,0,0,0,0,0,0,0
WTW128DCNMED,0.0,0.0,0,0,0,0,0,0,0,0
WTW128DCNSML,0.0,0.0,0,0,0,0,0,0,0,0
WTW128DCNXLR,0.0,0.0,0,0,0,0,0,0,0,0
WTW128DRELAR,0.0,0.0,0,0,0,0,0,0,0,0
WTW128DREMED,0.0,0.0,0,0,0,0,0,0,0,0
WTW128DRESML,0.0,0.0,0,0,0,0,0,0,0,0
WTW128DREXLR,0.0,0.0,0,0,0,0,0,0,0,0
WTW128LGNLAR,0.0,0.0,0,0,0,0,0,0,0,0
WTW128LGNMED,0.0,0.0,0,0,0,0,0,0,0,0
WTW128LGNSML,0.0,0.0,0,0,0,0,0,0,0,0
WTW128LGNXLR,0.0,0.0,0,0,0,0,0,0,0,0
WTW128MBNLAR,0.0,0.0,0,0,0,0,0,0,0,0
WTW128MBNMED,0.0,1.0,1,1,0,0,0,0,0,0
WTW128MBNSML,0.0,0.0,0,0,0,0,0,0,0,0
WTW128MBNXLR,0.0,0.0,0,0,0,0,0,0,0,0
WTW128MNBLAR,0.0,0.0,0,0,0,0,0,0,0,0
WTW128MNBMED,0.0,0.0,0,0,0,0,0,0,0,0
WTW128MNBSML,0.0,0.0,0,0,0,0,0,0,0,0
WTW128MNBXLR,0.0,0.0,0,0,0,0,0,0,0,0
WTW128WGNLAR,0.0,0.0,0,0,0,0,0,0,0,0
WTW128WGNMED,0.0,0.0,0,0,0,0,0,0,0,0
WTW128WGNSML,0.0,0.0,0,0,0,0,0,0,0,0
WTW128WGNXLR,0.0,0.0,0,0,0,0,0,0,0,0
WTW129ASH2XL,0.0,7.0,7,7,0,0,0,0,0,0
WTW129ASHLAR,3.0,11.0,14,14,0,0,0,0,0,0
WTW129ASHMED,0.0,10.0,10,10,0,0,0,0,0,0
WTW129ASHSML,0.0,0.0,0,0,0,0,0,0,0,0
WTW129ASHXLR,0.0,0.0,0,0,0,0,0,0,0,0
WTW129BLK2XL,0.0,1.0,1,1,0,0,0,0,0,0
WTW129BLKLAR,0.0,1.0,1,1,0,0,0,0,0,0
WTW129BLKMED,0.0,1.0,1,1,0,0,0,0,0,0
WTW129BLKSML,0.0,0.0,0,0,0,0,0,0,0,0
WTW129BLKXLR,0.0,0.0,0,0,0,0,0,0,0,0
WTW129CFK2XL,0.0,6.0,6,6,0,0,0,0,0,0
WTW129CFKLAR,0.0,0.0,0,0,0,0,0,0,0,0
WTW129CFKMED,0.0,2.0,2,2,0,0,0,0,0,0
WTW129CFKSML,0.0,1.0,1,1,0,0,0,0,0,0
WTW129CFKXLR,0.0,1.0,1,1,0,0,0,0,0,0
WTW129HTR2XL,0.0,9.0,9,9,0,0,0,0,0,0
WTW129HTRLAR,0.0,2.0,2,2,0,0,0,0,0,0
WTW129HTRMED,0.0,9.0,9,9,0,0,0,0,0,0
WTW129HTRSML,0.0,1.0,1,1,0,0,0,0,0,0
WTW129HTRXLR,0.0,1.0,1,1,0,0,0,0,0,0
WTW129LGNLAR,0.0,0.0,0,0,0,0,0,0,0,0
WTW129LTL2XL,0.0,2.0,2,2,0,0,0,0,0,0
WTW129LTLLAR,0.0,0.0,0,0,0,0,0,0,0,0
WTW129LTLMED,0.0,2.0,2,2,0,0,0,0,0,0
WTW129LTLSML,0.0,0.0,0,0,0,0,0,0,0,0
WTW129LTLXLR,0.0,1.0,1,1,0,0,0,0,0,0
WTW129MBN2XL,0.0,2.0,2,2,0,0,0,0,0,0
WTW129MBNLAR,0.0,1.0,1,1,0,0,0,0,0,0
WTW129MBNMED,0.0,0.0,0,0,0,0,0,0,0,0
WTW129MBNSML,0.0,0.0,0,0,0,0,0,0,0,0
WTW129MBNXLR,0.0,1.0,1,1,0,0,0,0,0,0
WTW129OLD2XL,0.0,5.0,5,5,0,0,0,0,0,0
WTW129OLDSML,0.0,0.0,0,0,0,0,0,0,0,0
WTW131BRM2XL,0.0,0.0,0,0,0,0,0,0,0,0
WTW131BRMLAR,0.0,0.0,0,0,0,0,0,0,0,0
WTW131BRMMED,0.0,0.0,0,0,0,0,0,0,0,0
WTW131BRMSML,0.0,0.0,0,0,0,0,0,0,0,0
WTW131BRMXLR,0.0,0.0,0,0,0,0,0,0,0,0
WTW131CLLLAR,0.0,0.0,0,0,0,0,0,0,0,0
WTW131CLLMED,0.0,0.0,0,0,0,0,0,0,0,0
WTW131CLLSML,0.0,0.0,0,0,0,0,0,0,0,0
WTW131CLLXLR,0.0,0.0,0,0,0,0,0,0,0,0
WTW131CTGLAR,0.0,0.0,0,0,0,0,0,0,0,0
WTW131CTGMED,0.0,0.0,0,0,0,0,0,0,0,0
WTW131CTGSML,0.0,0.0,0,0,0,0,0,0,0,0
WTW131CTGXLR,0.0,0.0,0,0,0,0,0,0,0,0
WTW131CTOLAR,0.0,0.0,0,0,0,0,0,0,0,0
WTW131CTOMED,0.0,0.0,0,0,0,0,0,0,0,0
WTW131CTOSML,0.0,0.0,0,0,0,0,0,0,0,0
WTW131CTOXLR,0.0,0.0,0,0,0,0,0,0,0,0
WTW131DCMLAR,0.0,0.0,0,0,0,0,0,0,0,0
WTW131DCMMED,0.0,0.0,0,0,0,0,0,0,0,0
WTW131DCMSML,0.0,0.0,0,0,0,0,0,0,0,0
WTW131DCMXLR,0.0,0.0,0,0,0,0,0,0,0,0
WTW131SBMLAR,0.0,2.0,2,2,0,0,0,0,0,0
WTW131SBMMED,0.0,4.0,4,4,0,0,0,0,0,0
WTW131SBMSML,0.0,0.0,0,0,0,0,0,0,0,0
WTW131SBMXLR,0.0,0.0,0,0,0,0,0,0,0,0
WTW132BVM2XL,0.0,12.0,12,12,0,0,0,0,0,0
WTW132BVMLAR,0.0,2.0,2,2,0,0,0,0,0,0
WTW132BVMMED,0.0,3.0,3,3,0,0,0,0,0,0
WTW132BVMSML,0.0,16.0,16,16,0,0,0,0,0,0
WTW132BVMXLR,0.0,4.0,4,4,0,0,0,0,0,0
WTW132CME2XL,51.0,25.0,76,55,16,5,21,10,8,3
WTW132CMELAR,69.0,34.0,103,67,22,14,36,17,14,5
WTW132CMEMED,0.0,0.0,0,0,0,0,0,0,0,0
WTW132CMESML,81.0,55.0,136,87,29,20,49,23,19,7
WTW132DMM2XL,0.0,0.0,0,0,0,0,0,0,0,0
WTW132DMMSML,0.0,4.0,4,4,0,0,0,0,0,0
WTW132DMMXLR,0.0,0.0,0,0,0,0,0,0,0,0
WTW132DPM2XL,22.0,52.0,74,63,0,11,11,5,4,2
WTW132DPMLAR,1.0,18.0,19,19,0,0,0,0,0,0
WTW132DPMMED,0.0,1.0,1,1,0,0,0,0,0,0
WTW132DPMSML,37.0,34.0,71,54,7,10,17,8,7,2
WTW132DPMXLR,0.0,1.0,1,1,0,0,0,0,0,0
WTW132GCM2XL,47.0,23.0,70,52,15,3,18,8,7,3
WTW132GCMLAR,57.0,60.0,117,75,25,17,42,20,16,6
WTW132GCMSML,86.0,47.0,133,85,29,19,48,23,19,6
WTW132GCMXLR,0.0,0.0,0,0,0,0,0,0,0,0
WTW132HRM2XL,44.0,52.0,96,68,14,14,28,13,11,4
WTW132HRMLAR,68.0,64.0,132,84,29,19,48,23,19,6
WTW132HRMMED,0.0,0.0,0,0,0,0,0,0,0,0
WTW132HRMSML,54.0,47.0,101,65,22,14,36,17,14,5
WTW132LEM2XL,0.0,1.0,1,1,0,0,0,0,0,0
WTW132LEMLAR,0.0,5.0,5,5,0,0,0,0,0,0
WTW132LEMSML,0.0,1.0,1,1,0,0,0,0,0,0
WTW132LEMXLR,0.0,4.0,4,4,0,0,0,0,0,0
WTW132LGM2XL,50.0,51.0,101,67,20,14,34,16,13,5
WTW132LGMLAR,66.0,56.0,122,78,26,18,44,21,17,6
WTW132LGMSML,91.0,61.0,152,97,33,22,55,26,21,8
WTW132LGMXLR,0.0,1.0,1,1,0,0,0,0,0,0
WTW132MBGSML,0.0,0.0,0,0,0,0,0,0,0,0
WTW132NBM2XL,12.0,13.0,25,25,0,0,0,0,0,0
WTW132NBMLAR,28.0,38.0,66,56,0,10,10,5,4,1
WTW132NBMMED,0.0,0.0,0,0,0,0,0,0,0,0
WTW132NBMSML,69.0,38.0,107,68,23,16,39,18,15,6
WTW132NBMXLR,0.0,0.0,0,0,0,0,0,0,0,0
WTW132OLM2XL,0.0,26.0,26,22,0,4,4,2,2,0
WTW132OLMLAR,0.0,1.0,1,1,0,0,0,0,0,0
WTW132OLMSML,0.0,2.0,2,2,0,0,0,0,0,0
WTW132OLMXLR,0.0,27.0,27,23,0,4,4,2,2,0
WTW132SBM2XL,0.0,4.0,4,4,0,0,0,0,0,0
WTW132SBMLAR,0.0,10.0,10,10,0,0,0,0,0,0
WTW132SBMMED,0.0,0.0,0,0,0,0,0,0,0,0
WTW132SBMSML,0.0,2.0,2,2,0,0,0,0,0,0
WTW132SBMXLR,0.0,13.0,13,13,0,0,0,0,0,0
WTW132TGM2XL,0.0,6.0,6,6,0,0,0,0,0,0
WTW132TGMMED,0.0,0.0,0,0,0,0,0,0,0,0
WTW132TGMSML,0.0,1.0,1,1,0,0,0,0,0,0
WTW132TGMXLR,0.0,2.0,2,2,0,0,0,0,0,0
WTW132UGM2XL,3.0,21.0,24,23,0,1,1,0,0,1
WTW132UGMLAR,0.0,1.0,1,1,0,0,0,0,0,0
WTW132UGMMED,0.0,1.0,1,1,0,0,0,0,0,0
WTW132UGMSML,0.0,7.0,7,7,0,0,0,0,0,0
WTW132UGMXLR,1.0,16.0,17,17,0,0,0,0,0,0
WTW136NVY2XL,0.0,2.0,2,2,0,0,0,0,0,0
WTW136NVYLAR,0.0,15.0,15,15,0,0,0,0,0,0
WTW136NVYMED,0.0,5.0,5,5,0,0,0,0,0,0
WTW136NVYXLR,0.0,10.0,10,10,0,0,0,0,0,0
WTW136OVE2XL,0.0,2.0,2,2,0,0,0,0,0,0
WTW136OVELAR,27.0,11.0,38,38,0,0,0,0,0,0
WTW136OVEMED,0.0,8.0,8,8,0,0,0,0,0,0
WTW136OVEXLR,0.0,5.0,5,5,0,0,0,0,0,0
WTW136PCH2XL,0.0,10.0,10,10,0,0,0,0,0,0
WTW136PCHLAR,4.0,15.0,19,19,0,0,0,0,0,0
WTW136PCHMED,0.0,7.0,7,7,0,0,0,0,0,0
WTW136PCHXLR,18.0,16.0,34,34,0,0,0,0,0,0
WTW136RRNLAR,0.0,0.0,0,0,0,0,0,0,0,0
WTW136RRNMED,0.0,0.0,0,0,0,0,0,0,0,0
WTW137BLKLAR,0.0,4.0,4,4,0,0,0,0,0,0
WTW137BLKMED,0.0,0.0,0,0,0,0,0,0,0,0
WTW137BTD2XL,0.0,5.0,5,5,0,0,0,0,0,0
WTW137BTDLAR,0.0,11.0,11,11,0,0,0,0,0,0
WTW137BTDMED,0.0,8.0,8,8,0,0,0,0,0,0
WTW137BTDXLR,0.0,12.0,12,12,0,0,0,0,0,0
WTW137FGVLAR,0.0,1.0,1,1,0,0,0,0,0,0
WTW137FGVMED,0.0,1.0,1,1,0,0,0,0,0,0
WTW137GVELAR,0.0,1.0,1,1,0,0,0,0,0,0
WTW137GVEMED,0.0,2.0,2,2,0,0,0,0,0,0
WTW137GVEXLR,0.0,1.0,1,1,0,0,0,0,0,0
WTW137TSPLAR,0.0,1.0,1,1,0,0,0,0,0,0
WTW137TSPMED,0.0,1.0,1,1,0,0,0,0,0,0
WTW137TSPXLR,0.0,2.0,2,2,0,0,0,0,0,0
WTW137WGNLAR,0.0,6.0,6,6,0,0,0,0,0,0
WTW137WGNXLR,0.0,4.0,4,4,0,0,0,0,0,0
WTW140BLK2XL002,0.0,11.0,11,11,0,0,0,0,0,0
WTW140BLKLAR002,0.0,3.0,3,3,0,0,0,0,0,0
WTW140BLKMED002,0.0,1.0,1,1,0,0,0,0,0,0
WTW140BLKSML002,0.0,10.0,10,10,0,0,0,0,0,0
WTW140BLKXLR002,0.0,4.0,4,4,0,0,0,0,0,0
WTW140FGVLAR,0.0,0.0,0,0,0,0,0,0,0,0
WTW140FGVMED,0.0,22.0,22,20,0,2,2,1,1,0
WTW140LGNLAR,0.0,20.0,20,20,0,0,0,0,0,0
WTW140LGNLAR399,0.0,1.0,1,1,0,0,0,0,0,0
WTW140LGNMED,0.0,9.0,9,9,0,0,0,0,0,0
WTW140LGNMED399,0.0,3.0,3,3,0,0,0,0,0,0
WTW140LGNXLR,0.0,1.0,1,1,0,0,0,0,0,0
WTW140LRG2XL,0.0,6.0,6,6,0,0,0,0,0,0
WTW140LRGLAR,4.0,15.0,19,19,0,0,0,0,0,0
WTW140LRGLAR399,0.0,10.0,10,10,0,0,0,0,0,0
WTW140LRGMED,9.0,17.0,26,26,0,0,0,0,0,0
WTW140LRGMED399,0.0,12.0,12,12,0,0,0,0,0,0
WTW140LRGXLR,0.0,5.0,5,5,0,0,0,0,0,0
WTW140MNB2XL002,0.0,22.0,22,20,0,2,2,1,1,0
WTW140MNBLAR002,0.0,7.0,7,7,0,0,0,0,0,0
WTW140MNBMED002,0.0,1.0,1,1,0,0,0,0,0,0
WTW140MNBSML002,0.0,18.0,18,18,0,0,0,0,0,0
WTW140MNBXLR002,0.0,14.0,14,14,0,0,0,0,0,0
WTW140MTG2XL002,0.0,12.0,12,12,0,0,0,0,0,0
WTW140MTGLAR002,0.0,0.0,0,0,0,0,0,0,0,0
WTW140MTGMED002,0.0,0.0,0,0,0,0,0,0,0,0
WTW140MTGSML002,0.0,22.0,22,20,0,2,2,1,1,0
WTW140MTGXLR002,0.0,0.0,0,0,0,0,0,0,0,0
WTW140NVYLAR,26.0,13.0,39,39,0,0,0,0,0,0
WTW140NVYMED,28.0,13.0,41,41,0,0,0,0,0,0
WTW140NVYXLR,0.0,1.0,1,1,0,0,0,0,0,0
WTW140OFWLAR,0.0,6.0,6,6,0,0,0,0,0,0
WTW140OFWLAR399,0.0,2.0,2,2,0,0,0,0,0,0
WTW140OFWMED,0.0,0.0,0,0,0,0,0,0,0,0
WTW140OFWMED399,0.0,8.0,8,8,0,0,0,0,0,0
WTW140OFWXLR,0.0,1.0,1,1,0,0,0,0,0,0
WTW140OFWXLR399,0.0,0.0,0,0,0,0,0,0,0,0
WTW140OLDLAR,0.0,10.0,10,10,0,0,0,0,0,0
WTW140OLDLAR399,0.0,1.0,1,1,0,0,0,0,0,0
WTW140OLDMED,0.0,2.0,2,2,0,0,0,0,0,0
WTW140OLDMED399,0.0,14.0,14,14,0,0,0,0,0,0
WTW140OLDXLR,0.0,1.0,1,1,0,0,0,0,0,0
WTW140PCH2XL002,0.0,40.0,40,34,0,6,6,3,2,1
WTW140PCHLAR002,0.0,0.0,0,0,0,0,0,0,0,0
WTW140PCHMED002,0.0,7.0,7,7,0,0,0,0,0,0
WTW140PCHSML002,0.0,11.0,11,11,0,0,0,0,0,0
WTW140PCHXLR002,0.0,17.0,17,17,0,0,0,0,0,0
WTW140TEL2XL002,0.0,32.0,32,27,0,5,5,2,2,1
WTW140TELLAR002,0.0,8.0,8,8,0,0,0,0,0,0
WTW140TELMED002,0.0,11.0,11,11,0,0,0,0,0,0
WTW140TELSML002,0.0,31.0,31,27,0,4,4,2,2,0
WTW140TELXLR002,0.0,13.0,13,13,0,0,0,0,0,0
WTW140YLW2XL002,0.0,20.0,20,20,0,0,0,0,0,0
WTW140YLWLAR002,0.0,0.0,0,0,0,0,0,0,0,0
WTW140YLWMED002,0.0,9.0,9,9,0,0,0,0,0,0
WTW140YLWSML002,0.0,22.0,22,20,0,2,2,1,1,0
WTW140YLWXLR002,0.0,11.0,11,11,0,0,0,0,0,0
WTW141BLK2XL,0.0,0.0,0,0,0,0,0,0,0,0
WTW141GFTSML,0.0,0.0,0,0,0,0,0,0,0,0
WTW141MBNMED,0.0,0.0,0,0,0,0,0,0,0,0
WTW141PCH2XL,0.0,24.0,24,20,0,4,4,2,2,0
WTW141PCHLAR,0.0,3.0,3,3,0,0,0,0,0,0
WTW141PCHXLR,0.0,6.0,6,6,0,0,0,0,0,0
WTW141TSP2XL,0.0,1.0,1,1,0,0,0,0,0,0
WTW141TSPMED,0.0,0.0,0,0,0,0,0,0,0,0
WTW141TSPXLR,0.0,1.0,1,1,0,0,0,0,0,0
WTW141WGN2XL,0.0,27.0,27,23,0,4,4,2,2,0
WTW141WGNMED,0.0,0.0,0,0,0,0,0,0,0,0
WTW141WGNXLR,0.0,14.0,14,14,0,0,0,0,0,0
WTW142BLE2XL,0.0,10.0,10,10,0,0,0,0,0,0
WTW142BLELAR,0.0,3.0,3,3,0,0,0,0,0,0
WTW142BLEMED,0.0,0.0,0,0,0,0,0,0,0,0
WTW142BLESML,0.0,0.0,0,0,0,0,0,0,0,0
WTW142BLEXLR,0.0,0.0,0,0,0,0,0,0,0,0
WTW142BLK2XL,68.0,106.0,174,111,38,25,63,30,24,9
WTW142BLKLAR,6.0,11.0,17,17,0,0,0,0,0,0
WTW142BLKMED,0.0,4.0,4,4,0,0,0,0,0,0
WTW142BLKSML,0.0,12.0,12,12,0,0,0,0,0,0
WTW142BLKXLR,27.0,10.0,37,37,0,0,0,0,0,0
WTW142BTD2XL,0.0,0.0,0,0,0,0,0,0,0,0
WTW142CHA2XL,0.0,4.0,4,4,0,0,0,0,0,0
WTW142CHALAR,0.0,0.0,0,0,0,0,0,0,0,0
WTW142CHAMED,0.0,0.0,0,0,0,0,0,0,0,0
WTW142CHASML,0.0,0.0,0,0,0,0,0,0,0,0
WTW142CHAXLR,0.0,3.0,3,3,0,0,0,0,0,0
WTW142DPK2XL,0.0,0.0,0,0,0,0,0,0,0,0
WTW142DPKLAR,0.0,0.0,0,0,0,0,0,0,0,0
WTW142DPKMED,0.0,0.0,0,0,0,0,0,0,0,0
WTW142DPKSML,0.0,0.0,0,0,0,0,0,0,0,0
WTW142DPKXLR,0.0,0.0,0,0,0,0,0,0,0,0
WTW142FGV2XL,0.0,4.0,4,4,0,0,0,0,0,0
WTW142FGVLAR,0.0,4.0,4,4,0,0,0,0,0,0
WTW142FGVMED,0.0,0.0,0,0,0,0,0,0,0,0
WTW142FGVSML,0.0,0.0,0,0,0,0,0,0,0,0
WTW142FGVXLR,0.0,1.0,1,1,0,0,0,0,0,0
WTW142LGN2XL,0.0,7.0,7,7,0,0,0,0,0,0
WTW142LGNLAR,0.0,51.0,51,44,0,7,7,3,3,1
WTW142LGNMED,0.0,1.0,1,1,0,0,0,0,0,0
WTW142LGNSML,0.0,0.0,0,0,0,0,0,0,0,0
WTW142LGNXLR,0.0,0.0,0,0,0,0,0,0,0,0
WTW142LLC2XL,32.0,23.0,55,50,2,3,5,2,2,1
WTW142LLCLAR,0.0,0.0,0,0,0,0,0,0,0,0
WTW142LLCMED,15.0,10.0,25,25,0,0,0,0,0,0
WTW142LLCSML,17.0,11.0,28,28,0,0,0,0,0,0
WTW142LLCXLR,23.0,10.0,33,33,0,0,0,0,0,0
WTW142MYE2XL,0.0,5.0,5,5,0,0,0,0,0,0
WTW142MYELAR,0.0,0.0,0,0,0,0,0,0,0,0
WTW142MYEMED,0.0,0.0,0,0,0,0,0,0,0,0
WTW142MYESML,0.0,0.0,0,0,0,0,0,0,0,0
WTW142MYEXLR,0.0,2.0,2,2,0,0,0,0,0,0
WTW142OBR2XL,0.0,0.0,0,0,0,0,0,0,0,0
WTW142OBRLAR,0.0,50.0,50,43,0,7,7,3,3,1
WTW142OBRMED,0.0,0.0,0,0,0,0,0,0,0,0
WTW142OBRSML,0.0,0.0,0,0,0,0,0,0,0,0
WTW142OBRXLR,0.0,0.0,0,0,0,0,0,0,0,0
WTW142OLD2XL,0.0,0.0,0,0,0,0,0,0,0,0
WTW142OLDLAR,0.0,1.0,1,1,0,0,0,0,0,0
WTW142OLDXLR,0.0,1.0,1,1,0,0,0,0,0,0
WTW142RED2XL,0.0,5.0,5,5,0,0,0,0,0,0
WTW142REDLAR,0.0,0.0,0,0,0,0,0,0,0,0
WTW142REDSML,0.0,0.0,0,0,0,0,0,0,0,0
WTW142REDXLR,0.0,5.0,5,5,0,0,0,0,0,0
WTW142RYB2XL,0.0,1.0,1,1,0,0,0,0,0,0
WTW142RYBLAR,0.0,0.0,0,0,0,0,0,0,0,0
WTW142RYBMED,0.0,0.0,0,0,0,0,0,0,0,0
WTW142RYBSML,0.0,0.0,0,0,0,0,0,0,0,0
WTW142RYBXLR,0.0,0.0,0,0,0,0,0,0,0,0
WTW142TEL2XL,0.0,20.0,20,20,0,0,0,0,0,0
WTW142TELLAR,0.0,0.0,0,0,0,0,0,0,0,0
WTW142TELMED,0.0,3.0,3,3,0,0,0,0,0,0
WTW142TELSML,0.0,19.0,19,19,0,0,0,0,0,0
WTW142TELXLR,0.0,0.0,0,0,0,0,0,0,0,0
WTW142VIO2XL,0.0,9.0,9,9,0,0,0,0,0,0
WTW142VIOLAR,0.0,18.0,18,18,0,0,0,0,0,0
WTW142VIOMED,0.0,0.0,0,0,0,0,0,0,0,0
WTW142VIOSML,0.0,1.0,1,1,0,0,0,0,0,0
WTW142VIOXLR,0.0,1.0,1,1,0,0,0,0,0,0
WTW142WHT2XL,0.0,5.0,5,5,0,0,0,0,0,0
WTW142WHTLAR,0.0,3.0,3,3,0,0,0,0,0,0
WTW142WHTMED,0.0,11.0,11,11,0,0,0,0,0,0
WTW142WHTSML,0.0,12.0,12,12,0,0,0,0,0,0
WTW142WHTXLR,0.0,0.0,0,0,0,0,0,0,0,0
WTW142YLW2XL,0.0,33.0,33,28,0,5,5,2,2,1
WTW142YLWLAR,0.0,0.0,0,0,0,0,0,0,0,0
WTW142YLWMED,0.0,0.0,0,0,0,0,0,0,0,0
WTW142YLWSML,0.0,16.0,16,16,0,0,0,0,0,0
WTW150DPK2XL002,0.0,3.0,3,3,0,0,0,0,0,0
WTW150DPKLAR002,0.0,0.0,0,0,0,0,0,0,0,0
WTW150DPKMED002,0.0,0.0,0,0,0,0,0,0,0,0
WTW150DPKXLR002,0.0,12.0,12,12,0,0,0,0,0,0
WTW150DRELAR,0.0,0.0,0,0,0,0,0,0,0,0
WTW150GJD2XL,0.0,1.0,1,1,0,0,0,0,0,0
WTW150GJDLAR,0.0,1.0,1,1,0,0,0,0,0,0
WTW150GJDMED,0.0,16.0,16,16,0,0,0,0,0,0
WTW150GJDXLR,0.0,1.0,1,1,0,0,0,0,0,0
WTW150GVE2XL,0.0,0.0,0,0,0,0,0,0,0,0
WTW150GVE2XL429,0.0,0.0,0,0,0,0,0,0,0,0
WTW150GVELAR,0.0,6.0,6,6,0,0,0,0,0,0
WTW150GVELAR429,0.0,0.0,0,0,0,0,0,0,0,0
WTW150GVEMED,0.0,5.0,5,5,0,0,0,0,0,0
WTW150GVEMED429,0.0,0.0,0,0,0,0,0,0,0,0
WTW150GVEXLR,0.0,1.0,1,1,0,0,0,0,0,0
WTW150GVEXLR429,0.0,24.0,24,20,0,4,4,2,2,0
WTW150IRGLAR,0.0,0.0,0,0,0,0,0,0,0,0
WTW150IRGMED,0.0,0.0,0,0,0,0,0,0,0,0
WTW150IRGXLR,0.0,0.0,0,0,0,0,0,0,0,0
WTW150KHI2XL002,0.0,2.0,2,2,0,0,0,0,0,0
WTW150KHILAR002,0.0,0.0,0,0,0,0,0,0,0,0
WTW150KHIMED002,0.0,0.0,0,0,0,0,0,0,0,0
WTW150KHIXLR002,0.0,0.0,0,0,0,0,0,0,0,0
WTW150LGN2XL002,0.0,2.0,2,2,0,0,0,0,0,0
WTW150LGNLAR002,0.0,0.0,0,0,0,0,0,0,0,0
WTW150LGNMED002,0.0,37.0,37,32,0,5,5,2,2,1
WTW150LGNXLR002,0.0,1.0,1,1,0,0,0,0,0,0
WTW150LLC2XL003,0.0,4.0,4,4,0,0,0,0,0,0
WTW150LLCLAR003,0.0,0.0,0,0,0,0,0,0,0,0
WTW150LLCMED003,0.0,1.0,1,1,0,0,0,0,0,0
WTW150LLCSML003,0.0,1.0,1,1,0,0,0,0,0,0
WTW150LLCXLR003,0.0,0.0,0,0,0,0,0,0,0,0
WTW150MNB2XL003,0.0,7.0,7,7,0,0,0,0,0,0
WTW150MNBLAR003,0.0,0.0,0,0,0,0,0,0,0,0
WTW150MNBMED003,0.0,5.0,5,5,0,0,0,0,0,0
WTW150MNBSML003,0.0,2.0,2,2,0,0,0,0,0,0
WTW150MNBXLR003,0.0,8.0,8,8,0,0,0,0,0,0
WTW150MTG2XL003,0.0,0.0,0,0,0,0,0,0,0,0
WTW150MTGLAR003,0.0,0.0,0,0,0,0,0,0,0,0
WTW150MTGMED003,0.0,0.0,0,0,0,0,0,0,0,0
WTW150MTGSML003,0.0,0.0,0,0,0,0,0,0,0,0
WTW150MTGXLR003,0.0,4.0,4,4,0,0,0,0,0,0
WTW150PKN2XL,0.0,3.0,3,3,0,0,0,0,0,0
WTW150PKNLAR,0.0,0.0,0,0,0,0,0,0,0,0
WTW150PKNMED,10.0,14.0,24,24,0,0,0,0,0,0
WTW150PKNXLR,0.0,2.0,2,2,0,0,0,0,0,0
WTW150TEL2XL,0.0,0.0,0,0,0,0,0,0,0,0
WTW150TELLAR,0.0,1.0,1,1,0,0,0,0,0,0
WTW150TELMED429,0.0,0.0,0,0,0,0,0,0,0,0
WTW150TELXLR,0.0,17.0,17,17,0,0,0,0,0,0
WTW150TELXLR429,0.0,29.0,29,25,0,4,4,2,2,0
WTW150TRN2XL003,0.0,6.0,6,6,0,0,0,0,0,0
WTW150TRNLAR003,0.0,0.0,0,0,0,0,0,0,0,0
WTW150TRNMED003,0.0,1.0,1,1,0,0,0,0,0,0
WTW150TRNSML003,0.0,0.0,0,0,0,0,0,0,0,0
WTW150TRNXLR003,0.0,3.0,3,3,0,0,0,0,0,0
WTW150WLG2XL002,0.0,0.0,0,0,0,0,0,0,0,0
WTW150WLG2XL003,0.0,0.0,0,0,0,0,0,0,0,0
WTW150WLGLAR002,0.0,5.0,5,5,0,0,0,0,0,0
WTW150WLGLAR003,0.0,0.0,0,0,0,0,0,0,0,0
WTW150WLGMED002,0.0,1.0,1,1,0,0,0,0,0,0
WTW150WLGMED003,0.0,0.0,0,0,0,0,0,0,0,0
WTW150WLGSML003,0.0,0.0,0,0,0,0,0,0,0,0
WTW150WLGXLR002,0.0,1.0,1,1,0,0,0,0,0,0
WTW150WLGXLR003,0.0,0.0,0,0,0,0,0,0,0,0
WTW150YLW2XL003,0.0,31.0,31,27,0,4,4,2,2,0
WTW150YLWLAR003,0.0,0.0,0,0,0,0,0,0,0,0
WTW150YLWMED003,0.0,0.0,0,0,0,0,0,0,0,0
WTW150YLWSML003,0.0,0.0,0,0,0,0,0,0,0,0
WTW150YLWXLR003,0.0,9.0,9,9,0,0,0,0,0,0
WTW151BLE2XL002,0.0,18.0,18,18,0,0,0,0,0,0
WTW151BLELAR002,0.0,11.0,11,11,0,0,0,0,0,0
WTW151BLEMED002,12.0,13.0,25,25,0,0,0,0,0,0
WTW151BLESML002,0.0,4.0,4,4,0,0,0,0,0,0
WTW151BLEXLR002,20.0,13.0,33,33,0,0,0,0,0,0
WTW151BLK2XL,0.0,0.0,0,0,0,0,0,0,0,0
WTW151BLK2XL002,0.0,8.0,8,8,0,0,0,0,0,0
WTW151BLKLAR002,0.0,6.0,6,6,0,0,0,0,0,0
WTW151BLKMED002,0.0,9.0,9,9,0,0,0,0,0,0
WTW151BLKSML002,0.0,3.0,3,3,0,0,0,0,0,0
WTW151BLKXLR,0.0,0.0,0,0,0,0,0,0,0,0
WTW151BLKXLR002,0.0,16.0,16,16,0,0,0,0,0,0
WTW151DPK2XL002,14.0,12.0,26,26,0,0,0,0,0,0
WTW151DPKLAR002,3.0,18.0,21,21,0,0,0,0,0,0
WTW151DPKMED002,0.0,6.0,6,6,0,0,0,0,0,0
WTW151DPKSML002,0.0,12.0,12,12,0,0,0,0,0,0
WTW151DPKXLR002,33.0,20.0,53,50,3,0,3,1,1,1
WTW151FGV2XL,0.0,5.0,5,5,0,0,0,0,0,0
WTW151HTR2XL,0.0,7.0,7,7,0,0,0,0,0,0
WTW151HTR2XL002,0.0,16.0,16,16,0,0,0,0,0,0
WTW151HTRLAR,0.0,3.0,3,3,0,0,0,0,0,0
WTW151HTRLAR002,0.0,4.0,4,4,0,0,0,0,0,0
WTW151HTRMED002,0.0,10.0,10,10,0,0,0,0,0,0
WTW151HTRSML002,0.0,1.0,1,1,0,0,0,0,0,0
WTW151HTRXLR,0.0,7.0,7,7,0,0,0,0,0,0
WTW151HTRXLR002,0.0,15.0,15,15,0,0,0,0,0,0
WTW151LGN2XL,0.0,7.0,7,7,0,0,0,0,0,0
WTW151LGNLAR,0.0,0.0,0,0,0,0,0,0,0,0
WTW151LGNXLR,0.0,4.0,4,4,0,0,0,0,0,0
WTW151LTG2XL,0.0,4.0,4,4,0,0,0,0,0,0
WTW151LTGXLR,0.0,1.0,1,1,0,0,0,0,0,0
WTW151MYE2XL002,1.0,14.0,15,15,0,0,0,0,0,0
WTW151MYELAR002,1.0,19.0,20,20,0,0,0,0,0,0
WTW151MYEMED002,0.0,10.0,10,10,0,0,0,0,0,0
WTW151MYESML002,0.0,9.0,9,9,0,0,0,0,0,0
WTW151MYEXLR002,8.0,14.0,22,22,0,0,0,0,0,0
WTW151OFW2XL002,8.0,19.0,27,27,0,0,0,0,0,0
WTW151OFWLAR002,0.0,17.0,17,17,0,0,0,0,0,0
WTW151OFWMED002,0.0,13.0,13,13,0,0,0,0,0,0
WTW151OFWSML002,0.0,15.0,15,15,0,0,0,0,0,0
WTW151OFWXLR002,10.0,24.0,34,30,0,4,4,2,2,0
WTW151WYL2XL,0.0,3.0,3,3,0,0,0,0,0,0
WTW151WYLXLR,0.0,2.0,2,2,0,0,0,0,0,0
WTW153BLK2XL,0.0,0.0,0,0,0,0,0,0,0,0
WTW153BLKLAR,0.0,0.0,0,0,0,0,0,0,0,0
WTW153BLKMED,0.0,0.0,0,0,0,0,0,0,0,0
WTW153BLKXLR,0.0,2.0,2,2,0,0,0,0,0,0
WTW153CHA2XL,0.0,0.0,0,0,0,0,0,0,0,0
WTW153CHALAR,0.0,0.0,0,0,0,0,0,0,0,0
WTW153CHAMED,0.0,0.0,0,0,0,0,0,0,0,0
WTW153CHASML,0.0,0.0,0,0,0,0,0,0,0,0
WTW153CHAXLR,0.0,1.0,1,1,0,0,0,0,0,0
WTW153CRB2XL,0.0,5.0,5,5,0,0,0,0,0,0
WTW153CRBLAR,0.0,2.0,2,2,0,0,0,0,0,0
WTW153CRBMED,0.0,1.0,1,1,0,0,0,0,0,0
WTW153CRBXLR,0.0,2.0,2,2,0,0,0,0,0,0
WTW153LLC2XL,0.0,5.0,5,5,0,0,0,0,0,0
WTW153LLCLAR,0.0,7.0,7,7,0,0,0,0,0,0
WTW153LLCMED,0.0,0.0,0,0,0,0,0,0,0,0
WTW153LLCSML,0.0,0.0,0,0,0,0,0,0,0,0
WTW153LLCXLR,0.0,0.0,0,0,0,0,0,0,0,0
WTW153MTG2XL,0.0,0.0,0,0,0,0,0,0,0,0
WTW153MTGLAR,0.0,0.0,0,0,0,0,0,0,0,0
WTW153MTGMED,0.0,9.0,9,9,0,0,0,0,0,0
WTW153MTGSML,0.0,2.0,2,2,0,0,0,0,0,0
WTW153MTGXLR,0.0,2.0,2,2,0,0,0,0,0,0
WTW153NTC2XL,0.0,9.0,9,9,0,0,0,0,0,0
WTW153NTCLAR,0.0,3.0,3,3,0,0,0,0,0,0
WTW153NTCMED,0.0,1.0,1,1,0,0,0,0,0,0
WTW153NTCSML,0.0,0.0,0,0,0,0,0,0,0,0
WTW153NTCXLR,0.0,2.0,2,2,0,0,0,0,0,0
WTW153SDL2XL,0.0,3.0,3,3,0,0,0,0,0,0
WTW153SDLLAR,0.0,1.0,1,1,0,0,0,0,0,0
WTW153SDLMED,0.0,1.0,1,1,0,0,0,0,0,0
WTW153SDLXLR,0.0,2.0,2,2,0,0,0,0,0,0
WTW153SGY2XL,0.0,16.0,16,16,0,0,0,0,0,0
WTW153SGYLAR,0.0,3.0,3,3,0,0,0,0,0,0
WTW153SGYXLR,0.0,3.0,3,3,0,0,0,0,0,0
WTW153TCAXLR,0.0,0.0,0,0,0,0,0,0,0,0
WTW153TEL2XL,0.0,0.0,0,0,0,0,0,0,0,0
WTW153TELLAR,0.0,3.0,3,3,0,0,0,0,0,0
WTW153TELMED,0.0,18.0,18,18,0,0,0,0,0,0
WTW153TELSML,0.0,1.0,1,1,0,0,0,0,0,0
WTW153TELXLR,0.0,0.0,0,0,0,0,0,0,0,0
WTW153VIO2XL,0.0,0.0,0,0,0,0,0,0,0,0
WTW153VIOLAR,0.0,1.0,1,1,0,0,0,0,0,0
WTW153VIOMED,0.0,0.0,0,0,0,0,0,0,0,0
WTW153VIOSML,0.0,5.0,5,5,0,0,0,0,0,0
WTW153YLW2XL,0.0,5.0,5,5,0,0,0,0,0,0
WTW153YLWLAR,0.0,0.0,0,0,0,0,0,0,0,0
WTW153YLWMED,0.0,0.0,0,0,0,0,0,0,0,0
WTW153YLWSML,0.0,3.0,3,3,0,0,0,0,0,0
WTW153YLWXLR,0.0,0.0,0,0,0,0,0,0,0,0
WTW156BLK2XL,76.0,74.0,150,96,32,22,54,26,21,7
WTW156BLKLAR,0.0,0.0,0,0,0,0,0,0,0,0
WTW156BLKMED,77.0,45.0,122,78,26,18,44,21,17,6
WTW156BLKSML,64.0,44.0,108,69,23,16,39,18,15,6
WTW156BLKXLR,0.0,0.0,0,0,0,0,0,0,0,0
WTW156CFK2XL,100.0,110.0,210,134,46,30,76,36,30,10
WTW156CFKLAR,47.0,18.0,65,51,14,0,14,7,5,2
WTW156CFKMED,149.0,158.0,307,196,67,44,111,52,43,16
WTW156CFKSML,76.0,70.0,146,93,32,21,53,25,21,7
WTW156CFKXLR,0.0,53.0,53,45,0,8,8,4,3,1
WTW156CRB2XL,0.0,1.0,1,1,0,0,0,0,0,0
WTW156CRBMED,0.0,0.0,0,0,0,0,0,0,0,0
WTW156CRBSML,0.0,8.0,8,8,0,0,0,0,0,0
WTW156CRBXLR,0.0,3.0,3,3,0,0,0,0,0,0
WTW156LLC2XL,123.0,122.0,245,157,53,35,88,42,34,12
WTW156LLCLAR,52.0,71.0,123,83,22,18,40,19,16,5
WTW156LLCMED,133.0,159.0,292,187,63,42,105,50,41,14
WTW156LLCSML,81.0,83.0,164,105,35,24,59,28,23,8
WTW156LLCXLR,14.0,36.0,50,43,0,7,7,3,3,1
WTW156MNB2XL,99.0,123.0,222,142,48,32,80,38,31,11
WTW156MNBLAR,21.0,92.0,113,97,0,16,16,8,6,2
WTW156MNBMED,41.0,172.0,213,171,11,31,42,20,16,6
WTW156MNBSML,75.0,83.0,158,101,34,23,57,27,22,8
WTW156MNBXLR,0.0,62.0,62,53,0,9,9,4,4,1
WTW156NTC2XL,0.0,7.0,7,7,0,0,0,0,0,0
WTW156NTCLAR,0.0,1.0,1,1,0,0,0,0,0,0
WTW156NTCSML,0.0,1.0,1,1,0,0,0,0,0,0
WTW156NTCXLR,0.0,1.0,1,1,0,0,0,0,0,0
WTW156SDL2XL,0.0,0.0,0,0,0,0,0,0,0,0
WTW156SDLMED,0.0,0.0,0,0,0,0,0,0,0,0
WTW156SDLSML,0.0,1.0,1,1,0,0,0,0,0,0
WTW156SDLXLR,0.0,0.0,0,0,0,0,0,0,0,0
WTW156SGY2XL,2.0,21.0,23,22,0,1,1,0,0,1
WTW156SGYLAR,0.0,1.0,1,1,0,0,0,0,0,0
WTW156SGYMED,0.0,0.0,0,0,0,0,0,0,0,0
WTW156SGYSML,0.0,2.0,2,2,0,0,0,0,0,0
WTW156SGYXLR,0.0,13.0,13,13,0,0,0,0,0,0
WTW156TCA2XL,0.0,2.0,2,2,0,0,0,0,0,0
WTW156TCALAR,0.0,0.0,0,0,0,0,0,0,0,0
WTW156TCAMED,0.0,0.0,0,0,0,0,0,0,0,0
WTW156TCASML,0.0,0.0,0,0,0,0,0,0,0,0
WTW156TCAXLR,0.0,2.0,2,2,0,0,0,0,0,0
WTW156TEL2XL,133.0,144.0,277,177,60,40,100,47,39,14
WTW156TELLAR,103.0,24.0,127,95,28,4,32,15,12,5
WTW156TELMED,185.0,191.0,376,241,81,54,135,64,52,19
WTW156TELSML,72.0,83.0,155,99,34,22,56,26,22,8
WTW156TELXLR,2.0,76.0,78,67,0,11,11,5,4,2
WTW156YLW2XL,114.0,128.0,242,155,52,35,87,41,34,12
WTW156YLWLAR,63.0,38.0,101,65,22,14,36,17,14,5
WTW156YLWMED,175.0,185.0,360,230,78,52,130,61,51,18
WTW156YLWSML,76.0,88.0,164,105,35,24,59,28,23,8
WTW156YLWXLR,0.0,52.0,52,44,0,8,8,4,3,1
WTW158BLK2XL,0.0,0.0,0,0,0,0,0,0,0,0
WTW158BLK2XL549,51.0,20.0,71,55,16,0,16,8,6,2
WTW158BLKLAR,0.0,2.0,2,2,0,0,0,0,0,0
WTW158BLKLAR549,58.0,47.0,105,67,23,15,38,18,15,5
WTW158BLKMED,0.0,1.0,1,1,0,0,0,0,0,0
WTW158BLKMED549,161.0,137.0,298,191,64,43,107,51,42,14
WTW158BLKSML,0.0,0.0,0,0,0,0,0,0,0,0
WTW158BLKSML549,141.0,37.0,178,123,38,17,55,26,21,8
WTW158BLKXLR,0.0,2.0,2,2,0,0,0,0,0,0
WTW158BLKXLR549,5.0,10.0,15,15,0,0,0,0,0,0
WTW158CHA2XL549,0.0,92.0,92,79,0,13,13,6,5,2
WTW158CHALAR549,100.0,66.0,166,106,36,24,60,28,23,9
WTW158CHAMED549,114.0,219.0,333,213,72,48,120,57,47,16
WTW158CHASML549,150.0,62.0,212,136,46,30,76,36,30,10
WTW158CHAXLR549,0.0,83.0,83,71,0,12,12,6,5,1
WTW158DPK2XL,0.0,6.0,6,6,0,0,0,0,0,0
WTW158DPKLAR,0.0,1.0,1,1,0,0,0,0,0,0
WTW158DPKMED,0.0,0.0,0,0,0,0,0,0,0,0
WTW158DPKSML,0.0,0.0,0,0,0,0,0,0,0,0
WTW158DPKXLR,0.0,3.0,3,3,0,0,0,0,0,0
WTW158GFT2XL549,0.0,92.0,92,79,0,13,13,6,5,2
WTW158GFTLAR549,57.0,62.0,119,76,26,17,43,20,17,6
WTW158GFTMED549,91.0,217.0,308,203,61,44,105,50,41,14
WTW158GFTSML549,127.0,62.0,189,121,41,27,68,32,26,10
WTW158GFTXLR549,58.0,71.0,129,83,28,18,46,22,18,6
WTW158HTR2XL,0.0,14.0,14,14,0,0,0,0,0,0
WTW158HTRLAR,0.0,0.0,0,0,0,0,0,0,0,0
WTW158HTRMED,0.0,0.0,0,0,0,0,0,0,0,0
WTW158HTRSML,0.0,2.0,2,2,0,0,0,0,0,0
WTW158HTRXLR,4.0,12.0,16,16,0,0,0,0,0,0
WTW158MNB2XL549,0.0,92.0,92,79,0,13,13,6,5,2
WTW158MNBLAR549,100.0,62.0,162,104,35,23,58,27,23,8
WTW158MNBMED549,114.0,217.0,331,212,71,48,119,56,46,17
WTW158MNBSML549,150.0,62.0,212,136,46,30,76,36,30,10
WTW158MNBXLR549,0.0,75.0,75,64,0,11,11,5,4,2
WTW158MTG2XL549,0.0,78.0,78,67,0,11,11,5,4,2
WTW158MTGLAR549,57.0,74.0,131,85,27,19,46,22,18,6
WTW158MTGMED549,91.0,225.0,316,209,61,46,107,51,42,14
WTW158MTGSML549,127.0,68.0,195,125,42,28,70,33,27,10
WTW158MTGXLR549,58.0,84.0,142,94,28,20,48,23,19,6
WTW158NYB2XL,0.0,10.0,10,10,0,0,0,0,0,0
WTW158NYBLAR,0.0,0.0,0,0,0,0,0,0,0,0
WTW158NYBMED,0.0,1.0,1,1,0,0,0,0,0,0
WTW158NYBSML,0.0,0.0,0,0,0,0,0,0,0,0
WTW158NYBXLR,0.0,2.0,2,2,0,0,0,0,0,0
WTW158OBR2XL,0.0,2.0,2,2,0,0,0,0,0,0
WTW158OBRLAR,0.0,1.0,1,1,0,0,0,0,0,0
WTW158OBRMED,0.0,0.0,0,0,0,0,0,0,0,0
WTW158OBRSML,0.0,0.0,0,0,0,0,0,0,0,0
WTW158OBRXLR,0.0,0.0,0,0,0,0,0,0,0,0
WTW158TRN2XL,0.0,7.0,7,7,0,0,0,0,0,0
WTW158TRNLAR,0.0,0.0,0,0,0,0,0,0,0,0
WTW158TRNMED,0.0,1.0,1,1,0,0,0,0,0,0
WTW158TRNSML,0.0,0.0,0,0,0,0,0,0,0,0
WTW158TRNXLR,0.0,0.0,0,0,0,0,0,0,0,0
WTW158YLW2XL549,0.0,98.0,98,84,0,14,14,7,5,2
WTW158YLWLAR549,57.0,74.0,131,85,27,19,46,22,18,6
WTW158YLWMED549,91.0,225.0,316,209,61,46,107,51,42,14
WTW158YLWSML549,127.0,68.0,195,125,42,28,70,33,27,10
WTW158YLWXLR549,58.0,84.0,142,94,28,20,48,23,19,6
WTW159BLK2XL,0.0,6.0,6,6,0,0,0,0,0,0
WTW159BLKLAR,0.0,0.0,0,0,0,0,0,0,0,0
WTW159BLKMED,0.0,0.0,0,0,0,0,0,0,0,0
WTW159BLKSML,0.0,0.0,0,0,0,0,0,0,0,0
WTW159BLKXLR,0.0,0.0,0,0,0,0,0,0,0,0
WTW159DPK2XL,0.0,5.0,5,5,0,0,0,0,0,0
WTW159DPKLAR,0.0,11.0,11,11,0,0,0,0,0,0
WTW159DPKMED,0.0,3.0,3,3,0,0,0,0,0,0
WTW159DPKXLR,0.0,4.0,4,4,0,0,0,0,0,0
WTW159HTR2XL,0.0,3.0,3,3,0,0,0,0,0,0
WTW159HTRLAR,0.0,13.0,13,13,0,0,0,0,0,0
WTW159HTRMED,0.0,0.0,0,0,0,0,0,0,0,0
WTW159HTRSML,0.0,2.0,2,2,0,0,0,0,0,0
WTW159HTRXLR,0.0,1.0,1,1,0,0,0,0,0,0
WTW159MYE2XL,0.0,14.0,14,14,0,0,0,0,0,0
WTW159MYELAR,0.0,0.0,0,0,0,0,0,0,0,0
WTW159MYEMED,0.0,1.0,1,1,0,0,0,0,0,0
WTW159MYESML,0.0,0.0,0,0,0,0,0,0,0,0
WTW159MYEXLR,0.0,6.0,6,6,0,0,0,0,0,0
WTW159OFW2XL,1.0,23.0,24,21,0,3,3,1,1,1
WTW159OFWLAR,0.0,12.0,12,12,0,0,0,0,0,0
WTW159OFWMED,0.0,1.0,1,1,0,0,0,0,0,0
WTW159OFWSML,0.0,1.0,1,1,0,0,0,0,0,0
WTW159OFWXLR,1.0,17.0,18,18,0,0,0,0,0,0
WTW159VIO2XL,0.0,12.0,12,12,0,0,0,0,0,0
WTW159VIOLAR,0.0,0.0,0,0,0,0,0,0,0,0
WTW159VIOMED,0.0,6.0,6,6,0,0,0,0,0,0
WTW159VIOXLR,0.0,16.0,16,16,0,0,0,0,0,0
WTW160AGY2XL,0.0,15.0,15,15,0,0,0,0,0,0
WTW160AGYLAR,27.0,13.0,40,40,0,0,0,0,0,0
WTW160AGYMED,31.0,17.0,48,47,1,0,1,0,0,1
WTW160AGYSML,102.0,24.0,126,95,27,4,31,15,12,4
WTW160AGYXLR,0.0,8.0,8,8,0,0,0,0,0,0
WTW160BLE2XL,0.0,0.0,0,0,0,0,0,0,0,0
WTW160BLELAR,22.0,11.0,33,33,0,0,0,0,0,0
WTW160BLEMED,0.0,3.0,3,3,0,0,0,0,0,0
WTW160BLESML,0.0,2.0,2,2,0,0,0,0,0,0
WTW160BLK2XL,0.0,3.0,3,3,0,0,0,0,0,0
WTW160BLKLAR,33.0,11.0,44,41,3,0,3,1,1,1
WTW160BLKMED,0.0,10.0,10,10,0,0,0,0,0,0
WTW160BLKSML,57.0,11.0,68,54,14,0,14,7,5,2
WTW160BLKXLR,0.0,0.0,0,0,0,0,0,0,0,0
WTW160CHA2XL,0.0,0.0,0,0,0,0,0,0,0,0
WTW160CHALAR,0.0,0.0,0,0,0,0,0,0,0,0
WTW160CHAMED,0.0,2.0,2,2,0,0,0,0,0,0
WTW160CHASML,0.0,59.0,59,51,0,8,8,4,3,1
WTW160CHAXLR,0.0,0.0,0,0,0,0,0,0,0,0
WTW160DPKLAR,0.0,7.0,7,7,0,0,0,0,0,0
WTW160DPKMED,0.0,5.0,5,5,0,0,0,0,0,0
WTW160DPKSML,0.0,0.0,0,0,0,0,0,0,0,0
WTW160DPKXLR,0.0,1.0,1,1,0,0,0,0,0,0
WTW160IRG2XL,0.0,0.0,0,0,0,0,0,0,0,0
WTW160IRGLAR,0.0,7.0,7,7,0,0,0,0,0,0
WTW160IRGMED,0.0,9.0,9,9,0,0,0,0,0,0
WTW160IRGSML,0.0,0.0,0,0,0,0,0,0,0,0
WTW160IRGXLR,0.0,5.0,5,5,0,0,0,0,0,0
WTW160MNB2XL,0.0,4.0,4,4,0,0,0,0,0,0
WTW160MNBLAR,6.0,10.0,16,16,0,0,0,0,0,0
WTW160MNBMED,8.0,10.0,18,18,0,0,0,0,0,0
WTW160MNBSML,55.0,26.0,81,58,17,6,23,11,9,3
WTW160MNBXLR,0.0,3.0,3,3,0,0,0,0,0,0
WTW160MSA2XL,0.0,0.0,0,0,0,0,0,0,0,0
WTW160MSALAR,0.0,1.0,1,1,0,0,0,0,0,0
WTW160MSAMED,0.0,0.0,0,0,0,0,0,0,0,0
WTW160MSASML,0.0,0.0,0,0,0,0,0,0,0,0
WTW160MSAXLR,0.0,1.0,1,1,0,0,0,0,0,0
WTW160MYELAR,0.0,3.0,3,3,0,0,0,0,0,0
WTW160MYEMED,0.0,0.0,0,0,0,0,0,0,0,0
WTW160MYESML,0.0,0.0,0,0,0,0,0,0,0,0
WTW160MYEXLR,0.0,1.0,1,1,0,0,0,0,0,0
WTW160TEL2XL,0.0,0.0,0,0,0,0,0,0,0,0
WTW160TELLAR,0.0,0.0,0,0,0,0,0,0,0,0
WTW160TELMED,20.0,10.0,30,30,0,0,0,0,0,0
WTW160TELSML,63.0,22.0,85,64,19,2,21,10,8,3
WTW160TELXLR,0.0,0.0,0,0,0,0,0,0,0,0
WTW160YLW2XL,0.0,5.0,5,5,0,0,0,0,0,0
WTW160YLWLAR,0.0,9.0,9,9,0,0,0,0,0,0
WTW160YLWMED,0.0,6.0,6,6,0,0,0,0,0,0
WTW160YLWSML,65.0,26.0,91,65,20,6,26,12,10,4
WTW160YLWXLR,0.0,0.0,0,0,0,0,0,0,0,0
WTW163BLK2XL,0.0,13.0,13,13,0,0,0,0,0,0
WTW163BLKLAR,0.0,4.0,4,4,0,0,0,0,0,0
WTW163BLKMED,0.0,6.0,6,6,0,0,0,0,0,0
WTW163BLKSML,0.0,2.0,2,2,0,0,0,0,0,0
WTW163BLKXLR,0.0,16.0,16,16,0,0,0,0,0,0
WTW163CNG2XL,0.0,3.0,3,3,0,0,0,0,0,0
WTW163CNGLAR,0.0,1.0,1,1,0,0,0,0,0,0
WTW163CNGMED,0.0,7.0,7,7,0,0,0,0,0,0
WTW163CNGXLR,0.0,10.0,10,10,0,0,0,0,0,0
WTW163DPK2XL,0.0,9.0,9,9,0,0,0,0,0,0
WTW163DPKLAR,0.0,0.0,0,0,0,0,0,0,0,0
WTW163DPKMED,0.0,0.0,0,0,0,0,0,0,0,0
WTW163DPKSML,0.0,0.0,0,0,0,0,0,0,0,0
WTW163DPKXLR,0.0,20.0,20,20,0,0,0,0,0,0
WTW163HTR2XL,3.0,17.0,20,20,0,0,0,0,0,0
WTW163HTRLAR,0.0,6.0,6,6,0,0,0,0,0,0
WTW163HTRMED,1.0,10.0,11,11,0,0,0,0,0,0
WTW163HTRSML,0.0,4.0,4,4,0,0,0,0,0,0
WTW163HTRXLR,20.0,15.0,35,35,0,0,0,0,0,0
WTW163OFW2XL,0.0,11.0,11,11,0,0,0,0,0,0
WTW163OFWLAR,0.0,1.0,1,1,0,0,0,0,0,0
WTW163OFWMED,0.0,0.0,0,0,0,0,0,0,0,0
WTW163OFWXLR,0.0,6.0,6,6,0,0,0,0,0,0
WTW163TRN2XL,0.0,3.0,3,3,0,0,0,0,0,0
WTW163TRNLAR,0.0,4.0,4,4,0,0,0,0,0,0
WTW163TRNMED,0.0,2.0,2,2,0,0,0,0,0,0
WTW163TRNSML,0.0,3.0,3,3,0,0,0,0,0,0
WTW163TRNXLR,0.0,6.0,6,6,0,0,0,0,0,0
WTW167BLK2XL,0.0,0.0,0,0,0,0,0,0,0,0
WTW167BLKLAR,0.0,1.0,1,1,0,0,0,0,0,0
WTW167BLKSML,0.0,3.0,3,3,0,0,0,0,0,0
WTW167BLKXLR,0.0,2.0,2,2,0,0,0,0,0,0
WTW167GFT2XL,0.0,0.0,0,0,0,0,0,0,0,0
WTW167GFTLAR,0.0,0.0,0,0,0,0,0,0,0,0
WTW167GFTMED,0.0,0.0,0,0,0,0,0,0,0,0
WTW167GFTSML,0.0,1.0,1,1,0,0,0,0,0,0
WTW167GFTXLR,0.0,6.0,6,6,0,0,0,0,0,0
WTW167LLC2XL,0.0,8.0,8,8,0,0,0,0,0,0
WTW167LLCLAR,0.0,0.0,0,0,0,0,0,0,0,0
WTW167LLCMED,0.0,2.0,2,2,0,0,0,0,0,0
WTW167LLCSML,0.0,0.0,0,0,0,0,0,0,0,0
WTW167LLCXLR,0.0,9.0,9,9,0,0,0,0,0,0
WTW167MTG2XL,7.0,19.0,26,26,0,0,0,0,0,0
WTW167MTGLAR,0.0,8.0,8,8,0,0,0,0,0,0
WTW167MTGMED,0.0,1.0,1,1,0,0,0,0,0,0
WTW167MTGSML,0.0,2.0,2,2,0,0,0,0,0,0
WTW167MTGXLR,0.0,11.0,11,11,0,0,0,0,0,0
WTW167VIO2XL,1.0,15.0,16,16,0,0,0,0,0,0
WTW167VIOLAR,0.0,5.0,5,5,0,0,0,0,0,0
WTW167VIOMED,0.0,2.0,2,2,0,0,0,0,0,0
WTW167VIOSML,0.0,8.0,8,8,0,0,0,0,0,0
WTW167VIOXLR,0.0,15.0,15,15,0,0,0,0,0,0
WTW167YLW2XL,20.0,12.0,32,32,0,0,0,0,0,0
WTW167YLWLAR,17.0,17.0,34,34,0,0,0,0,0,0
WTW167YLWMED,0.0,4.0,4,4,0,0,0,0,0,0
WTW167YLWSML,0.0,8.0,8,8,0,0,0,0,0,0
WTW167YLWXLR,40.0,18.0,58,48,10,0,10,5,4,1
WTW169BLK2XL,0.0,2.0,2,2,0,0,0,0,0,0
WTW169BLKLAR,0.0,1.0,1,1,0,0,0,0,0,0
WTW169BLKMED,0.0,0.0,0,0,0,0,0,0,0,0
WTW169BLKXLR,0.0,9.0,9,9,0,0,0,0,0,0
WTW169CHA2XL,0.0,0.0,0,0,0,0,0,0,0,0
WTW169CHALAR,0.0,0.0,0,0,0,0,0,0,0,0
WTW169CHAMED,0.0,0.0,0,0,0,0,0,0,0,0
WTW169CHASML,0.0,0.0,0,0,0,0,0,0,0,0
WTW169CHAXLR,0.0,3.0,3,3,0,0,0,0,0,0
WTW169LLC2XL,0.0,8.0,8,8,0,0,0,0,0,0
WTW169LLCLAR,0.0,14.0,14,14,0,0,0,0,0,0
WTW169LLCMED,0.0,6.0,6,6,0,0,0,0,0,0
WTW169LLCSML,0.0,1.0,1,1,0,0,0,0,0,0
WTW169LLCXLR,8.0,11.0,19,19,0,0,0,0,0,0
WTW169MTG2XL,0.0,3.0,3,3,0,0,0,0,0,0
WTW169MTGLAR,5.0,15.0,20,20,0,0,0,0,0,0
WTW169MTGMED,0.0,8.0,8,8,0,0,0,0,0,0
WTW169MTGSML,0.0,1.0,1,1,0,0,0,0,0,0
WTW169MTGXLR,0.0,11.0,11,11,0,0,0,0,0,0
WTW169VIO2XL,0.0,9.0,9,9,0,0,0,0,0,0
WTW169VIOLAR,0.0,0.0,0,0,0,0,0,0,0,0
WTW169VIOMED,0.0,0.0,0,0,0,0,0,0,0,0
WTW169VIOSML,0.0,3.0,3,3,0,0,0,0,0,0
WTW169VIOXLR,0.0,4.0,4,4,0,0,0,0,0,0
WTW169YLW2XL,13.0,14.0,27,27,0,0,0,0,0,0
WTW169YLWLAR,0.0,14.0,14,14,0,0,0,0,0,0
WTW169YLWMED,0.0,2.0,2,2,0,0,0,0,0,0
WTW169YLWSML,0.0,0.0,0,0,0,0,0,0,0,0
WTW169YLWXLR,4.0,11.0,15,15,0,0,0,0,0,0
WTW170CHA2XL,0.0,0.0,0,0,0,0,0,0,0,0
WTW170CHALAR,0.0,0.0,0,0,0,0,0,0,0,0
WTW170CHAMED,0.0,0.0,0,0,0,0,0,0,0,0
WTW170CHASML,0.0,0.0,0,0,0,0,0,0,0,0
WTW170CHAXLR,0.0,1.0,1,1,0,0,0,0,0,0
WTW170LLC2XL,0.0,15.0,15,15,0,0,0,0,0,0
WTW170LLCLAR,0.0,1.0,1,1,0,0,0,0,0,0
WTW170LLCMED,0.0,0.0,0,0,0,0,0,0,0,0
WTW170LLCXLR,0.0,14.0,14,14,0,0,0,0,0,0
WTW170MTG2XL,22.0,26.0,48,42,0,6,6,3,2,1
WTW170MTGLAR,72.0,17.0,89,70,19,0,19,9,7,3
WTW170MTGMED,0.0,21.0,21,20,0,1,1,0,0,1
WTW170MTGSML,0.0,2.0,2,2,0,0,0,0,0,0
WTW170MTGXLR,35.0,30.0,65,51,5,9,14,7,5,2
WTW170TEL2XL,0.0,1.0,1,1,0,0,0,0,0,0
WTW170TELLAR,0.0,10.0,10,10,0,0,0,0,0,0
WTW170TELMED,0.0,0.0,0,0,0,0,0,0,0,0
WTW170TELSML,0.0,8.0,8,8,0,0,0,0,0,0
WTW170TELXLR,0.0,2.0,2,2,0,0,0,0,0,0
WTW170VIOLAR,0.0,1.0,1,1,0,0,0,0,0,0
WTW170VIOMED,0.0,3.0,3,3,0,0,0,0,0,0
WTW170VIOSML,0.0,3.0,3,3,0,0,0,0,0,0
WTW170VIOXLR,0.0,9.0,9,9,0,0,0,0,0,0
WTW170YLW2XL,0.0,27.0,27,23,0,4,4,2,2,0
WTW170YLWLAR,0.0,9.0,9,9,0,0,0,0,0,0
WTW170YLWMED,0.0,9.0,9,9,0,0,0,0,0,0
WTW170YLWSML,0.0,0.0,0,0,0,0,0,0,0,0
WTW170YLWXLR,0.0,10.0,10,10,0,0,0,0,0,0
WTW171CHA2XL,0.0,0.0,0,0,0,0,0,0,0,0
WTW171CHALAR,0.0,0.0,0,0,0,0,0,0,0,0
WTW171CHAMED,0.0,0.0,0,0,0,0,0,0,0,0
WTW171CHASML,0.0,8.0,8,8,0,0,0,0,0,0
WTW171CHAXLR,0.0,0.0,0,0,0,0,0,0,0,0
WTW171GFT2XL,0.0,0.0,0,0,0,0,0,0,0,0
WTW171GFTLAR,0.0,3.0,3,3,0,0,0,0,0,0
WTW171GFTMED,0.0,0.0,0,0,0,0,0,0,0,0
WTW171GFTSML,2.0,34.0,36,31,0,5,5,2,2,1
WTW171GFTXLR,0.0,2.0,2,2,0,0,0,0,0,0
WTW171LLC2XL,0.0,0.0,0,0,0,0,0,0,0,0
WTW171LLCLAR,0.0,1.0,1,1,0,0,0,0,0,0
WTW171LLCMED,0.0,7.0,7,7,0,0,0,0,0,0
WTW171LLCSML,0.0,12.0,12,12,0,0,0,0,0,0
WTW171LLCXLR,0.0,0.0,0,0,0,0,0,0,0,0
WTW171MTG2XL,0.0,0.0,0,0,0,0,0,0,0,0
WTW171MTGLAR,0.0,1.0,1,1,0,0,0,0,0,0
WTW171MTGMED,0.0,0.0,0,0,0,0,0,0,0,0
WTW171MTGSML,0.0,30.0,30,26,0,4,4,2,2,0
WTW171MTGXLR,0.0,0.0,0,0,0,0,0,0,0,0
WTW171VIO2XL,0.0,1.0,1,1,0,0,0,0,0,0
WTW171VIOLAR,0.0,1.0,1,1,0,0,0,0,0,0
WTW171VIOMED,0.0,4.0,4,4,0,0,0,0,0,0
WTW171VIOSML,3.0,21.0,24,23,0,1,1,0,0,1
WTW171VIOXLR,0.0,0.0,0,0,0,0,0,0,0,0
WTW171YLW2XL,25.0,11.0,36,36,0,0,0,0,0,0
WTW171YLWLAR,45.0,27.0,72,50,15,7,22,10,9,3
WTW171YLWMED,17.0,11.0,28,28,0,0,0,0,0,0
WTW171YLWSML,45.0,21.0,66,51,14,1,15,7,6,2
WTW171YLWXLR,23.0,11.0,34,34,0,0,0,0,0,0
WTW172CHA2XL,0.0,1.0,1,1,0,0,0,0,0,0
WTW172CHALAR,0.0,1.0,1,1,0,0,0,0,0,0
WTW172CHAMED,0.0,1.0,1,1,0,0,0,0,0,0
WTW172CHAXLR,0.0,1.0,1,1,0,0,0,0,0,0
WTW172GFT2XL,0.0,1.0,1,1,0,0,0,0,0,0
WTW172GFTMED,0.0,3.0,3,3,0,0,0,0,0,0
WTW172GFTSML,0.0,2.0,2,2,0,0,0,0,0,0
WTW172GFTXLR,0.0,2.0,2,2,0,0,0,0,0,0
WTW172LLCLAR,0.0,1.0,1,1,0,0,0,0,0,0
WTW172LLCMED,0.0,2.0,2,2,0,0,0,0,0,0
WTW172LLCSML,0.0,1.0,1,1,0,0,0,0,0,0
WTW172MTG2XL,0.0,1.0,1,1,0,0,0,0,0,0
WTW172MTGSML,0.0,2.0,2,2,0,0,0,0,0,0
WTW172MTGXLR,0.0,3.0,3,3,0,0,0,0,0,0
WTW172VIOLAR,0.0,3.0,3,3,0,0,0,0,0,0
WTW172VIOMED,0.0,1.0,1,1,0,0,0,0,0,0
WTW172VIOSML,0.0,1.0,1,1,0,0,0,0,0,0
WTW172YLW2XL,0.0,1.0,1,1,0,0,0,0,0,0
WTW172YLWMED,0.0,4.0,4,4,0,0,0,0,0,0
WTW172YLWSML,0.0,2.0,2,2,0,0,0,0,0,0
WTW178BLK2XL,0.0,9.0,9,9,0,0,0,0,0,0
WTW178BLKLAR,0.0,6.0,6,6,0,0,0,0,0,0
WTW178BLKMED,0.0,0.0,0,0,0,0,0,0,0,0
WTW178BLKSML,0.0,0.0,0,0,0,0,0,0,0,0
WTW178BLKXLR,24.0,11.0,35,35,0,0,0,0,0,0
WTW178CHA2XL,0.0,2.0,2,2,0,0,0,0,0,0
WTW178CHALAR,11.0,11.0,22,22,0,0,0,0,0,0
WTW178CHAMED,0.0,0.0,0,0,0,0,0,0,0,0
WTW178CHASML,0.0,0.0,0,0,0,0,0,0,0,0
WTW178CHAXLR,0.0,9.0,9,9,0,0,0,0,0,0
WTW178GFT2XL,0.0,3.0,3,3,0,0,0,0,0,0
WTW178GFTLAR,0.0,0.0,0,0,0,0,0,0,0,0
WTW178GFTMED,0.0,0.0,0,0,0,0,0,0,0,0
WTW178GFTSML,0.0,0.0,0,0,0,0,0,0,0,0
WTW178GFTXLR,0.0,15.0,15,15,0,0,0,0,0,0
WTW178LTG2XL,0.0,6.0,6,6,0,0,0,0,0,0
WTW178LTGLAR,5.0,10.0,15,15,0,0,0,0,0,0
WTW178LTGMED,2.0,10.0,12,12,0,0,0,0,0,0
WTW178LTGSML,0.0,0.0,0,0,0,0,0,0,0,0
WTW178LTGXLR,5.0,10.0,15,15,0,0,0,0,0,0
WTW178MTG2XL,0.0,3.0,3,3,0,0,0,0,0,0
WTW178MTGLAR,0.0,0.0,0,0,0,0,0,0,0,0
WTW178MTGMED,0.0,0.0,0,0,0,0,0,0,0,0
WTW178MTGSML,0.0,0.0,0,0,0,0,0,0,0,0
WTW178MTGXLR,0.0,15.0,15,15,0,0,0,0,0,0
WTW178YLW2XL,0.0,18.0,18,18,0,0,0,0,0,0
WTW178YLWLAR,0.0,3.0,3,3,0,0,0,0,0,0
WTW178YLWMED,0.0,0.0,0,0,0,0,0,0,0,0
WTW178YLWSML,0.0,0.0,0,0,0,0,0,0,0,0
WTW178YLWXLR,0.0,47.0,47,40,0,7,7,3,3,1
WTW183ASH2XL,0.0,1.0,1,1,0,0,0,0,0,0
WTW183ASHLAR,0.0,0.0,0,0,0,0,0,0,0,0
WTW183ASHMED,0.0,0.0,0,0,0,0,0,0,0,0
WTW183ASHSML,0.0,0.0,0,0,0,0,0,0,0,0
WTW183CFK2XL,0.0,0.0,0,0,0,0,0,0,0,0
WTW183CFKMED,0.0,0.0,0,0,0,0,0,0,0,0
WTW183CFKSML,0.0,0.0,0,0,0,0,0,0,0,0
WTW183CFKXLR,0.0,0.0,0,0,0,0,0,0,0,0
WTW183MNB2XL,0.0,0.0,0,0,0,0,0,0,0,0
WTW183MNBLAR,0.0,1.0,1,1,0,0,0,0,0,0
WTW183MNBMED,0.0,0.0,0,0,0,0,0,0,0,0
WTW183MNBSML,0.0,0.0,0,0,0,0,0,0,0,0
WTW183MNBXLR,0.0,0.0,0,0,0,0,0,0,0,0
WTW183TEL2XL,0.0,0.0,0,0,0,0,0,0,0,0
WTW183TELLAR,0.0,0.0,0,0,0,0,0,0,0,0
WTW183TELMED,0.0,0.0,0,0,0,0,0,0,0,0
WTW183TELSML,0.0,17.0,17,17,0,0,0,0,0,0
WTW183TELXLR,0.0,1.0,1,1,0,0,0,0,0,0
WTW183WLG2XL,0.0,0.0,0,0,0,0,0,0,0,0
WTW183WLGLAR,0.0,0.0,0,0,0,0,0,0,0,0
WTW183WLGMED,0.0,1.0,1,1,0,0,0,0,0,0
WTW183WLGSML,0.0,1.0,1,1,0,0,0,0,0,0
WTW183WLGXLR,0.0,0.0,0,0,0,0,0,0,0,0
WTW183YLW2XL,0.0,0.0,0,0,0,0,0,0,0,0
WTW183YLWLAR,0.0,1.0,1,1,0,0,0,0,0,0
WTW183YLWMED,0.0,0.0,0,0,0,0,0,0,0,0
WTW183YLWSML,0.0,1.0,1,1,0,0,0,0,0,0
WTW183YLWXLR,0.0,3.0,3,3,0,0,0,0,0,0
WTW185ASH2XL,0.0,4.0,4,4,0,0,0,0,0,0
WTW185ASHLAR,108.0,164.0,272,174,59,39,98,46,38,14
WTW185ASHMED,81.0,108.0,189,121,41,27,68,32,26,10
WTW185ASHSML,0.0,0.0,0,0,0,0,0,0,0,0
WTW185ASHXLR,67.0,69.0,136,87,29,20,49,23,19,7
WTW185CFK2XL,0.0,9.0,9,9,0,0,0,0,0,0
WTW185CFKLAR,142.0,148.0,290,186,62,42,104,49,40,15
WTW185CFKMED,114.0,24.0,138,104,30,4,34,16,13,5
WTW185CFKSML,5.0,16.0,21,21,0,0,0,0,0,0
WTW185CFKXLR,21.0,78.0,99,85,0,14,14,7,5,2
WTW185MNB2XL,0.0,0.0,0,0,0,0,0,0,0,0
WTW185MNBLAR,14.0,63.0,77,66,0,11,11,5,4,2
WTW185MNBMED,15.0,27.0,42,36,0,6,6,3,2,1
WTW185MNBSML,63.0,18.0,81,64,17,0,17,8,7,2
WTW185MNBXLR,0.0,9.0,9,9,0,0,0,0,0,0
WTW185TEL2XL,0.0,1.0,1,1,0,0,0,0,0,0
WTW185TELLAR,103.0,146.0,249,159,54,36,90,42,35,13
WTW185TELMED,54.0,33.0,87,56,19,12,31,15,12,4
WTW185TELSML,21.0,10.0,31,31,0,0,0,0,0,0
WTW185TELXLR,1.0,19.0,20,20,0,0,0,0,0,0
WTW185WLG2XL,0.0,19.0,19,19,0,0,0,0,0,0
WTW185WLGLAR,17.0,52.0,69,59,0,10,10,5,4,1
WTW185WLGMED,76.0,10.0,86,67,19,0,19,9,7,3
WTW185WLGSML,17.0,22.0,39,37,0,2,2,1,1,0
WTW185WLGXLR,32.0,71.0,103,86,2,15,17,8,7,2
WTW185YLW2XL,0.0,9.0,9,9,0,0,0,0,0,0
WTW185YLWLAR,12.0,60.0,72,62,0,10,10,5,4,1
WTW185YLWMED,4.0,41.0,45,39,0,6,6,3,2,1
WTW185YLWSML,8.0,29.0,37,32,0,5,5,2,2,1
WTW185YLWXLR,72.0,50.0,122,78,26,18,44,21,17,6
WTW186ASH2XL,0.0,6.0,6,6,0,0,0,0,0,0
WTW186ASHLAR,0.0,0.0,0,0,0,0,0,0,0,0
WTW186ASHMED,0.0,1.0,1,1,0,0,0,0,0,0
WTW186ASHSML,0.0,12.0,12,12,0,0,0,0,0,0
WTW186ASHXLR,0.0,0.0,0,0,0,0,0,0,0,0
WTW186CFK2XL,0.0,0.0,0,0,0,0,0,0,0,0
WTW186CFKLAR,0.0,0.0,0,0,0,0,0,0,0,0
WTW186CFKMED,0.0,0.0,0,0,0,0,0,0,0,0
WTW186CFKSML,0.0,15.0,15,15,0,0,0,0,0,0
WTW186CFKXLR,0.0,1.0,1,1,0,0,0,0,0,0
WTW186MNB2XL,0.0,0.0,0,0,0,0,0,0,0,0
WTW186MNBLAR,0.0,0.0,0,0,0,0,0,0,0,0
WTW186MNBMED,0.0,0.0,0,0,0,0,0,0,0,0
WTW186MNBSML,0.0,2.0,2,2,0,0,0,0,0,0
WTW186MNBXLR,0.0,0.0,0,0,0,0,0,0,0,0
WTW186TEL2XL,0.0,0.0,0,0,0,0,0,0,0,0
WTW186TELLAR,0.0,0.0,0,0,0,0,0,0,0,0
WTW186TELMED,0.0,0.0,0,0,0,0,0,0,0,0
WTW186TELSML,0.0,3.0,3,3,0,0,0,0,0,0
WTW186TELXLR,0.0,0.0,0,0,0,0,0,0,0,0
WTW186WLG2XL,0.0,1.0,1,1,0,0,0,0,0,0
WTW186WLGLAR,0.0,0.0,0,0,0,0,0,0,0,0
WTW186WLGMED,0.0,0.0,0,0,0,0,0,0,0,0
WTW186WLGSML,0.0,6.0,6,6,0,0,0,0,0,0
WTW186YLW2XL,0.0,3.0,3,3,0,0,0,0,0,0
WTW186YLWLAR,0.0,4.0,4,4,0,0,0,0,0,0
WTW186YLWMED,0.0,7.0,7,7,0,0,0,0,0,0
WTW186YLWSML,0.0,11.0,11,11,0,0,0,0,0,0
WTW186YLWXLR,0.0,2.0,2,2,0,0,0,0,0,0
WTW187CFK2XL,0.0,1.0,1,1,0,0,0,0,0,0
WTW187CFKLAR,0.0,0.0,0,0,0,0,0,0,0,0
WTW187CFKMED,0.0,0.0,0,0,0,0,0,0,0,0
WTW187CFKSML,0.0,0.0,0,0,0,0,0,0,0,0
WTW187CFKXLR,0.0,0.0,0,0,0,0,0,0,0,0
WTW187LTG2XL,0.0,0.0,0,0,0,0,0,0,0,0
WTW187LTGLAR,0.0,2.0,2,2,0,0,0,0,0,0
WTW187LTGMED,0.0,11.0,11,11,0,0,0,0,0,0
WTW187LTGSML,0.0,4.0,4,4,0,0,0,0,0,0
WTW187LTGXLR,0.0,0.0,0,0,0,0,0,0,0,0
WTW187MNB2XL,0.0,0.0,0,0,0,0,0,0,0,0
WTW187MNBLAR,0.0,0.0,0,0,0,0,0,0,0,0
WTW187MNBMED,0.0,4.0,4,4,0,0,0,0,0,0
WTW187MNBSML,0.0,2.0,2,2,0,0,0,0,0,0
WTW187MNBXLR,0.0,5.0,5,5,0,0,0,0,0,0
WTW187RYB2XL,0.0,0.0,0,0,0,0,0,0,0,0
WTW187RYBLAR,0.0,1.0,1,1,0,0,0,0,0,0
WTW187RYBMED,0.0,12.0,12,12,0,0,0,0,0,0
WTW187RYBSML,0.0,15.0,15,15,0,0,0,0,0,0
WTW187RYBXLR,0.0,2.0,2,2,0,0,0,0,0,0
WTW187SDL2XL,0.0,10.0,10,10,0,0,0,0,0,0
WTW187SDLLAR,0.0,0.0,0,0,0,0,0,0,0,0
WTW187SDLMED,0.0,2.0,2,2,0,0,0,0,0,0
WTW187SDLSML,0.0,0.0,0,0,0,0,0,0,0,0
WTW187SDLXLR,0.0,0.0,0,0,0,0,0,0,0,0
WTW187TEL2XL,0.0,0.0,0,0,0,0,0,0,0,0
WTW187TELLAR,0.0,0.0,0,0,0,0,0,0,0,0
WTW187TELMED,0.0,1.0,1,1,0,0,0,0,0,0
WTW187TELSML,0.0,4.0,4,4,0,0,0,0,0,0
WTW187TELXLR,0.0,1.0,1,1,0,0,0,0,0,0
WTW188BLK2XL549,21.0,38.0,59,51,0,8,8,4,3,1
WTW188BLKLAR549,8.0,33.0,41,35,0,6,6,3,2,1
WTW188BLKMED549,102.0,76.0,178,114,38,26,64,30,25,9
WTW188BLKSML549,45.0,38.0,83,56,15,12,27,13,10,4
WTW188BLKXLR549,12.0,44.0,56,48,0,8,8,4,3,1
WTW188GFT2XL549,31.0,30.0,61,51,1,9,10,5,4,1
WTW188GFTLAR549,12.0,27.0,39,33,0,6,6,3,2,1
WTW188GFTMED549,106.0,76.0,182,116,40,26,66,31,26,9
WTW188GFTSML549,39.0,38.0,77,57,9,11,20,9,8,3
WTW188GFTXLR549,52.0,45.0,97,62,21,14,35,17,14,4
WTW188LLC2XL549,21.0,29.0,50,43,0,7,7,3,3,1
WTW188LLCLAR549,5.0,27.0,32,27,0,5,5,2,2,1
WTW188LLCMED549,63.0,75.0,138,88,30,20,50,24,19,7
WTW188LLCSML549,29.0,40.0,69,59,0,10,10,5,4,1
WTW188LLCXLR549,16.0,34.0,50,43,0,7,7,3,3,1
WTW188MTG2XL549,17.0,30.0,47,40,0,7,7,3,3,1
WTW188MTGLAR549,18.0,24.0,42,38,0,4,4,2,2,0
WTW188MTGMED549,111.0,20.0,131,103,28,0,28,13,11,4
WTW188MTGSML549,35.0,38.0,73,58,5,10,15,7,6,2
WTW188MTGXLR549,9.0,11.0,20,20,0,0,0,0,0,0
WTW188OBR2XL549,22.0,34.0,56,48,0,8,8,4,3,1
WTW188OBRLAR549,17.0,31.0,48,41,0,7,7,3,3,1
WTW188OBRMED549,95.0,79.0,174,111,38,25,63,30,24,9
WTW188OBRSML549,36.0,39.0,75,58,6,11,17,8,7,2
WTW188OBRXLR549,16.0,31.0,47,40,0,7,7,3,3,1
WTW188VIO2XL549,29.0,30.0,59,51,0,8,8,4,3,1
WTW188VIOLAR549,18.0,37.0,55,47,0,8,8,4,3,1
WTW188VIOMED549,111.0,76.0,187,120,40,27,67,32,26,9
WTW188VIOSML549,38.0,42.0,80,60,8,12,20,9,8,3
WTW188VIOXLR549,11.0,37.0,48,41,0,7,7,3,3,1
WTW192BLK2XL,0.0,0.0,0,0,0,0,0,0,0,0
WTW192BLKLAR,0.0,1.0,1,1,0,0,0,0,0,0
WTW192BLKMED,0.0,17.0,17,17,0,0,0,0,0,0
WTW192BLKSML,0.0,5.0,5,5,0,0,0,0,0,0
WTW192BLKXLR,0.0,0.0,0,0,0,0,0,0,0,0
WTW192CHA2XL,0.0,4.0,4,4,0,0,0,0,0,0
WTW192CHALAR,0.0,0.0,0,0,0,0,0,0,0,0
WTW192CHAMED,0.0,1.0,1,1,0,0,0,0,0,0
WTW192CHASML,0.0,7.0,7,7,0,0,0,0,0,0
WTW192CHAXLR,0.0,0.0,0,0,0,0,0,0,0,0
WTW192GFT2XL,0.0,10.0,10,10,0,0,0,0,0,0
WTW192GFTLAR,10.0,31.0,41,35,0,6,6,3,2,1
WTW192GFTMED,30.0,33.0,63,54,0,9,9,4,4,1
WTW192GFTSML,3.0,14.0,17,17,0,0,0,0,0,0
WTW192GFTXLR,0.0,31.0,31,27,0,4,4,2,2,0
WTW192GVE2XL,0.0,5.0,5,5,0,0,0,0,0,0
WTW192GVELAR,0.0,0.0,0,0,0,0,0,0,0,0
WTW192GVEMED,0.0,0.0,0,0,0,0,0,0,0,0
WTW192GVESML,0.0,7.0,7,7,0,0,0,0,0,0
WTW192GVEXLR,0.0,0.0,0,0,0,0,0,0,0,0
WTW192LLC2XL,0.0,7.0,7,7,0,0,0,0,0,0
WTW192LLCLAR,0.0,0.0,0,0,0,0,0,0,0,0
WTW192LLCMED,0.0,3.0,3,3,0,0,0,0,0,0
WTW192LLCSML,0.0,7.0,7,7,0,0,0,0,0,0
WTW192LLCXLR,0.0,1.0,1,1,0,0,0,0,0,0
WTW192MNB2XL,0.0,5.0,5,5,0,0,0,0,0,0
WTW192MNBLAR,0.0,4.0,4,4,0,0,0,0,0,0
WTW192MNBMED,0.0,3.0,3,3,0,0,0,0,0,0
WTW192MNBSML,0.0,8.0,8,8,0,0,0,0,0,0
WTW192MNBXLR,0.0,0.0,0,0,0,0,0,0,0,0
WTW194BLK2XL499,0.0,32.0,32,27,0,5,5,2,2,1
WTW194BLKLAR499,100.0,47.0,147,94,32,21,53,25,21,7
WTW194BLKMED499,100.0,82.0,182,116,40,26,66,31,26,9
WTW194BLKSML499,100.0,40.0,140,90,30,20,50,24,19,7
WTW194BLKXLR499,0.0,99.0,99,85,0,14,14,7,5,2
WTW194BRD2XL499,0.0,33.0,33,28,0,5,5,2,2,1
WTW194BRDLAR499,100.0,48.0,148,95,32,21,53,25,21,7
WTW194BRDMED499,100.0,83.0,183,117,40,26,66,31,26,9
WTW194BRDSML499,100.0,27.0,127,92,28,7,35,17,14,4
WTW194BRDXLR499,0.0,99.0,99,85,0,14,14,7,5,2
WTW194MNB2XL499,0.0,33.0,33,28,0,5,5,2,2,1
WTW194MNBLAR499,58.0,47.0,105,67,23,15,38,18,15,5
WTW194MNBMED499,78.0,83.0,161,103,35,23,58,27,23,8
WTW194MNBSML499,78.0,28.0,106,75,23,8,31,15,12,4
WTW194MNBXLR499,58.0,47.0,105,67,23,15,38,18,15,5
WTW194MTG2XL499,0.0,33.0,33,28,0,5,5,2,2,1
WTW194MTGLAR499,60.0,50.0,110,70,24,16,40,19,16,5
WTW194MTGMED499,80.0,83.0,163,104,35,24,59,28,23,8
WTW194MTGSML499,80.0,28.0,108,77,23,8,31,15,12,4
WTW194MTGXLR499,60.0,48.0,108,69,23,16,39,18,15,6
WTW194NYB2XL499,0.0,38.0,38,32,0,6,6,3,2,1
WTW194NYBLAR499,58.0,62.0,120,77,26,17,43,20,17,6
WTW194NYBMED499,78.0,89.0,167,107,36,24,60,28,23,9
WTW194NYBSML499,78.0,34.0,112,74,24,14,38,18,15,5
WTW194NYBXLR499,58.0,60.0,118,76,25,17,42,20,16,6
WTW194YLW2XL499,0.0,38.0,38,32,0,6,6,3,2,1
WTW194YLWLAR499,60.0,60.0,120,77,26,17,43,20,17,6
WTW194YLWMED499,80.0,89.0,169,108,37,24,61,29,24,8
WTW194YLWSML499,80.0,34.0,114,75,25,14,39,18,15,6
WTW194YLWXLR499,60.0,59.0,119,76,26,17,43,20,17,6
WTW202CHA2XL,0.0,9.0,9,9,0,0,0,0,0,0
WTW202CHALAR,0.0,22.0,22,20,0,2,2,1,1,0
WTW202CHAMED,0.0,0.0,0,0,0,0,0,0,0,0
WTW202CHASML,0.0,8.0,8,8,0,0,0,0,0,0
WTW202CHAXLR,0.0,0.0,0,0,0,0,0,0,0,0
WTW202LLC2XL,0.0,12.0,12,12,0,0,0,0,0,0
WTW202LLCLAR,0.0,0.0,0,0,0,0,0,0,0,0
WTW202LLCMED,0.0,5.0,5,5,0,0,0,0,0,0
WTW202LLCSML,0.0,0.0,0,0,0,0,0,0,0,0
WTW202LLCXLR,0.0,21.0,21,20,0,1,1,0,0,1
WTW202MTG2XL,14.0,20.0,34,34,0,0,0,0,0,0
WTW202MTGLAR,0.0,1.0,1,1,0,0,0,0,0,0
WTW202MTGMED,0.0,5.0,5,5,0,0,0,0,0,0
WTW202MTGSML,0.0,6.0,6,6,0,0,0,0,0,0
WTW202MTGXLR,0.0,0.0,0,0,0,0,0,0,0,0
WTW202TEL2XL,30.0,21.0,51,50,0,1,1,0,0,1
WTW202TELLAR,0.0,1.0,1,1,0,0,0,0,0,0
WTW202TELMED,18.0,14.0,32,32,0,0,0,0,0,0
WTW202TELSML,3.0,18.0,21,21,0,0,0,0,0,0
WTW202TELXLR,0.0,1.0,1,1,0,0,0,0,0,0
WTW202VIO2XL,0.0,44.0,44,38,0,6,6,3,2,1
WTW202VIOMED,0.0,6.0,6,6,0,0,0,0,0,0
WTW202VIOSML,0.0,2.0,2,2,0,0,0,0,0,0
WTW202VIOXLR,0.0,1.0,1,1,0,0,0,0,0,0
WTW202YLW2XL,24.0,11.0,35,35,0,0,0,0,0,0
WTW202YLWLAR,3.0,29.0,32,27,0,5,5,2,2,1
WTW202YLWSML,6.0,11.0,17,17,0,0,0,0,0,0
WTW202YLWXLR,0.0,3.0,3,3,0,0,0,0,0,0
WTW209BLE2XL749,10.0,19.0,29,29,0,0,0,0,0,0
WTW209BLELAR749,53.0,42.0,95,61,20,14,34,16,13,5
WTW209BLEMED749,106.0,44.0,150,96,32,22,54,26,21,7
WTW209BLESML749,37.0,18.0,55,48,7,0,7,3,3,1
WTW209BLEXLR749,66.0,37.0,103,66,22,15,37,17,14,6
WTW209BLK2XL749,46.0,58.0,104,73,16,15,31,15,12,4
WTW209BLKLAR749,161.0,159.0,320,205,69,46,115,54,45,16
WTW209BLKMED749,238.0,169.0,407,260,88,59,147,69,57,21
WTW209BLKSML749,108.0,74.0,182,116,40,26,66,31,26,9
WTW209BLKXLR749,199.0,159.0,358,229,77,52,129,61,50,18
WTW209BOE2XL749,1.0,13.0,14,14,0,0,0,0,0,0
WTW209BOELAR749,18.0,22.0,40,38,0,2,2,1,1,0
WTW209BOEMED749,44.0,54.0,98,70,14,14,28,13,11,4
WTW209BOESML749,5.0,27.0,32,27,0,5,5,2,2,1
WTW209BOEXLR749,4.0,48.0,52,44,0,8,8,4,3,1
WTW209GFT2XL749,1.0,13.0,14,14,0,0,0,0,0,0
WTW209GFTLAR749,5.0,22.0,27,25,0,2,2,1,1,0
WTW209GFTMED749,36.0,59.0,95,75,6,14,20,9,8,3
WTW209GFTSML749,7.0,27.0,34,29,0,5,5,2,2,1
WTW209GFTXLR749,13.0,48.0,61,52,0,9,9,4,4,1
WTW209OGY2XL749,2.0,28.0,30,26,0,4,4,2,2,0
WTW209OGYLAR749,26.0,51.0,77,66,0,11,11,5,4,2
WTW209OGYMED749,74.0,56.0,130,83,28,19,47,22,18,7
WTW209OGYSML749,23.0,30.0,53,45,0,8,8,4,3,1
WTW209OGYXLR749,48.0,53.0,101,69,18,14,32,15,12,5
WTW211ASH2XL749,0.0,0.0,0,0,0,0,0,0,0,0
WTW211ASHLAR749,0.0,0.0,0,0,0,0,0,0,0,0
WTW211ASHMED749,84.0,36.0,120,78,26,16,42,20,16,6
WTW211ASHSML749,63.0,27.0,90,64,19,7,26,12,10,4
WTW211ASHXLR749,34.0,14.0,48,44,4,0,4,2,2,0
WTW211BLE2XL749,34.0,14.0,48,44,4,0,4,2,2,0
WTW211BLELAR749,7.0,17.0,24,24,0,0,0,0,0,0
WTW211BLEMED749,0.0,0.0,0,0,0,0,0,0,0,0
WTW211BLESML749,3.0,15.0,18,18,0,0,0,0,0,0
WTW211BLEXLR749,34.0,14.0,48,44,4,0,4,2,2,0
WTW211BOE2XL749,0.0,0.0,0,0,0,0,0,0,0,0
WTW211BOELAR749,0.0,0.0,0,0,0,0,0,0,0,0
WTW211BOEMED749,0.0,24.0,24,20,0,4,4,2,2,0
WTW211BOESML749,0.0,0.0,0,0,0,0,0,0,0,0
WTW211BOEXLR749,0.0,0.0,0,0,0,0,0,0,0,0
WTW211GFT2XL749,29.0,13.0,42,42,0,0,0,0,0,0
WTW211GFTLAR749,34.0,14.0,48,44,4,0,4,2,2,0
WTW211GFTMED749,7.0,17.0,24,24,0,0,0,0,0,0
WTW211GFTSML749,29.0,13.0,42,42,0,0,0,0,0,0
WTW211GFTXLR749,34.0,14.0,48,44,4,0,4,2,2,0
WTW211MTG2XL749,7.0,17.0,24,24,0,0,0,0,0,0
WTW211MTGLAR749,0.0,0.0,0,0,0,0,0,0,0,0
WTW211MTGMED749,34.0,14.0,48,44,4,0,4,2,2,0
WTW211MTGSML749,29.0,13.0,42,42,0,0,0,0,0,0
WTW211MTGXLR749,7.0,17.0,24,24,0,0,0,0,0,0
WTW211OGY2XL749,0.0,0.0,0,0,0,0,0,0,0,0
WTW211OGYLAR749,0.0,0.0,0,0,0,0,0,0,0,0
WTW211OGYMED749,0.0,0.0,0,0,0,0,0,0,0,0
WTW211OGYSML749,0.0,18.0,18,18,0,0,0,0,0,0
WTW211OGYXLR749,0.0,0.0,0,0,0,0,0,0,0,0
WTWL19BLK2XL699,187.0,159.0,346,221,75,50,125,59,49,17
WTWL19BLKLAR699,315.0,479.0,794,508,172,114,286,135,111,40
WTWL19BLKMED699,350.0,571.0,921,589,199,133,332,157,129,46
WTWL19BLKSML699,204.0,198.0,402,257,87,58,145,68,56,21
WTWL19BLKXLR699,314.0,491.0,805,515,174,116,290,137,113,40
WTWL19BTE2XL699,53.0,50.0,103,66,22,15,37,17,14,6
WTWL19BTELAR699,121.0,185.0,306,196,66,44,110,52,43,15
WTWL19BTEMED699,154.0,197.0,351,225,76,50,126,60,49,17
WTWL19BTESML699,68.0,88.0,156,100,34,22,56,26,22,8
WTWL19BTEXLR699,120.0,193.0,313,200,68,45,113,53,44,16
WTWL19GFT2XL699,40.0,52.0,92,69,10,13,23,11,9,3
WTWL19GFTLAR699,95.0,189.0,284,182,61,41,102,48,40,14
WTWL19GFTMED699,140.0,200.0,340,218,73,49,122,58,47,17
WTWL19GFTSML699,55.0,90.0,145,99,25,21,46,22,18,6
WTWL19GFTXLR699,94.0,193.0,287,184,62,41,103,49,40,14
WTWL19NVY2XL699,47.0,38.0,85,56,17,12,29,14,11,4
WTWL19NVYLAR699,156.0,130.0,286,183,62,41,103,49,40,14
WTWL19NVYMED699,198.0,159.0,357,228,77,52,129,61,50,18
WTWL19NVYSML699,59.0,95.0,154,103,29,22,51,24,20,7
WTWL19NVYXLR699,155.0,154.0,309,198,67,44,111,52,43,16
WTWL19WLG2XL699,51.0,66.0,117,79,21,17,38,18,15,5
WTWL19WLGLAR699,161.0,159.0,320,205,69,46,115,54,45,16
WTWL19WLGMED699,202.0,174.0,376,241,81,54,135,64,52,19
WTWL19WLGSML699,60.0,98.0,158,105,30,23,53,25,21,7
WTWL19WLGXLR699,161.0,167.0,328,210,71,47,118,56,46,16
WTWM10BLB2XL,0.0,0.0,0,0,0,0,0,0,0,0
WTWM10BLBLAR,0.0,0.0,0,0,0,0,0,0,0,0
WTWM10BLBMED,0.0,0.0,0,0,0,0,0,0,0,0
WTWM10BLBSML,0.0,0.0,0,0,0,0,0,0,0,0
WTWM10BLBXLR,0.0,3.0,3,3,0,0,0,0,0,0
WTWM10BLI2XL,0.0,0.0,0,0,0,0,0,0,0,0
WTWM10BLILAR,0.0,2.0,2,2,0,0,0,0,0,0
WTWM10BLIMED,0.0,0.0,0,0,0,0,0,0,0,0
WTWM10BLISML,0.0,0.0,0,0,0,0,0,0,0,0
WTWM10BLIXLR,0.0,1.0,1,1,0,0,0,0,0,0
WTWM10BLL2XL,0.0,0.0,0,0,0,0,0,0,0,0
WTWM10BLLLAR,0.0,0.0,0,0,0,0,0,0,0,0
WTWM10BLLMED,0.0,0.0,0,0,0,0,0,0,0,0
WTWM10BTE2XL,0.0,0.0,0,0,0,0,0,0,0,0
WTWM10BTELAR,0.0,16.0,16,16,0,0,0,0,0,0
WTWM10BTEMED,0.0,0.0,0,0,0,0,0,0,0,0
WTWM10BTEXLR,0.0,3.0,3,3,0,0,0,0,0,0
WTWM10LDN2XL,0.0,1.0,1,1,0,0,0,0,0,0
WTWM10LDNLAR,0.0,0.0,0,0,0,0,0,0,0,0
WTWM10LDNMED,0.0,0.0,0,0,0,0,0,0,0,0
WTWM10LDNXLR,0.0,2.0,2,2,0,0,0,0,0,0
WTWM10LRG2XL,0.0,13.0,13,13,0,0,0,0,0,0
WTWM10LRGLAR,0.0,7.0,7,7,0,0,0,0,0,0
WTWM10LRGMED,0.0,0.0,0,0,0,0,0,0,0,0
WTWM10LRGXLR,0.0,0.0,0,0,0,0,0,0,0,0
WTWM10MNB2XL,0.0,13.0,13,13,0,0,0,0,0,0
WTWM10MNBLAR,7.0,18.0,25,25,0,0,0,0,0,0
WTWM10MNBMED,0.0,13.0,13,13,0,0,0,0,0,0
WTWM10MNBXLR,0.0,4.0,4,4,0,0,0,0,0,0
WTWM11ARA2XL,0.0,11.0,11,11,0,0,0,0,0,0
WTWM11ARALAR,0.0,9.0,9,9,0,0,0,0,0,0
WTWM11ARAMED,0.0,3.0,3,3,0,0,0,0,0,0
WTWM11ARAXLR,0.0,8.0,8,8,0,0,0,0,0,0
WTWM11BLEX2XL,0.0,21.0,21,20,0,1,1,0,0,1
WTWM11BLEXLAR,0.0,12.0,12,12,0,0,0,0,0,0
WTWM11BLEXMED,0.0,6.0,6,6,0,0,0,0,0,0
WTWM11BLEXXLR,0.0,12.0,12,12,0,0,0,0,0,0
WTWM11BLGR2XL,0.0,16.0,16,16,0,0,0,0,0,0
WTWM11BLGRLAR,4.0,13.0,17,17,0,0,0,0,0,0
WTWM11BLGRMED,0.0,7.0,7,7,0,0,0,0,0,0
WTWM11BLGRXLR,4.0,13.0,17,17,0,0,0,0,0,0
WTWM11LLC2XL,2.0,12.0,14,14,0,0,0,0,0,0
WTWM11LLCLAR,6.0,11.0,17,17,0,0,0,0,0,0
WTWM11LLCMED,0.0,0.0,0,0,0,0,0,0,0,0
WTWM11LLCXLR,3.0,11.0,14,14,0,0,0,0,0,0
WTWM11MUE2XL,0.0,14.0,14,14,0,0,0,0,0,0
WTWM11MUELAR,0.0,4.0,4,4,0,0,0,0,0,0
WTWM11MUEMED,0.0,11.0,11,11,0,0,0,0,0,0
WTWM11MUEXLR,0.0,10.0,10,10,0,0,0,0,0,0
WTWM11SRT2XL,0.0,8.0,8,8,0,0,0,0,0,0
WTWM11SRTLAR,0.0,6.0,6,6,0,0,0,0,0,0
WTWM11SRTMED,0.0,2.0,2,2,0,0,0,0,0,0
WTWM11SRTXLR,0.0,9.0,9,9,0,0,0,0,0,0
WTWM15BLK2XL,0.0,9.0,9,9,0,0,0,0,0,0
WTWM15BLKLAR,14.0,11.0,25,25,0,0,0,0,0,0
WTWM15BLKMED,0.0,0.0,0,0,0,0,0,0,0,0
WTWM15BLKSML,0.0,1.0,1,1,0,0,0,0,0,0
WTWM15BLKXLR,3.0,17.0,20,20,0,0,0,0,0,0
WTWM15DPK2XL,0.0,7.0,7,7,0,0,0,0,0,0
WTWM15DPKLAR,0.0,1.0,1,1,0,0,0,0,0,0
WTWM15DPKMED,0.0,1.0,1,1,0,0,0,0,0,0
WTWM15DPKSML,0.0,6.0,6,6,0,0,0,0,0,0
WTWM15DPKXLR,0.0,10.0,10,10,0,0,0,0,0,0
WTWM15HTR2XL,0.0,7.0,7,7,0,0,0,0,0,0
WTWM15HTRLAR,0.0,12.0,12,12,0,0,0,0,0,0
WTWM15HTRMED,0.0,2.0,2,2,0,0,0,0,0,0
WTWM15HTRSML,0.0,2.0,2,2,0,0,0,0,0,0
WTWM15HTRXLR,0.0,10.0,10,10,0,0,0,0,0,0
WTWM15OFW2XL,0.0,10.0,10,10,0,0,0,0,0,0
WTWM15OFWLAR,0.0,6.0,6,6,0,0,0,0,0,0
WTWM15OFWMED,0.0,4.0,4,4,0,0,0,0,0,0
WTWM15OFWSML,0.0,8.0,8,8,0,0,0,0,0,0
WTWM15OFWXLR,0.0,4.0,4,4,0,0,0,0,0,0
WTWM15TRN2XL,0.0,12.0,12,12,0,0,0,0,0,0
WTWM15TRNLAR,0.0,13.0,13,13,0,0,0,0,0,0
WTWM15TRNMED,0.0,1.0,1,1,0,0,0,0,0,0
WTWM15TRNSML,0.0,2.0,2,2,0,0,0,0,0,0
WTWM15TRNXLR,0.0,2.0,2,2,0,0,0,0,0,0
WVW157BLK2XL,0.0,0.0,0,0,0,0,0,0,0,0
WVW157BLKLAR,0.0,0.0,0,0,0,0,0,0,0,0
WVW157BLKXLR,0.0,0.0,0,0,0,0,0,0,0,0
WVW157HBE2XL,0.0,5.0,5,5,0,0,0,0,0,0
WVW157HBELAR,0.0,0.0,0,0,0,0,0,0,0,0
WVW157HBEMED,0.0,0.0,0,0,0,0,0,0,0,0
WVW157HBESML,0.0,0.0,0,0,0,0,0,0,0,0
WVW157HTR2XL,0.0,5.0,5,5,0,0,0,0,0,0
WVW157HTRLAR,0.0,0.0,0,0,0,0,0,0,0,0
WVW157HTRMED,0.0,0.0,0,0,0,0,0,0,0,0
WVW157OBR2XL,0.0,4.0,4,4,0,0,0,0,0,0
WVW157OBRMED,0.0,0.0,0,0,0,0,0,0,0,0
WVW157OBRXLR,0.0,0.0,0,0,0,0,0,0,0,0
WVW157SDL2XL,0.0,0.0,0,0,0,0,0,0,0,0
WVW157SDLLAR,0.0,0.0,0,0,0,0,0,0,0,0
WVW157SDLMED,0.0,0.0,0,0,0,0,0,0,0,0
WVW157SDLSML,0.0,0.0,0,0,0,0,0,0,0,0
WVW157SDLXLR,0.0,8.0,8,8,0,0,0,0,0,0
WVW157TRN2XL,0.0,1.0,1,1,0,0,0,0,0,0
WVW157TRNLAR,0.0,1.0,1,1,0,0,0,0,0,0
WVW157TRNSML,0.0,0.0,0,0,0,0,0,0,0,0
WVW157TRNXLR,0.0,1.0,1,1,0,0,0,0,0,0
